file,class,source,group_id,split,subtype,colormap
datasets/waterfall/2ASK/136d950f6b03f904c9f792c8e3b8e69d4858aacbb809bfda89f70a9e8db77b29.png,2ASK,synthetic,2ASK-44108-0-1,test,2ASK,Classic Green
datasets/waterfall/2ASK/d3057ec200ba9490f95f849705cd10626c58b92d425c6de36cb3b21502ab5441.png,2ASK,synthetic,2ASK-87305-0-0,test,2ASK,Classic
datasets/waterfall/2ASK/0c321e3c13066cd1c9e5878bcb5867a5fad6844d169bd272b540e3793c8ed981.png,2ASK,synthetic,2ASK-73312-0-2,test,2ASK,Classic
datasets/waterfall/2ASK/196e876f1ad8dd68abe1c49dd96177f3dcc784ad5540e33f0c12dbe08a908aba.png,2ASK,synthetic,2ASK-87303-0-2,test,2ASK,Classic
datasets/waterfall/2ASK/95735feafaea33a80d944c80396ba5c9c963bccb52ebeca0007f7b37d36fdaee.png,2ASK,synthetic,2ASK-94729-0-1,test,2ASK,Classic
datasets/waterfall/2ASK/a1c9edd1a0d8af775a925b7d260ec5ee3850e5b2b571d2159caaaee5c95a0410.png,2ASK,synthetic,2ASK-94731-0-1,test,2ASK,Classic
datasets/waterfall/2ASK/d32d6647d5ecf76ba6e25b2f84ae018ac9300b6c513a4724e9085033a3889334.png,2ASK,synthetic,2ASK-44110-0-1,test,2ASK,GQRX
datasets/waterfall/2ASK/11745c7efe871b818d3c0ea868968f10b7d2ad88bd503656840ef0be9a850b74.png,2ASK,synthetic,2ASK-80172-0-1,test,2ASK,Classic
datasets/waterfall/2ASK/acf35f6905bc4818cbc8615e61933c8e14c1ed84a70641fec0697ea8e35c98f7.png,2ASK,synthetic,2ASK-61881-0-0,test,2ASK,Classic
datasets/waterfall/2ASK/afcbb54cb8d64934dd6d71aa3baf5e028ad8de2541c09589ff3060052dd3d817.png,2ASK,synthetic,2ASK-44110-0-2,test,2ASK,GQRX
datasets/waterfall/2ASK/59fa8fb28d5947cdb3b434ddfee8720316917835ec364ef920e29490235ffd67.png,2ASK,synthetic,2ASK-44107-0-2,test,2ASK,WebSDR
datasets/waterfall/2ASK/e3be5eea9c45fef5a6d040a9a34350ede9f7701ae7886eab87a724f34bb35b9a.png,2ASK,synthetic,2ASK-94237-0-2,test,2ASK,Classic
datasets/waterfall/2ASK/5859a49a0fc683d5ba5ff50161112e6b19eb7efca82ba75f7d95fbbba2295e9e.png,2ASK,synthetic,2ASK-66417-0-2,test,2ASK,Classic
datasets/waterfall/2ASK/75c387c64551d80fbaa7772d52f134228468396c58b6795299c4bfc522900c76.png,2ASK,synthetic,2ASK-1667-0-0,test,2ASK,Classic
datasets/waterfall/2ASK/b2c83aff730d2935923b6ec24941b5072f253d9c50308e7b88bf0029d02e366e.png,2ASK,synthetic,2ASK-73311-0-0,test,2ASK,Classic
datasets/waterfall/2ASK/691c968a5ce1540b23f440f949a930e90279373599dbe4b75fadc6e7f58b4407.png,2ASK,synthetic,2ASK-83463-0-1,test,2ASK,Classic
datasets/waterfall/2ASK/e293140c7974321d1585d4816783c46a3c6191ebfbce611bfed26a479451b9d2.png,2ASK,synthetic,2ASK-62774-0-0,test,2ASK,Classic
datasets/waterfall/2ASK/829682df41ca1157ba4fc7c647aa4e6f6822855cd3296f4d399579d19cacec8d.png,2ASK,synthetic,2ASK-1670-0-2,test,2ASK,Classic
datasets/waterfall/2ASK/4c93396701eaa559fdb27e2735a2975e548928b39301c861d68256f92c111e48.png,2ASK,synthetic,2ASK-66417-0-0,test,2ASK,Classic
datasets/waterfall/2ASK/f880b5e8b479a55805e5f50ca83dd035ecbc618048d450068bbf12aa1ca19798.png,2ASK,synthetic,2ASK-44109-0-0,test,2ASK,Electric
datasets/waterfall/2ASK/6713fcdbc508e86064cdee68a0300cfdf20ef168e75ec96a079516b810a694fa.png,2ASK,synthetic,2ASK-87305-0-2,test,2ASK,Classic
datasets/waterfall/2ASK/13fffff1a71e2ff3da6cacc22f67e5c663b4d081055f05e8293d224c82c60619.png,2ASK,synthetic,2ASK-50344-0-1,test,2ASK,Turbo
datasets/waterfall/2ASK/8b4bc7d35f43cd19297c3a29021be1fd0791c43c1c7097d871a5b0b952cab301.png,2ASK,synthetic,2ASK-94237-0-0,test,2ASK,Classic
datasets/waterfall/2ASK/0f9c5b221999b6200cbc3c6fe513d7d482fc92c7a9eef639712c3ae08fe66f55.png,2ASK,synthetic,2ASK-1669-0-2,test,2ASK,Classic
datasets/waterfall/2ASK/75f03ec8634a56a597effb39ee1d3f86f2afa86c02f61ac76dd1df01ba13779b.png,2ASK,synthetic,2ASK-83464-0-1,test,2ASK,Classic
datasets/waterfall/2ASK/fdd9efe53210d49a47851f3d3aee7794f61eeb35238b110c4abfeaa5037c4304.png,2ASK,synthetic,2ASK-80172-0-2,test,2ASK,Classic
datasets/waterfall/2ASK/36b9e95727802de781e4ded4e5fe99274d861d9e912b5d469cc3eb38c432c10f.png,2ASK,synthetic,2ASK-87303-0-0,val,2ASK,Classic
datasets/waterfall/2ASK/f3405c30a0e2e9eb63b7d2a624d90dc95830769e8262de43a28fa7672fdaefac.png,2ASK,synthetic,2ASK-1670-0-0,val,2ASK,Classic
datasets/waterfall/2ASK/292f79955a260cff50ed5cbe6dbdae3b4187608f6f02f61f97db7b583a960a6f.png,2ASK,synthetic,2ASK-94730-0-1,val,2ASK,Classic
datasets/waterfall/2ASK/66a861d3f3f0b00ea93bd93c2e7556abe48949765ffa0a0e4da9c345bf611c6f.png,2ASK,synthetic,2ASK-1669-0-1,val,2ASK,Classic
datasets/waterfall/2ASK/84bb8ac70eec508cdced0845ab9781ab92e9e1c7f5d0850fdf5080ef8df45854.png,2ASK,synthetic,2ASK-1669-0-2,val,2ASK,Classic
datasets/waterfall/2ASK/18fc3a26ead1ab2ad003cc93abb137a15e50305c91a007dc2c686549d14da569.png,2ASK,synthetic,2ASK-1668-0-0,val,2ASK,Classic
datasets/waterfall/2ASK/2a3de2452e6181e1056ffa46c2e3e24b717f3c51d0f0cc940e79c8a42335c0f6.png,2ASK,synthetic,2ASK-87305-0-1,val,2ASK,Classic
datasets/waterfall/2ASK/c04b499810ffba042f071ba2783d3425615e3827a43eb8c59fedcfd72dca7023.png,2ASK,synthetic,2ASK-66418-0-0,val,2ASK,Classic
datasets/waterfall/2ASK/9f7974b7142e8313c58805c7f8e517616dd3fc95695637b5c52e4857d9dc3e0f.png,2ASK,synthetic,2ASK-87303-0-1,val,2ASK,Classic
datasets/waterfall/2ASK/13fc533e340b78259a86b4f25f71f16ae93f011a7b4521fa46cbae24cbbe2c31.png,2ASK,synthetic,2ASK-1669-0-1,val,2ASK,Classic
datasets/waterfall/2ASK/7f30f13a8b729d94dff3c09e5180f31e5e087c857522383e0ad0d1e5a76e9462.png,2ASK,synthetic,2ASK-1669-0-0,val,2ASK,Classic
datasets/waterfall/2ASK/b53e255623e998541440680d5f3c37bd4b33a403da59db459ecb9e2755225099.png,2ASK,synthetic,2ASK-63752-0-0,val,2ASK,Classic
datasets/waterfall/2ASK/ad17b923817b4d52a4f5df964f43a7bfa50023a880b8b13d773b0e610bf6a43d.png,2ASK,synthetic,2ASK-94731-0-1,val,2ASK,Classic
datasets/waterfall/2ASK/674218386afc1854eeb7fe285cbb389ac28bd5fa73b8b577dba6c8cb76dcfeed.png,2ASK,synthetic,2ASK-1667-0-2,val,2ASK,Classic
datasets/waterfall/2ASK/a68e766bbd3d78eb97784d6fc809bfb8791f68995914cc20f4f00a1615748de8.png,2ASK,real-old,legacy-2ASK-40x24,val,,
datasets/waterfall/2ASK/451c14362e8a4952cea1dbe78b98da4051f5edbcc33554aef3e7d8bc4c08ebbc.png,2ASK,synthetic,2ASK-62774-0-1,val,2ASK,Classic
datasets/waterfall/2ASK/875db84e9bfdb68d5f631871ab4f69befd9390a76ac50c5424d07486e1ed4aa8.png,2ASK,synthetic,2ASK-87305-0-1,val,2ASK,Classic
datasets/waterfall/2ASK/67e1604318ed58a8b73b7b24f9daf4472631a279f2638d7d6423f59b4644b7da.png,2ASK,synthetic,2ASK-94729-0-0,val,2ASK,Classic
datasets/waterfall/2ASK/aef6619f92653071c9b3d66a96cf638cf5e0c8e79ae9e5a8a01b71ab9e5265d2.png,2ASK,synthetic,2ASK-87305-0-0,val,2ASK,Classic
datasets/waterfall/2ASK/6d0275ba1513ad3ad7da54d3857d411f9b1c0b7bd45f4fb86cd5c29518034032.png,2ASK,synthetic,2ASK-1667-0-1,val,2ASK,Classic
datasets/waterfall/2ASK/9da38b557579a8afe5abbd6abbbc6507b87b250774db77240396e458789f364b.png,2ASK,synthetic,2ASK-80172-0-2,val,2ASK,Classic
datasets/waterfall/2ASK/9041b75a926532227026f5ede04c3eded6baadf0bc9344d675152cca7d8c9640.png,2ASK,synthetic,2ASK-50344-0-0,val,2ASK,Turbo
datasets/waterfall/2ASK/171e982a28cf1567601bde647d04bc622cb2940d8d3f5b0153571852974d07c7.png,2ASK,synthetic,2ASK-66418-0-1,val,2ASK,Classic
datasets/waterfall/2ASK/49e1bbf9fe9a2a478695807decabfc53b129bc9fc49f7b386dfa67f3befb7592.png,2ASK,synthetic,2ASK-73310-0-2,val,2ASK,Classic
datasets/waterfall/2ASK/d3c0586d180398ba8d337d60b072eb27ec05543bc85623c493437117daa73421.png,2ASK,real-old,legacy-2ASK-46x24,val,,
datasets/waterfall/2ASK/1aac1b90da0a872e7aa5f4838484505eba013c4ac74bb0192d97ec50bb2d1a50.png,2ASK,synthetic,2ASK-94728-0-0,val,2ASK,Classic
datasets/waterfall/2ASK/f04ff94c795c7b3895e3ebb6cbe6fcc69bf7765e9bcc6c5ffdf60cb50b7ea21b.png,2ASK,real-old,legacy-2ASK-20x24,train,,
datasets/waterfall/2ASK/69efedaa7a040e3e86ff7200d00474b103ae96703e8d57a43a3c93d5f544735b.png,2ASK,synthetic,2ASK-50343-0-1,train,2ASK,Temper Colors
datasets/waterfall/2ASK/7705fe5ee79e1e240a0d94df435e6df799a3fbcced5c7aa60fd29edf9e0c33f2.png,2ASK,synthetic,2ASK-1670-0-0,train,2ASK,Classic
datasets/waterfall/2ASK/ae4db4b49288b97106bfae7445c2349e44b566bcee87c58fd50b8295a695dd54.png,2ASK,synthetic,2ASK-1669-0-0,train,2ASK,Classic
datasets/waterfall/2ASK/7cf89d2efed8c81878a00d432c218e4db83f748dd46c78b548fc4bd2a643ed4f.png,2ASK,synthetic,2ASK-50343-0-0,train,2ASK,Temper Colors
datasets/waterfall/2ASK/1111030245c1695a64c3afa19cd5e6f9ce0e67105d628c96f76604bc3b0670df.png,2ASK,synthetic,2ASK-62774-0-0,train,2ASK,Classic
datasets/waterfall/2ASK/d6c5d40f953ef6bb722184b179c0c7543279ead0d940874b8963778b6bf9f4b4.png,2ASK,synthetic,2ASK-1668-0-1,train,2ASK,Classic
datasets/waterfall/2ASK/f4da64645de945742c4bdd82a2d103fd5e151ee28a4a965f317c595ed80aabb3.png,2ASK,synthetic,2ASK-66417-0-1,train,2ASK,Classic
datasets/waterfall/2ASK/447a5b4d3736dfa24fffe1fe7e938f50c5ccccc814e6184e31b3fcedfaf47d63.png,2ASK,synthetic,2ASK-73310-0-0,train,2ASK,Classic
datasets/waterfall/2ASK/a3d8f407da4a49884754a1d82b0f26ab633a7584cd707cd8e6e4190b9bfd50ae.png,2ASK,synthetic,2ASK-66417-0-0,train,2ASK,Classic
datasets/waterfall/2ASK/db12eebbe55a0081d723b74fc9843a2a908eb753e6b0aa799c7b46d7db46e211.png,2ASK,synthetic,2ASK-73310-0-2,train,2ASK,Classic
datasets/waterfall/2ASK/92207a3daafcecec69e1a455e3c2f315ba17ffef6be37ee43dd03a0db5f27044.png,2ASK,synthetic,2ASK-1668-0-2,train,2ASK,Classic
datasets/waterfall/2ASK/568dcd640bbf3ae5fe14298d33861412ec8740234d4feaa3c424c734075dc8d9.png,2ASK,synthetic,2ASK-94728-0-2,train,2ASK,Classic
datasets/waterfall/2ASK/7bb842849b7e74e4bbcb2f1792d1c4477e37ab6623ac0c8705540476cd1710fc.png,2ASK,synthetic,2ASK-44107-0-1,train,2ASK,WebSDR
datasets/waterfall/2ASK/c7e65dfc0add576ad5b573cb5d7235f15ee126bb4917af1212298ed691940b8d.png,2ASK,synthetic,2ASK-65435-0-0,train,2ASK,Classic
datasets/waterfall/2ASK/0499e61f1444fc0ae9d6d516b03347df29c5d18798eef2daf3004e7cc2a964f5.png,2ASK,synthetic,2ASK-1668-0-0,train,2ASK,Classic
datasets/waterfall/2ASK/dd5bbdd23e732972aa7c904dbb15ed7e55f6485526e297aaff18cd2c0ee568d4.png,2ASK,synthetic,2ASK-83463-0-0,train,2ASK,Classic
datasets/waterfall/2ASK/328bed644edfbb192bc45b04a3e71d236e089a05248a41083fb1250e6f7c12fe.png,2ASK,synthetic,2ASK-66417-0-1,train,2ASK,Classic
datasets/waterfall/2ASK/b25877465a7904a6a5518d044f5113d147ce3aee3cba3a957bf9a829b3066e8c.png,2ASK,synthetic,2ASK-73310-0-1,train,2ASK,Classic
datasets/waterfall/2ASK/2643fcf80980f0b36465516bdae8b250de32c8f01edbe099cf6d9cbb48825ef1.png,2ASK,synthetic,2ASK-94237-0-1,train,2ASK,Classic
datasets/waterfall/2ASK/1d6e74742efa44876b2b5ebeedc766622eab355f34faaa957a39972b3891f5d2.png,2ASK,synthetic,2ASK-63752-0-2,train,2ASK,Classic
datasets/waterfall/2ASK/0074f03b56f50b5f128af826b56a82070eebf51c21395010cf07cbe51ff600fb.png,2ASK,synthetic,2ASK-61881-0-2,train,2ASK,Classic
datasets/waterfall/2ASK/455da55bf0ff4630576d82243eb21fcbcebc88f80cd2297642ea533d0647ef30.png,2ASK,synthetic,2ASK-66416-0-2,train,2ASK,Classic
datasets/waterfall/2ASK/dd9da6d7de4720dab6e3276f7385b23759b9d64d2bd81fce57e7f179ae3cfed4.png,2ASK,synthetic,2ASK-83463-0-1,train,2ASK,Classic
datasets/waterfall/2ASK/2b46d6dd911e64c0f49e9cb732ed0ab663f2250e5f5664ad136498a159a8adeb.png,2ASK,synthetic,2ASK-65771-0-1,train,2ASK,Classic
datasets/waterfall/2ASK/b388a22c1e0f5bf3dbecad8cbea9da094c9c227415e3f28732fd32ce597e50fc.png,2ASK,synthetic,2ASK-44111-0-1,train,2ASK,Grey Scale
datasets/waterfall/2ASK/773a775edb4d70a9cb9db2e2cb5857a96c0080f69b5cc0231d6ecb8151d40c87.png,2ASK,synthetic,2ASK-94237-0-1,train,2ASK,Classic
datasets/waterfall/2ASK/794952366473175694cc68cd4e7888d81cf9bcb93c4ee0a54f55ca238b1c4548.png,2ASK,synthetic,2ASK-65771-0-0,train,2ASK,Classic
datasets/waterfall/2ASK/56b8e4858e3c72b9cd8535cde1075fa3a4532f527674a282481dfc7e682acf2c.png,2ASK,synthetic,2ASK-66418-0-0,train,2ASK,Classic
datasets/waterfall/2ASK/524b1e3114ce36a6387ca8daaa22856552e349023e8ab20f7d57aa6cea2c306c.png,2ASK,synthetic,2ASK-94728-0-1,train,2ASK,Classic
datasets/waterfall/2ASK/5b7ba591bc795b6bdb24f75c9bd6c0cd0888b5a027076bd52d8c74ee36695bd2.png,2ASK,synthetic,2ASK-61881-0-2,train,2ASK,Classic
datasets/waterfall/2ASK/9af6630b96d9a9c5c5c5b23457a777b050cc21fb46c5509558256ed67f43c283.png,2ASK,synthetic,2ASK-66417-0-2,train,2ASK,Classic
datasets/waterfall/2ASK/05c3e54261ca17fc57d3077ec1b38047d8d26a681afc77ddd75732e17274ef10.png,2ASK,synthetic,2ASK-44107-0-0,train,2ASK,WebSDR
datasets/waterfall/2ASK/492d57948bf9fd684fdb4364809e4e52563c1957ad2c8dc830535f41da234f91.png,2ASK,synthetic,2ASK-66418-0-2,train,2ASK,Classic
datasets/waterfall/2ASK/aec53c41775290c4219a65f38ec4460da41a02d260e7a25334099fd425d141a1.png,2ASK,synthetic,2ASK-83464-0-2,train,2ASK,Classic
datasets/waterfall/2ASK/65dfdf3e3ac238fbc97b004d21184a5e3e18c4bdb6432de5bf0e944a57cf1f8f.png,2ASK,synthetic,2ASK-65435-0-0,train,2ASK,Classic
datasets/waterfall/2ASK/6a6cf982c839684b3d2e20d3dacd0944b28bb6ca818d5ae29151bcba95e663f4.png,2ASK,synthetic,2ASK-63752-0-1,train,2ASK,Classic
datasets/waterfall/2ASK/d48bac07bec12a8bc099fd8ce00de5147e12304663f7dbb5220234b529244456.png,2ASK,synthetic,2ASK-1670-0-1,train,2ASK,Classic
datasets/waterfall/2ASK/b7149f222d031479c0439eaac2823cc6bd03478ae5d6752195dfa8bed3325f61.png,2ASK,synthetic,2ASK-94730-0-2,train,2ASK,Classic
datasets/waterfall/2ASK/26725f7758e6afa16e26fbcbb32bda01ab11f2a427bccd332e0ead56ec6e7067.png,2ASK,synthetic,2ASK-1670-0-1,train,2ASK,Classic
datasets/waterfall/2ASK/a7eb12f814817b982500c61b9c27e933a0d4a28cebe642997316c36b49597c6b.png,2ASK,synthetic,2ASK-94730-0-2,train,2ASK,Classic
datasets/waterfall/2ASK/d46462dc98ba2cac71d6148b21b02edd3f5cd6640cc61053a0f0cf3eb8f505ff.png,2ASK,synthetic,2ASK-94729-0-2,train,2ASK,Classic
datasets/waterfall/2ASK/8cb1d2a91fce3be1c6469e1e6eeb2d240b19126946c9db72a48f33101735c604.png,2ASK,real-old,legacy-2ASK-20x24,train,,
datasets/waterfall/2ASK/ed96b3ea20aeca54ecfde1e062e53efee9aae2ecd0f088feee4ac279991af98c.png,2ASK,synthetic,2ASK-87303-0-2,train,2ASK,Classic
datasets/waterfall/2ASK/f9fcaa1aa3522c502f1c8efe0298b01b86353bf355f5c3bc159ead0e89a4911d.png,2ASK,synthetic,2ASK-94730-0-0,train,2ASK,Classic
datasets/waterfall/2ASK/1d3e9359bbb5577347c309ede0a1a2e0b1e8d4ca1560a58de4350460fc2a79b0.png,2ASK,synthetic,2ASK-83464-0-0,train,2ASK,Classic
datasets/waterfall/2ASK/2153a46640e8b6897af9ae0470fd082dc90787f0e969884e6de38bf0d03baf0c.png,2ASK,synthetic,2ASK-73311-0-0,train,2ASK,Classic
datasets/waterfall/2ASK/27aa2012021c4e8c734967a41c583731a458527e2362badfb461079bf4ad53ae.png,2ASK,synthetic,2ASK-94728-0-0,train,2ASK,Classic
datasets/waterfall/2ASK/6989a4e5b811a6759eb6954d7ce3ef357509226538f89547fcf8113676503a89.png,2ASK,synthetic,2ASK-63752-0-0,train,2ASK,Classic
datasets/waterfall/2ASK/5136cac21e0904437b1beb54d284577f1b71d9a0b8d18bb68bd54ac44029f414.png,2ASK,synthetic,2ASK-87303-0-0,train,2ASK,Classic
datasets/waterfall/2ASK/f916527e6948539ae7b668ce92a25346edcea9f92059db170365e22084ba4e22.png,2ASK,synthetic,2ASK-1668-0-1,train,2ASK,Classic
datasets/waterfall/2ASK/5fc2a834b28afddd9473c7622668cd62b981135ff9049fe1528e70944fb67070.png,2ASK,real-old,legacy-2ASK-20x24,train,,
datasets/waterfall/2ASK/156952d4a7b796e056461d5ee4d6f74a66b8ac30501cea093453252de38bb5cd.png,2ASK,synthetic,2ASK-94729-0-1,train,2ASK,Classic
datasets/waterfall/2ASK/25ecfdbb9621cc9f752409b3942982c742a1ea6bb942fb26cf5af77b781f7c29.png,2ASK,synthetic,2ASK-1668-0-2,train,2ASK,Classic
datasets/waterfall/2ASK/5b1a96227dcbcab2972322157ccb11c4579f8f2a63356de8ac72d76e5d7d443b.png,2ASK,synthetic,2ASK-62774-0-2,train,2ASK,Classic
datasets/waterfall/2ASK/f7a51ff43238db60a46608357250d6d153d2eb7df0ca2ee191b54c640ee5fca9.png,2ASK,synthetic,2ASK-73312-0-0,train,2ASK,Classic
datasets/waterfall/2ASK/ecae7f121b1bbfc712017955b3f752f5871c1de34d89136721d5c914a9c14b11.png,2ASK,synthetic,2ASK-66416-0-0,train,2ASK,Classic
datasets/waterfall/2ASK/e4cef364727ba74e8274bcc91ced9bcdb5e396df0580f3e836eab1da2a9b9a6a.png,2ASK,synthetic,2ASK-80172-0-0,train,2ASK,Classic
datasets/waterfall/2ASK/d44a9f62c02aba170ee24f6da5ca4b374d0da73fca36bff23150428c7e1f5eb9.png,2ASK,synthetic,2ASK-66416-0-2,train,2ASK,Classic
datasets/waterfall/2ASK/7d803b11dec6efe24586cf036f013a887a77c1417672d983cff73644dd0a4959.png,2ASK,synthetic,2ASK-44108-0-0,train,2ASK,Classic Green
datasets/waterfall/2ASK/9d69333301cd0c31a7b264cc9e88e38d3d56081de7d904840159030a485ddbf2.png,2ASK,synthetic,2ASK-94729-0-0,train,2ASK,Classic
datasets/waterfall/2ASK/276581fc6367fcc2883e6c64f7401ee7ce5dbc112f7b45eccaddd7b7517f0652.png,2ASK,synthetic,2ASK-94728-0-2,train,2ASK,Classic
datasets/waterfall/2ASK/d06f9bb07e63ad1e5b86fda91358718543c44f31c0c170201cfd1a2ab3e80767.png,2ASK,synthetic,2ASK-83464-0-1,train,2ASK,Classic
datasets/waterfall/2ASK/3c09139bd57396e15a4840e6df4f04f9609c8004476cc8058ea1883295c6ea17.png,2ASK,synthetic,2ASK-44109-0-1,train,2ASK,Electric
datasets/waterfall/2ASK/7276a92870830babf36d9a9881061653b68bab53e7d6836b895ce3a2a79690cc.png,2ASK,synthetic,2ASK-65771-0-2,train,2ASK,Classic
datasets/waterfall/2ASK/8c85aa4dabce75b75b6c70062f1d60facf47ffb1ca82eb98d3f9f7f486b62903.png,2ASK,synthetic,2ASK-83464-0-2,train,2ASK,Classic
datasets/waterfall/2ASK/a161aff4715e64a4770325d26c34b67ab5d950d9fb0d02180b7e765cfc6d2fd2.png,2ASK,synthetic,2ASK-63752-0-1,train,2ASK,Classic
datasets/waterfall/2ASK/503bef43069f9868e4c7f0858ffc67cc580ec1e42dac90b9b3f71b13bcfc66d7.png,2ASK,synthetic,2ASK-61881-0-1,train,2ASK,Classic
datasets/waterfall/2ASK/88ff659201364af24501df172e3675cee6ed3fe571787e4ba18d9da7285bce92.png,2ASK,synthetic,2ASK-80172-0-0,train,2ASK,Classic
datasets/waterfall/2ASK/de6a7eb77d4f9ce189e6dec3f04df523b380f16825b2142bb67dcbf9d1a92d49.png,2ASK,synthetic,2ASK-73312-0-2,train,2ASK,Classic
datasets/waterfall/2ASK/460be982df1836ededd9e32d452d381d6949611340bc85d2f2dbf6dadf615d99.png,2ASK,synthetic,2ASK-94731-0-2,train,2ASK,Classic
datasets/waterfall/2ASK/0bb6dc00b7d559f426894236e675f33660500aee9bfeab4ccecdc05c2e87f994.png,2ASK,synthetic,2ASK-94730-0-1,train,2ASK,Classic
datasets/waterfall/2ASK/59aaeda440e9cb84c5baf04a8afab44b8f6180847cd2ec6f0437fe15fde46e9b.png,2ASK,synthetic,2ASK-65771-0-0,train,2ASK,Classic
datasets/waterfall/2ASK/34d1a10f7c79df8f5aef7ac02f69fb618b43914c845cd83fad7c9c997687dd00.png,2ASK,synthetic,2ASK-44111-0-0,train,2ASK,Grey Scale
datasets/waterfall/2ASK/8e2b24191494d9e442c7f13f38056a7acaf53cb38737762b433121a7708b7e9d.png,2ASK,synthetic,2ASK-50343-0-2,train,2ASK,Temper Colors
datasets/waterfall/2ASK/fbe196dbdb2ce351a41a7f285db9444f13cbf38a6d5e81cda5d76d8944f190e8.png,2ASK,synthetic,2ASK-73311-0-1,train,2ASK,Classic
datasets/waterfall/2ASK/86752bd846bd26342cb942f68c158ed414c665b0edc3b72dfac09116a6247206.png,2ASK,synthetic,2ASK-63752-0-2,train,2ASK,Classic
datasets/waterfall/2ASK/37ab44eb535485b87b32ea98782c4a97ca4cfc3ba3d923349b5247fd09607cb0.png,2ASK,synthetic,2ASK-1667-0-2,train,2ASK,Classic
datasets/waterfall/2ASK/66a8eff8096a5347f9c3b39670a0604401f3ce9fa402e84a655b208964ccea5f.png,2ASK,synthetic,2ASK-1667-0-1,train,2ASK,Classic
datasets/waterfall/2ASK/1cb5e772411d3aa37a0565a63b6d07bffec2903215db17d4d76352b47657300d.png,2ASK,synthetic,2ASK-73312-0-1,train,2ASK,Classic
datasets/waterfall/2ASK/6ea224e2af70d701e82a917bb21896aafe62329fdf283a98f916a03cde700524.png,2ASK,synthetic,2ASK-66418-0-1,train,2ASK,Classic
datasets/waterfall/2ASK/a4b2ea7bfc312b285814e3ed382286c82d59eae6fee7932d34e0bdff9b8c27bc.png,2ASK,synthetic,2ASK-87303-0-1,train,2ASK,Classic
datasets/waterfall/2ASK/a4524d76511cae4725785043ada9dbadc4c9d1cf027445343ebf458a618f3488.png,2ASK,synthetic,2ASK-73312-0-1,train,2ASK,Classic
datasets/waterfall/2ASK/236d7d9626f7626f5d4189b5fa91067fcbbdfb0c6d447b83d43c744008f1a22c.png,2ASK,synthetic,2ASK-94731-0-2,train,2ASK,Classic
datasets/waterfall/2ASK/72daec04f95bb1b30ee697c355b98b019b9eeaff4aa4160184b9b164ab1d25eb.png,2ASK,synthetic,2ASK-65771-0-1,train,2ASK,Classic
datasets/waterfall/2ASK/1eb2b68414ffac4725cd578ddd6ccd0ded8fd5ceac18648d43a13a2561fdeaf4.png,2ASK,synthetic,2ASK-73310-0-1,train,2ASK,Classic
datasets/waterfall/2ASK/ba5f13d725217f72c72e0cfee04550e4fdc9aa33db401acd3488356890d50c50.png,2ASK,synthetic,2ASK-94237-0-2,train,2ASK,Classic
datasets/waterfall/2ASK/d75a53c2289d350e00ec9b26de74878e3cedb994b966a4d648e263e057b9e3ce.png,2ASK,synthetic,2ASK-73310-0-0,train,2ASK,Classic
datasets/waterfall/2ASK/914d22ff778bcc773cb3008f5f5c022e1f6c7c3a8ad301e76c99b064ea3ddb9f.png,2ASK,synthetic,2ASK-1670-0-2,train,2ASK,Classic
datasets/waterfall/2ASK/5fbe704b41af43e2fae10fb0fb39835557c575e388d6efd79a2f52100d26c668.png,2ASK,synthetic,2ASK-94237-0-0,train,2ASK,Classic
datasets/waterfall/2ASK/754a8ba7b2f12832ecafcdb88347bbc43d096cd1f5fda59c3e97dea641a74104.png,2ASK,synthetic,2ASK-44108-0-2,train,2ASK,Classic Green
datasets/waterfall/2ASK/08aaafcac9952ac24e07afa22f334f17eaec394e9cd2876fa5af1f55ab1597ed.png,2ASK,synthetic,2ASK-73312-0-0,train,2ASK,Classic
datasets/waterfall/2ASK/daf4c867ba8c1af969e5f708deb3144878c05b051b1e087dbeb8d20d947d21b5.png,2ASK,synthetic,2ASK-62774-0-1,train,2ASK,Classic
datasets/waterfall/2ASK/cdd1344186a72636858822b03518628bceba4867600c01d22d0475d01b1884ae.png,2ASK,synthetic,2ASK-66416-0-1,train,2ASK,Classic
datasets/waterfall/2ASK/a8d3c7e9cfc148f78bb8a275d82239cdce091c4e709c03a176360a6d029bbbac.png,2ASK,synthetic,2ASK-73311-0-1,train,2ASK,Classic
datasets/waterfall/2ASK/eb1f8ef13d728f915e09af8400ff1c2a176bd6feb117c0eab5ba1b9ebd8e6b50.png,2ASK,synthetic,2ASK-66418-0-2,train,2ASK,Classic
datasets/waterfall/2ASK/77327bd2b388a0ffb3fb014354b59c51ad49e70a09e0075ee5978e96aad3f33b.png,2ASK,synthetic,2ASK-73311-0-2,train,2ASK,Classic
datasets/waterfall/2ASK/a6452b5b2838f9760a57ca30f8d1e6e4cb9f3f3e9141a0c3381814a66a4bd6bd.png,2ASK,synthetic,2ASK-62774-0-2,train,2ASK,Classic
datasets/waterfall/2ASK/1d6978b4aba9b541bd8a78c1239b54094a3360699be1a1938ceb894245dafe1d.png,2ASK,synthetic,2ASK-83463-0-0,train,2ASK,Classic
datasets/waterfall/2ASK/1ac9af53de4430364da0369afa67cdcc0aa72cf24a3e7a8c0e4b63d3a5b77aac.png,2ASK,synthetic,2ASK-44109-0-2,train,2ASK,Electric
datasets/waterfall/2ASK/d066369e8c362b3b1b201e31b8bc6d8422f36d8de117b91ed9cf7a1524788065.png,2ASK,synthetic,2ASK-44111-0-2,train,2ASK,Grey Scale
datasets/waterfall/2ASK/145d35483aef17a223b9ccc29860527973d276680692d75db5e1a880eb5acc55.png,2ASK,synthetic,2ASK-94730-0-0,train,2ASK,Classic
datasets/waterfall/2ASK/ea0b2064febf21aa8d7332eebef5e3409b4a5a54bcc7c2a6a55aff13e7382514.png,2ASK,synthetic,2ASK-66416-0-0,train,2ASK,Classic
datasets/waterfall/2ASK/0e239b9259cddaa1abef844f800877a421aefcac706b58f24188a405678aad06.png,2ASK,synthetic,2ASK-94728-0-1,train,2ASK,Classic
datasets/waterfall/2ASK/b98f76cde890b9737579cbec1a1363b41ad842a71ac37b8d01ac57bdb219243c.png,2ASK,synthetic,2ASK-83463-0-2,train,2ASK,Classic
datasets/waterfall/2ASK/4ba233c4c4fc3c1c5f1f31f890cf30f4b9e075cd32d8503b2e4dd659203d39cd.png,2ASK,synthetic,2ASK-83463-0-2,train,2ASK,Classic
datasets/waterfall/2ASK/d0594ff6a1110b98326047cc35c3450a5828d8e5c6203d3d511f98973a8c1ded.png,2ASK,synthetic,2ASK-61881-0-1,train,2ASK,Classic
datasets/waterfall/2ASK/8f97233dc4e338a483e5fdad899a1f6782c3ee69ac3e0a9ffcc71aa55f2e1483.png,2ASK,synthetic,2ASK-50344-0-2,train,2ASK,Turbo
datasets/waterfall/2ASK/20985525a0daa1cc757d88c88ab745da96b7b324232723d8fa1e8f5a5daf2140.png,2ASK,synthetic,2ASK-80172-0-1,train,2ASK,Classic
datasets/waterfall/2ASK/2a8e94be785e044dcd5a14ecd7f59e77fe91193209462bdbc32c5d2535277f09.png,2ASK,synthetic,2ASK-94729-0-2,train,2ASK,Classic
datasets/waterfall/2ASK/118b42d59f34675a5e45c9c4bf6a5a5631bd4cbb808de0a4bdd350069f2b4ad9.png,2ASK,synthetic,2ASK-1667-0-0,train,2ASK,Classic
datasets/waterfall/2ASK/b1ca06e4a337d544c1ca92ebcef559d792601e996aa88018de773f7c347c6171.png,2ASK,synthetic,2ASK-94731-0-0,train,2ASK,Classic
datasets/waterfall/2ASK/10bf0120504a51fa46566f37c09c3adf5ef7ab5b44760123b8cb44edbd98069f.png,2ASK,synthetic,2ASK-83464-0-0,train,2ASK,Classic
datasets/waterfall/2ASK/54f93726b3eec82d20593e71db646ac21bd3ba8a29922191e9afbc4a457289b2.png,2ASK,synthetic,2ASK-94731-0-0,train,2ASK,Classic
datasets/waterfall/2ASK/93a0ffc120814e13232f93701414f85491d0bc8287bce9d4eb24f10ffbfe9d48.png,2ASK,synthetic,2ASK-73311-0-2,train,2ASK,Classic
datasets/waterfall/2ASK/83171dd97fdbd347fc0fca4f1383950010359bf0dce7d944759010365811e260.png,2ASK,synthetic,2ASK-65771-0-2,train,2ASK,Classic
datasets/waterfall/2ASK/4e3552f399afb2707a60781e7fca876af7f8e76787c20d18a5ce8ac93e09c73b.png,2ASK,synthetic,2ASK-66416-0-1,train,2ASK,Classic
datasets/waterfall/2ASK/1f227e791f8f91ca926e53485a3cd3e11145b4a1d21aa860c5a603da5f0c0851.png,2ASK,synthetic,2ASK-87305-0-2,train,2ASK,Classic
datasets/waterfall/2FSK/3a71f6f2a61ca1697382a25d381aa2f19dca2f9601bbf3a6b6234fb13a7173f1.png,2FSK,synthetic,2FSK-36925-0-2,test,2FSK,Classic
datasets/waterfall/2FSK/edd68b6401508ae0e3ccf602a1ba592af5c6cb72b75c98176384cd662da08fb3.png,2FSK,synthetic,2FSK-36922-0-2,test,2FSK,Classic
datasets/waterfall/2FSK/950876dc408a3109e8e50de8485bffe9e1e96e91e7ddc9e6be4b43cdc1f00f5e.png,2FSK,synthetic,2FSK-36944-0-0,test,2FSK,Classic
datasets/waterfall/2FSK/3c55747d5e34ae1be01a3874aa52fb98d7c5dd584a820f90181b3507e5383473.png,2FSK,synthetic,2FSK-36920-0-1,test,2FSK,Classic
datasets/waterfall/2FSK/cd3e6906b5cd7a5d5852115dca9b4212120e4d75d56dcd7d1fe05cee7b60253e.png,2FSK,synthetic,2FSK-50344-0-2,test,2FSK,Viridis
datasets/waterfall/2FSK/5e02bc7a7cbae13983c003a44698e416e106479d6ef2828cc183e18730d32dc3.png,2FSK,synthetic,2FSK-36930-0-0,test,2FSK,Classic
datasets/waterfall/2FSK/19fdc2515873857864b1012cd948ece0a49d528dbfd80181914f2e3113106dfa.png,2FSK,synthetic,2FSK-36939-0-2,test,2FSK,Classic
datasets/waterfall/2FSK/9dbd230ce27f6c3198ddab3c6edd4146e3e4ce7c3229175266dc21e92deb84b2.png,2FSK,synthetic,2FSK-36922-0-2,test,2FSK,Classic
datasets/waterfall/2FSK/64549dfc7edbd977fb34534b7a02f074d0c6c681737c424117edeb0bad4792f9.png,2FSK,synthetic,2FSK-36936-0-0,test,2FSK,Classic
datasets/waterfall/2FSK/6ded873e18e26d818c18107405ae11aaa295b4a7f490fb370bedea3c4ff9f420.png,2FSK,synthetic,2FSK-36936-0-1,test,2FSK,Classic
datasets/waterfall/2FSK/48508dcc1d1cf318bf14ebb76c79a90ee651bd5c7b358a800a93e1d0655c7f15.png,2FSK,synthetic,2FSK-36920-0-0,test,2FSK,Classic
datasets/waterfall/2FSK/6befe016b314c6285526fb2c5c07f1f75509aa67b52cc05349d6365f449bb140.png,2FSK,synthetic,2FSK-44109-0-1,test,2FSK,GQRX
datasets/waterfall/2FSK/9b43a074bd8c2746b37b5b4ff60751729343f1dd7a1e1d08a987ab1d1560051c.png,2FSK,synthetic,2FSK-36929-0-0,test,2FSK,Classic
datasets/waterfall/2FSK/60a5fc4b1722da0857b46af7491c9c6a6ecd297c49016158786344d98b7ba257.png,2FSK,synthetic,2FSK-36923-0-0,test,2FSK,Classic
datasets/waterfall/2FSK/0c0e7bbb49d19d120a5784f47266233ce1bb31c43cdccb797f1c02f25270867c.png,2FSK,synthetic,2FSK-36927-0-0,test,2FSK,Classic
datasets/waterfall/2FSK/43bdea292b2fbe62f8d8c5fb115644d9f1f3eee0d2cf048c08899629bbf07c28.png,2FSK,synthetic,2FSK-36923-0-1,test,2FSK,Classic
datasets/waterfall/2FSK/77b8cca3802ae6e81904eef7a0ac78a9f9969aaddfbc3fe4165c6a3d68a24b9c.png,2FSK,synthetic,2FSK-36932-0-1,test,2FSK,Classic
datasets/waterfall/2FSK/19bcd15a33a9dfaac9366b26574ab818a3af842121ca247b64a6e36daa6adc82.png,2FSK,synthetic,2FSK-36924-0-2,test,2FSK,Classic
datasets/waterfall/2FSK/d4b302b0ffc9e2285210da637264d769644eb47b74416ec24b0337cc666a3b6c.png,2FSK,synthetic,2FSK-36923-0-2,test,2FSK,Classic
datasets/waterfall/2FSK/224d88c5a6fbfbbf78f67de942d1f711129022e98716c7919f4311da7ddec8ae.png,2FSK,synthetic,2FSK-36944-0-2,test,2FSK,Classic
datasets/waterfall/2FSK/d70b4862a1d4bd42c82c30918a592317a86667b9663a65f3a6fdb3085112f2be.png,2FSK,synthetic,2FSK-36933-0-0,test,2FSK,Classic
datasets/waterfall/2FSK/d8ebe49b0e0bfd05fa15f808657a78c083025506dcf1a0ac73454f511369e1c4.png,2FSK,synthetic,2FSK-7-0-0,test,2FSK,Classic
datasets/waterfall/2FSK/a24c147fcf7ae03312a12cbc9a248bcd2c75f5e92c6f6e3b4ca6dfd28bb5edb0.png,2FSK,synthetic,2FSK-44111-0-0,test,2FSK,Inferno
datasets/waterfall/2FSK/8765bc6c1e264f355264e7b60d0988a9b830ea274e870dfbb5f16420e8800ef6.png,2FSK,synthetic,2FSK-36935-0-0,test,2FSK,Classic
datasets/waterfall/2FSK/3fa9b51cf1f557802c322111cd1e275a716a4b47fa2e0b59f02561704a6bf46d.png,2FSK,synthetic,2FSK-36941-0-1,test,2FSK,Classic
datasets/waterfall/2FSK/1e0f5626cb6d67bc21217531d8bb1556cfe08f77a0a3654d41e5f104d2c5bcd8.png,2FSK,synthetic,2FSK-36923-0-0,test,2FSK,Classic
datasets/waterfall/2FSK/3ea2781b4f5a11b656ec088af60243d4b138cdfa16d4a4d08a103f1c9a41645d.png,2FSK,synthetic,2FSK-36942-0-2,val,2FSK,Classic
datasets/waterfall/2FSK/72ff288beaf3f3cd564520fc88c6ef35175a7d4545e0cd635de6552067227583.png,2FSK,synthetic,2FSK-44110-0-1,val,2FSK,Grey Scale
datasets/waterfall/2FSK/ecef254cff0a702cacacd9c9af7789190b59003486b2d1d8add0a719062bb836.png,2FSK,synthetic,2FSK-36942-0-0,val,2FSK,Classic
datasets/waterfall/2FSK/c41ff77a36761d74504c0a32e33a4fb60b98c77157c736ebdc8fb044a53405a3.png,2FSK,synthetic,2FSK-36939-0-2,val,2FSK,Classic
datasets/waterfall/2FSK/843996d13f6b416d983a6b31ed71972e8bc4631516aab6a7dcc903fc676e2d13.png,2FSK,synthetic,2FSK-36945-0-2,val,2FSK,Classic
datasets/waterfall/2FSK/4cea856409b562dbb28f11f67fe486d43b70cb52c7ab6a834e496a763a620354.png,2FSK,synthetic,2FSK-44107-0-2,val,2FSK,Classic Green
datasets/waterfall/2FSK/4397a4e73a28309e9a1483b63ccab4c705b481ba9e5fa987963255b5f98b833f.png,2FSK,synthetic,2FSK-44107-0-1,val,2FSK,Classic Green
datasets/waterfall/2FSK/0c3ef265cd0220f8b741d02e6cbb86b5184e2b60f599f2ba70c85aaed4d5031f.png,2FSK,synthetic,2FSK-44108-0-0,val,2FSK,Electric
datasets/waterfall/2FSK/bfb784411d76554f1c4bc55fe3830493b1cb66b9de4f5dc1122ea63eb559965a.png,2FSK,synthetic,2FSK-36928-0-0,val,2FSK,Classic
datasets/waterfall/2FSK/7daa2ac63e4b435bb7365449c6ecb13d24c003871b7209e137379570f190f989.png,2FSK,synthetic,2FSK-36926-0-0,val,2FSK,Classic
datasets/waterfall/2FSK/d188fd94183e1abe2865cd7953c832a60db34e70d8388324f36a072ae28023e2.png,2FSK,synthetic,2FSK-36939-0-1,val,2FSK,Classic
datasets/waterfall/2FSK/4c0b3793f55173e82ea7cc19934a55e4742e3757969fdd9bbf129305ac0dd350.png,2FSK,synthetic,2FSK-36938-0-1,val,2FSK,Classic
datasets/waterfall/2FSK/11ebbc9b07ff5199a8256bbaa865188d42d205d4caa9b58e21567b2f0321d6f4.png,2FSK,synthetic,2FSK-36922-0-0,val,2FSK,Classic
datasets/waterfall/2FSK/7ab7610549528768a3f0154f1f2b9ef07cd7e633e467d45a228340b3fdf3717f.png,2FSK,synthetic,2FSK-44108-0-2,val,2FSK,Electric
datasets/waterfall/2FSK/498f9b5bd5b922da2ba61c32c3988311c5a85f17611f7638442dbbee70028cdf.png,2FSK,synthetic,2FSK-36934-0-1,val,2FSK,Classic
datasets/waterfall/2FSK/40105d7a23abcfd58cb4e5cd9d6b7356513fa1c3332c2a03e67787df9723a12a.png,2FSK,synthetic,2FSK-36942-0-1,val,2FSK,Classic
datasets/waterfall/2FSK/1427724cae70e44d1fbd0132b7cdf2f3d6cd16f58db9bc89bf1f2ed5d8f16ce3.png,2FSK,synthetic,2FSK-36931-0-2,val,2FSK,Classic
datasets/waterfall/2FSK/947aa18a6f2070ddf3add9385391757c752b0ee2f1a62bc9cede0c827ee98f4b.png,2FSK,synthetic,2FSK-36934-0-1,val,2FSK,Classic
datasets/waterfall/2FSK/0c567e6d2afebf22e3442a32ea4b2e924d1332410ba0d978c6e05297f6b6daf3.png,2FSK,synthetic,2FSK-7-0-1,val,2FSK,Classic
datasets/waterfall/2FSK/b73ccdf8e7067874df956aaa1ed751d4669f3050b39cdb5331cbc42ffe5fa6c4.png,2FSK,synthetic,2FSK-36927-0-0,val,2FSK,Classic
datasets/waterfall/2FSK/1f5e9f9187a0bec66e838e8d5cd310050417f930f05ddad679930aff6d4f01c3.png,2FSK,synthetic,2FSK-36945-0-1,val,2FSK,Classic
datasets/waterfall/2FSK/a9df4b383260c59a3139fac8439c880d8ed0a46829dd35d6d13cbc5ad6f3764d.png,2FSK,synthetic,2FSK-36943-0-2,val,2FSK,Classic
datasets/waterfall/2FSK/6b04398f0c2e19c8be4e1c2ca2e1bea4ee4c476d44e6c2560f8829d2f01ae4d2.png,2FSK,synthetic,2FSK-50343-0-2,val,2FSK,Turbo
datasets/waterfall/2FSK/13272faf8ed937ac5bf94646bf041db3273e11ebb3fa8a229d925723b4843a51.png,2FSK,synthetic,2FSK-36927-0-1,val,2FSK,Classic
datasets/waterfall/2FSK/d037ce95fa84afa3893b5a15a4bfe5e4444fc48be777a21e81bd4ef0dd9eb02d.png,2FSK,synthetic,2FSK-36921-0-1,val,2FSK,Classic
datasets/waterfall/2FSK/df8c792a1864b301ec46c81755e86b8879453aa5fd8e6f61e38674cd64223079.png,2FSK,synthetic,2FSK-50343-0-1,val,2FSK,Turbo
datasets/waterfall/2FSK/47cc8b94c007cf51da64ec273af2bee4759db61ba40b635805672a7d1b3b6788.png,2FSK,synthetic,2FSK-36939-0-1,train,2FSK,Classic
datasets/waterfall/2FSK/aafdbcb949cdba65abddd5af97d4bc71a1aa323c8c62396c29b9ed7ef1940f9e.png,2FSK,synthetic,2FSK-36942-0-0,train,2FSK,Classic
datasets/waterfall/2FSK/96a9d840f3fe1bc9a3f4eadf9bae9fd55c68d7327feeb1b00661d12352e75d05.png,2FSK,synthetic,2FSK-36929-0-0,train,2FSK,Classic
datasets/waterfall/2FSK/fc1c06cdfbdfe15d94b9ae74e688594579baa2e24d43d5092417337c54c6661a.png,2FSK,synthetic,2FSK-36926-0-1,train,2FSK,Classic
datasets/waterfall/2FSK/0a70c196b6e74871254a608465c5c94fe4289d78819536d551413d3166d31520.png,2FSK,synthetic,2FSK-36935-0-1,train,2FSK,Classic
datasets/waterfall/2FSK/efc6e0f3d5074e49e7edbb548ce166309e4b1968d5dc6402ce46cf4b94b6f7f1.png,2FSK,synthetic,2FSK-44108-0-1,train,2FSK,Electric
datasets/waterfall/2FSK/ec84437188ac24ed4e4a3dbe65bf25a3b690197bd9206554b3ef5b9ccb6db5aa.png,2FSK,synthetic,2FSK-36931-0-0,train,2FSK,Classic
datasets/waterfall/2FSK/94276ee2f25354bc8a37e371fb7c261a5c42538d1689f44d7b7b96fe635c80ed.png,2FSK,synthetic,2FSK-36925-0-1,train,2FSK,Classic
datasets/waterfall/2FSK/74ab30741095f8a670fd788520e7eca36141522678e40ac1a671bb034344e8ee.png,2FSK,synthetic,2FSK-36923-0-1,train,2FSK,Classic
datasets/waterfall/2FSK/16c7b62a9849bc1a6afedbe8ee42375c6dba179db9062f2bf0cb85296ed61d4a.png,2FSK,synthetic,2FSK-36925-0-0,train,2FSK,Classic
datasets/waterfall/2FSK/09558b33913c57a50f9b7f5d546fe92429acddd3c78637dd5d26a136fc4c9a10.png,2FSK,synthetic,2FSK-36926-0-0,train,2FSK,Classic
datasets/waterfall/2FSK/a5d966497846022fb0d55fe824068800f7ad56a39435cd86385854f55ac25fdc.png,2FSK,synthetic,2FSK-36936-0-2,train,2FSK,Classic
datasets/waterfall/2FSK/e23702819ae72cf7c1dd2a7934e313b20a0dc9699f5658f2974da0d1fb10599e.png,2FSK,synthetic,2FSK-36935-0-1,train,2FSK,Classic
datasets/waterfall/2FSK/dbc8bfb2a23b0a23c82e5ec123ce4db8e421b13071298f9d38d32bf19ee8068d.png,2FSK,synthetic,2FSK-36933-0-2,train,2FSK,Classic
datasets/waterfall/2FSK/bbd27f869bddb912d3f6f913ff8c3ad77ff97089e9faa80a879859ca8356424c.png,2FSK,synthetic,2FSK-36934-0-0,train,2FSK,Classic
datasets/waterfall/2FSK/0f8be178342e6f9042a3271489ac806d273a274aa4f7bb48cf209079d15092d4.png,2FSK,synthetic,2FSK-7-1-0,train,2FSK,Classic
datasets/waterfall/2FSK/503c3ebfa685a211ad59aecf9801eee11e2b37f5a20c3651098860176aa75a9f.png,2FSK,synthetic,2FSK-36922-0-1,train,2FSK,Classic
datasets/waterfall/2FSK/9fba3a17de04acf537f578fb95fcd59710228580e07578f090c4629d110c0453.png,2FSK,synthetic,2FSK-36926-0-1,train,2FSK,Classic
datasets/waterfall/2FSK/689c467c88e89b18d949351d5d2014ff3a3e617d953b4724e06d6779b7989029.png,2FSK,synthetic,2FSK-36931-0-2,train,2FSK,Classic
datasets/waterfall/2FSK/eac61b29b08f3d796b97e7278848d5896b4085967be9dba6960068a753f44114.png,2FSK,synthetic,2FSK-36934-0-0,train,2FSK,Classic
datasets/waterfall/2FSK/01974aeff8c698627bbc6df618e38f637defc0160b630305586eb2ad3efb4b0f.png,2FSK,synthetic,2FSK-36938-0-1,train,2FSK,Classic
datasets/waterfall/2FSK/bd5180b77c29a0b470c56dd150c8d8aa2b153965dcd92f918efb93317babf3eb.png,2FSK,synthetic,2FSK-36933-0-1,train,2FSK,Classic
datasets/waterfall/2FSK/88c86efebfd42a08e853678195fa76b739bad9ba87bca89d05622ea915b6a1e6.png,2FSK,synthetic,2FSK-36929-0-1,train,2FSK,Classic
datasets/waterfall/2FSK/372944178ad32b07949c2b65dc7ffc3680a095c5a603cd43b9c8991e7ab352bf.png,2FSK,synthetic,2FSK-36932-0-0,train,2FSK,Classic
datasets/waterfall/2FSK/f79271cf0523deb2dce43e135eba6112f81bbba06ce62d1196a814e424f4cce3.png,2FSK,synthetic,2FSK-36941-0-2,train,2FSK,Classic
datasets/waterfall/2FSK/d776e577a5f6fb89b276112447afc54b0d36492d1debf143152d1494ae0e21a2.png,2FSK,synthetic,2FSK-36933-0-0,train,2FSK,Classic
datasets/waterfall/2FSK/19f6e5c300f1c1068fdfc636627352aee60dac9eeba67d8fadbeb2bc0ca1d17e.png,2FSK,synthetic,2FSK-36945-0-0,train,2FSK,Classic
datasets/waterfall/2FSK/2f6e5efcc4fd3cee895e8119388a57c0b9d24f78c609eca788d44c08e64f8562.png,2FSK,synthetic,2FSK-36940-0-2,train,2FSK,Classic
datasets/waterfall/2FSK/9b31e3e9e04ec3069013df7c463ffd93ddf47e97fffc6848f348714b98db3d45.png,2FSK,synthetic,2FSK-36944-0-2,train,2FSK,Classic
datasets/waterfall/2FSK/029e7f55d37cf0bdd99439191f391b3b07935aa73dfc41ef00442154afd5fd12.png,2FSK,synthetic,2FSK-36926-0-2,train,2FSK,Classic
datasets/waterfall/2FSK/065b19baf34c568215a937637f1dd29a7a0469869f7579fea6b3a550bb5cc95f.png,2FSK,synthetic,2FSK-36943-0-1,train,2FSK,Classic
datasets/waterfall/2FSK/70143f23b26038e41def77b40f454a65fa206640ab6466ff4a286e4dbe67ee3f.png,2FSK,synthetic,2FSK-36936-0-2,train,2FSK,Classic
datasets/waterfall/2FSK/86a710260cb0b2e98d568f6f856f405b08388033c056c69e968630a410eff0e5.png,2FSK,synthetic,2FSK-36937-0-2,train,2FSK,Classic
datasets/waterfall/2FSK/775b564c7d31d3d3a66e46017f78bf1262dce23469a1ca8b034e41cfc3ae3d80.png,2FSK,synthetic,2FSK-36937-0-1,train,2FSK,Classic
datasets/waterfall/2FSK/5835b41ff6e54af89eaed2934ab8c4cf174580c01a7b3dc94272ed2c569adff1.png,2FSK,synthetic,2FSK-36938-0-0,train,2FSK,Classic
datasets/waterfall/2FSK/b427b0ca7e616e63253b3676ad906565d9cfa369d42c007ff93fe8c0c6c70212.png,2FSK,synthetic,2FSK-36930-0-1,train,2FSK,Classic
datasets/waterfall/2FSK/fc765acce712fcdb8db638967d905879635e613a960b4ca17ae253e033fc8df8.png,2FSK,synthetic,2FSK-36943-0-0,train,2FSK,Classic
datasets/waterfall/2FSK/b9daadb71afbd1a0a9cc9c413218b3f85174c0bb7bd47a10846d127fa5153059.png,2FSK,synthetic,2FSK-36934-0-2,train,2FSK,Classic
datasets/waterfall/2FSK/891d7ef9c876a3a34782f38043ecf5293b39680c63b1905c7db83f595f70203d.png,2FSK,synthetic,2FSK-36929-0-1,train,2FSK,Classic
datasets/waterfall/2FSK/10d325cdb1adca021ef221531752c4e64d39dc039b6da608ea35039192bc00dd.png,2FSK,synthetic,2FSK-36928-0-1,train,2FSK,Classic
datasets/waterfall/2FSK/77f1c6a8decf4a0b3565824575c1a9041bcd8c92174a8df2acda637f2db3955b.png,2FSK,synthetic,2FSK-36944-0-0,train,2FSK,Classic
datasets/waterfall/2FSK/85245797f82c78e686c0f241d0a05222d62783279d8d54d9ed2280b1a1c72580.png,2FSK,synthetic,2FSK-36941-0-0,train,2FSK,Classic
datasets/waterfall/2FSK/f8d278410f33613081bec2a3b1347979db7a81f1573979179ec7471733561767.png,2FSK,synthetic,2FSK-36923-0-2,train,2FSK,Classic
datasets/waterfall/2FSK/cf50bb154473a17942f10801930f675b9509c23d508c59461bfc50f3c1a76d8b.png,2FSK,synthetic,2FSK-36943-0-1,train,2FSK,Classic
datasets/waterfall/2FSK/b2ef8e8564c5b53a312e96cfc40c995c6cb5818683991a1c98e6770755d99050.png,2FSK,synthetic,2FSK-36921-0-0,train,2FSK,Classic
datasets/waterfall/2FSK/26435540b9cc699f22f74a73372e3ce8576555f21dfe448bd33e41a469b784fe.png,2FSK,synthetic,2FSK-44107-0-0,train,2FSK,Classic Green
datasets/waterfall/2FSK/dd4b37a45dc05be4385d67b01c41f530aa6b51056623a5e59fc5067f77b32b70.png,2FSK,synthetic,2FSK-36931-0-0,train,2FSK,Classic
datasets/waterfall/2FSK/1b4e7ade107890b5020e1d03c123431f4942cfa08440d5dd31a85ca670f13b20.png,2FSK,synthetic,2FSK-36944-0-1,train,2FSK,Classic
datasets/waterfall/2FSK/5e85fc5b7d8cc5972e40b3aaa2680bece1d49a49d7f9f9b386e5baa11eb8ce28.png,2FSK,synthetic,2FSK-36932-0-1,train,2FSK,Classic
datasets/waterfall/2FSK/d438a2a27bf9b39627ff82555f2ae81c2129522f19e4d098b7975b9195e52493.png,2FSK,synthetic,2FSK-44111-0-1,train,2FSK,Inferno
datasets/waterfall/2FSK/ddaca0ac48e3e1682b3f70daf18d255ee4b2ebed4d292ef2e99f8a2d7a7ddd1b.png,2FSK,synthetic,2FSK-36938-0-0,train,2FSK,Classic
datasets/waterfall/2FSK/ae16bf445741241d917e184d2349dbc07278948a88233e9c0c535c31bc838308.png,2FSK,synthetic,2FSK-36937-0-1,train,2FSK,Classic
datasets/waterfall/2FSK/eade16919a28ed405a094cc0993f9369a5abb91955cb390e4702feff63ff4225.png,2FSK,synthetic,2FSK-36934-0-2,train,2FSK,Classic
datasets/waterfall/2FSK/57c190293336cfcb3e13407e2b9a402955f83f3e035f951f0fbd0b4c082ca6a6.png,2FSK,synthetic,2FSK-36922-0-1,train,2FSK,Classic
datasets/waterfall/2FSK/a8841b9c25aee3c14374da03dc52e8125cdc81305761797d77b33ea69a4a814e.png,2FSK,synthetic,2FSK-36930-0-1,train,2FSK,Classic
datasets/waterfall/2FSK/48c8b139e7fc251e95c8696feb428bb89c4281e9d961d41bda6e9f55488ca562.png,2FSK,synthetic,2FSK-36921-0-2,train,2FSK,Classic
datasets/waterfall/2FSK/3b027d5817f8a0e9629d3854b8f6e9b6b36ad0abccaba3a058c5fb9885c24f97.png,2FSK,synthetic,2FSK-36937-0-2,train,2FSK,Classic
datasets/waterfall/2FSK/4de917b8de4d32cd6119beecda410fcc6cae065ea38ab77c736d5eb96cf5cd02.png,2FSK,synthetic,2FSK-36924-0-1,train,2FSK,Classic
datasets/waterfall/2FSK/d25ecd19d26bfea7843279a3a6f8c85eb0494d8a0f0b68fed27fec75dd4466da.png,2FSK,synthetic,2FSK-44110-0-2,train,2FSK,Grey Scale
datasets/waterfall/2FSK/c509abb8f781eaf41abfcebeff5739b575e9b419b92e94b5aa3b104af6318d75.png,2FSK,synthetic,2FSK-36926-0-2,train,2FSK,Classic
datasets/waterfall/2FSK/e8fdafeadee62bcbb12368a870475106caa3751fa6ccac9af353519c4030be32.png,2FSK,synthetic,2FSK-44109-0-0,train,2FSK,GQRX
datasets/waterfall/2FSK/b619a702f703eba1a4cf36095279a6e29628b22c06c7d8d17db5477d91b23474.png,2FSK,synthetic,2FSK-50344-0-0,train,2FSK,Viridis
datasets/waterfall/2FSK/654a4d6321092ab5d66f8b481a658e9ff729ecb28201b4a1c7784ee1e565738f.png,2FSK,synthetic,2FSK-36920-0-1,train,2FSK,Classic
datasets/waterfall/2FSK/56ead0e7a10e8c6477394aaf1bde47fa30840a0e09d0ad49495d7e4a3e93046e.png,2FSK,synthetic,2FSK-36928-0-2,train,2FSK,Classic
datasets/waterfall/2FSK/362fbd7c0c14e916b03668bc81bcd4d22eab4d6757d08515fa68cb3bda128a7f.png,2FSK,synthetic,2FSK-36935-0-2,train,2FSK,Classic
datasets/waterfall/2FSK/952d371b96f9f1946fa2a380525903d04dc17913c8bba1b76ff2a28261b17a8f.png,2FSK,synthetic,2FSK-36924-0-2,train,2FSK,Classic
datasets/waterfall/2FSK/4f0fe82bc91c433b5c84e1b17714e472008f48ecd5b1007568eef6f4e632d7be.png,2FSK,synthetic,2FSK-36924-0-0,train,2FSK,Classic
datasets/waterfall/2FSK/b635246d9566fce47806f0b98ef3d44412a595be47a6470681e61cdbf9caf485.png,2FSK,synthetic,2FSK-36929-0-2,train,2FSK,Classic
datasets/waterfall/2FSK/0dda2a23faedc40615d6c166ce598c61c15c858d11d5c9d98060b481dd111fab.png,2FSK,synthetic,2FSK-36944-0-1,train,2FSK,Classic
datasets/waterfall/2FSK/9a4fd7471c5ec6879ff220d5ad320c92268968483e9dc77749f54a7ba3f1b066.png,2FSK,synthetic,2FSK-36933-0-1,train,2FSK,Classic
datasets/waterfall/2FSK/500c4b77d5a382d73801d4352795703f01c068fc5e76084f7efae02992d62ec1.png,2FSK,synthetic,2FSK-36937-0-0,train,2FSK,Classic
datasets/waterfall/2FSK/ed68334b846a47445b8807ad75ab0424a0acdbd770a0c97add52cf7d20fc3c2d.png,2FSK,synthetic,2FSK-44109-0-2,train,2FSK,GQRX
datasets/waterfall/2FSK/670310c812d32218090213eb0bc78aadb5bc8c959eb41c91ceaba792f598fa02.png,2FSK,synthetic,2FSK-36940-0-2,train,2FSK,Classic
datasets/waterfall/2FSK/fe1fecd53706ca3c3e0b6626e8e3ac16373d50208796c48110f4b236ef0f59ab.png,2FSK,synthetic,2FSK-36928-0-2,train,2FSK,Classic
datasets/waterfall/2FSK/d54019102acfa071e70be8c329e572fec5b1654ca712d34a442960b512379cef.png,2FSK,synthetic,2FSK-36943-0-0,train,2FSK,Classic
datasets/waterfall/2FSK/241eafef7d3ce9c5c951b47a0861fbd94066b09625cc49e63f71973b7117fdfd.png,2FSK,synthetic,2FSK-36940-0-0,train,2FSK,Classic
datasets/waterfall/2FSK/2a41439c4c3660f045c366350c357aa129affb23f2f388af21f351da138672c5.png,2FSK,synthetic,2FSK-36921-0-1,train,2FSK,Classic
datasets/waterfall/2FSK/18ee7fcbe04ca6cd860993672ff75027339f58d0d292767201a7071a37c24541.png,2FSK,synthetic,2FSK-36941-0-1,train,2FSK,Classic
datasets/waterfall/2FSK/97bdff3e433aca06f6131c7c0c49935b5dee3ee56371c36dd2a80ff4e70cfd76.png,2FSK,synthetic,2FSK-36945-0-0,train,2FSK,Classic
datasets/waterfall/2FSK/4b8679b11648a6a2b727c0c696ca77c5ddc3d36a433c8425fb08559802735baa.png,2FSK,synthetic,2FSK-36921-0-2,train,2FSK,Classic
datasets/waterfall/2FSK/6c50979f4d46f002dba506c3dddc26a64f93ee9b731df8108a7cece297ce5140.png,2FSK,synthetic,2FSK-36936-0-0,train,2FSK,Classic
datasets/waterfall/2FSK/5cad4c4a62b2b0e16284412e69d9f3ef953d26ae50edd7efb63a55c6f96def74.png,2FSK,synthetic,2FSK-36942-0-2,train,2FSK,Classic
datasets/waterfall/2FSK/21aef976c146072b1ff3398a607444bfb7164f8866eca2567ac49517358b59cc.png,2FSK,synthetic,2FSK-36940-0-0,train,2FSK,Classic
datasets/waterfall/2FSK/657c4b2b15ca1b7f271a9758799627a6c2d071d297c0d402342213ba6955b928.png,2FSK,synthetic,2FSK-36942-0-1,train,2FSK,Classic
datasets/waterfall/2FSK/e719435944dee1466ce0ef676ab3fb07000fd6b7ef2664842688765b0d1c4dc1.png,2FSK,synthetic,2FSK-50343-0-0,train,2FSK,Turbo
datasets/waterfall/2FSK/4faac11c937be95345c525f8176e8151a7981b7bc9b69332b0f598b27212bc23.png,2FSK,synthetic,2FSK-36932-0-0,train,2FSK,Classic
datasets/waterfall/2FSK/3a0aaa456de25585c6714c1372806be43465e47a2dbd16f16524c1a8d3874888.png,2FSK,synthetic,2FSK-44110-0-0,train,2FSK,Grey Scale
datasets/waterfall/2FSK/ca4d2af9f756fb7f65c75b30b41edf6fbdf8122ef803df2cdf35833d81af9720.png,2FSK,synthetic,2FSK-36925-0-0,train,2FSK,Classic
datasets/waterfall/2FSK/091e338242a2a39a7be5e4d1c84f655556e3eda95104c0ecc1bbb9316d521e63.png,2FSK,synthetic,2FSK-36932-0-2,train,2FSK,Classic
datasets/waterfall/2FSK/277b3632043f08455b99f12caca6282e070a76ffa884ec8e882448ebcd9bed6a.png,2FSK,synthetic,2FSK-7-1-1,train,2FSK,Classic
datasets/waterfall/2FSK/70f69e17b4f2ab65f5f0356b7ad03d023085091db00c68b586a38c04b9d5ae1b.png,2FSK,synthetic,2FSK-36925-0-2,train,2FSK,Classic
datasets/waterfall/2FSK/50b6493db246f82ecaef8133adb5955f15c03cf5c5f48647aa45559328bb6c04.png,2FSK,synthetic,2FSK-36924-0-1,train,2FSK,Classic
datasets/waterfall/2FSK/76c79140cc517650e46f5d5b62c5ee9e9a995ac762b3083ae9c4b2b612444be3.png,2FSK,synthetic,2FSK-36921-0-0,train,2FSK,Classic
datasets/waterfall/2FSK/e0f071377539f564a7ce4268bfaa90eb4a64cdc752a9d4de1e3af0e44cb4beac.png,2FSK,synthetic,2FSK-36935-0-2,train,2FSK,Classic
datasets/waterfall/2FSK/aebf5cc17407b992ed183e9b83fd0efd43d0c0edbec00f110103f6be7eca1af0.png,2FSK,synthetic,2FSK-36930-0-2,train,2FSK,Classic
datasets/waterfall/2FSK/84255ffbff02f215ddbbaa0f11dc0b73f22b396caa101f5c72dc77af129bc1b5.png,2FSK,synthetic,2FSK-36945-0-1,train,2FSK,Classic
datasets/waterfall/2FSK/e634aec36d636d8f1a875271aa70ae0853c0c395d9a1527a1c1c4975cd16c5e4.png,2FSK,synthetic,2FSK-36936-0-1,train,2FSK,Classic
datasets/waterfall/2FSK/5c422b8a6a953d0ea65c7b596b83e3e286b2b7799cdb7fbfaf18bf0080157a86.png,2FSK,synthetic,2FSK-36920-0-0,train,2FSK,Classic
datasets/waterfall/2FSK/49f606a144d8fbdf31e2d38361b2e85b1abb5415222e102b4185f48f60320fcc.png,2FSK,synthetic,2FSK-36928-0-1,train,2FSK,Classic
datasets/waterfall/2FSK/823c679d9aaa049bf78a75558a3c46157251a21b55fc11684033e2802d695ab8.png,2FSK,synthetic,2FSK-36939-0-0,train,2FSK,Classic
datasets/waterfall/2FSK/021c18f85df6ec9f4b12cfd9b25c8d8399d888da85158a0b80b47695c92d0063.png,2FSK,synthetic,2FSK-36927-0-2,train,2FSK,Classic
datasets/waterfall/2FSK/1b90903bc04f47c2c94bfba10ae502c2d2fafd661efa6cb9d2c4765a58ec556c.png,2FSK,synthetic,2FSK-36927-0-1,train,2FSK,Classic
datasets/waterfall/2FSK/d07aff12e784072f5e0f85e06e9510e726ebf117dff578644fb99bb9eabcc716.png,2FSK,synthetic,2FSK-36935-0-0,train,2FSK,Classic
datasets/waterfall/2FSK/2d475aa88ed3023ce56004afbd0a9ba5e6e3e67bb76238967d1c8cbf79fd3a11.png,2FSK,synthetic,2FSK-36941-0-2,train,2FSK,Classic
datasets/waterfall/2FSK/36d2dad041ba83456c35882e113398e7ee2835a4879ae2f731f32888b55c7fe8.png,2FSK,synthetic,2FSK-36927-0-2,train,2FSK,Classic
datasets/waterfall/2FSK/e9a9e8abe0c84909c9809a4533084c36a13e699322b7c1dc2fceecd47e7339e0.png,2FSK,synthetic,2FSK-36929-0-2,train,2FSK,Classic
datasets/waterfall/2FSK/9488aa250538abb939e6ecf897ad0770ebe51c5c7a5efefe264bb86d316c0b9a.png,2FSK,synthetic,2FSK-36922-0-0,train,2FSK,Classic
datasets/waterfall/2FSK/b5d39559c2c522514ca3be80740426069237f269e984d99df1e8898a0824437a.png,2FSK,synthetic,2FSK-36945-0-2,train,2FSK,Classic
datasets/waterfall/2FSK/b917e50ab1988992d4bb977f6d8599163577d65aad9faadc49ded476f8d4241c.png,2FSK,synthetic,2FSK-44111-0-2,train,2FSK,Inferno
datasets/waterfall/2FSK/829c8720cc650c2de1f1cab41eace8de32ebfe17e37b8e6759b635fe018c3943.png,2FSK,synthetic,2FSK-36930-0-0,train,2FSK,Classic
datasets/waterfall/2FSK/3c2ec931397ac1f591fe8dfd6e922e78c444463421e73413dc0947d53d9e9b5b.png,2FSK,synthetic,2FSK-36930-0-2,train,2FSK,Classic
datasets/waterfall/2FSK/1ccf4f708ad9dd1c3f553b0a751c919274b5a1cf42376afea51c33ea4188a6a5.png,2FSK,synthetic,2FSK-36937-0-0,train,2FSK,Classic
datasets/waterfall/2FSK/af99c7d6fe85d22ecfe5082f2b843c058ef3a8c7f5b4b84cef29bd526ae256da.png,2FSK,synthetic,2FSK-36933-0-2,train,2FSK,Classic
datasets/waterfall/2FSK/7c2402a1911d80f034ba0b26009a6a34282ff1b7a538b44f1d12a2bdb03d75b3.png,2FSK,synthetic,2FSK-36939-0-0,train,2FSK,Classic
datasets/waterfall/2FSK/a3e05ce02d6373000a764b8dec6f6a6a1606b3e0a0b4812ac41bb32f55e6f53a.png,2FSK,synthetic,2FSK-36928-0-0,train,2FSK,Classic
datasets/waterfall/2FSK/4c8862aed2740a130fa8f73e68df106190d30b9f08088c7db761dc8bf1b2ee95.png,2FSK,synthetic,2FSK-36943-0-2,train,2FSK,Classic
datasets/waterfall/2FSK/355fcbe14dc4b2a4feb1dfcf9011eb4778df4908403d7d6ae96a23395396a107.png,2FSK,synthetic,2FSK-36932-0-2,train,2FSK,Classic
datasets/waterfall/2FSK/7299f8d447a20b63021d883355ddfaa36006c956b0fa5bc1ae200cca092d26cd.png,2FSK,synthetic,2FSK-36925-0-1,train,2FSK,Classic
datasets/waterfall/2FSK/28785db75a14dffa6c9a4f751fcd978344e5f7dfe8f62cdbb293bd845f5d9aa5.png,2FSK,synthetic,2FSK-36941-0-0,train,2FSK,Classic
datasets/waterfall/2FSK/cd13b3670669f6391a81c781da9d0c979b20653241df19a2330b31ba2dbaad14.png,2FSK,synthetic,2FSK-36924-0-0,train,2FSK,Classic
datasets/waterfall/4FSK/eac95b0e62dff83884c4bae98489c4c922debe65b00f1645698c367d1c144621.png,4FSK,synthetic,4FSK-50344-0-2,test,4FSK,Vivid
datasets/waterfall/4FSK/3a09e72064a2c7e8ece1406844d8ef01b79f8c3feea0333434d8f01e43873e15.png,4FSK,synthetic,4FSK-94237-0-2,test,4FSK,Classic
datasets/waterfall/4FSK/b2dddd697df28f8f59494b949dd31a2b99e111643b1b62c1cf74eb912d53edb3.png,4FSK,real-old,legacy-4FSK-38x19,test,,
datasets/waterfall/4FSK/24f7c634ae2d13f8525a125ebd1f2c3c6271923511750a3d820856e285b69d46.png,4FSK,synthetic,4FSK-1670-0-1,test,4FSK,Classic
datasets/waterfall/4FSK/12329375376ea44a49339c08e611a245212b2c3c773bdc84fc9306a16e591cb6.png,4FSK,synthetic,4FSK-83463-0-0,test,4FSK,Classic
datasets/waterfall/4FSK/fda29bb532c5ff97f593de6a8461f3f361f08537650cab779e7b7e53dd69afdd.png,4FSK,synthetic,4FSK-50343-0-1,test,4FSK,Viridis
datasets/waterfall/4FSK/2fd5050212d72f7260ae8ccf32de5a1d4c6cd54c11e2ecd7a40e00e898776e85.png,4FSK,synthetic,4FSK-1669-0-0,test,4FSK,Classic
datasets/waterfall/4FSK/0f4b2c66a6d664bb3e4ae87118bfd46b529010223c792affaf09f670bb21860a.png,4FSK,synthetic,4FSK-62774-0-1,test,4FSK,Classic
datasets/waterfall/4FSK/9cf2ed5e38f18ba837d15a7e0ef23b0db0d73e6724b00617bac8b341c6ad72f9.png,4FSK,synthetic,4FSK-87303-0-1,test,4FSK,Classic
datasets/waterfall/4FSK/18f2c4acb7defef3b330342c1c4498c59b64d72dfd882b370dba061cc9eae438.png,4FSK,synthetic,4FSK-94729-0-2,test,4FSK,Classic
datasets/waterfall/4FSK/bc022c8fb407791ad904876b3ed6289f70cb683d0815a5e36d3501cd5ba6b3df.png,4FSK,synthetic,4FSK-66416-0-2,test,4FSK,Classic
datasets/waterfall/4FSK/bcc6b54d0b5a58683642ba323243ef7692d2d7c5d1036739b4e29eb3e7b99b37.png,4FSK,synthetic,4FSK-44110-0-0,test,4FSK,Inferno
datasets/waterfall/4FSK/819cfd2a18d00cbc572947763fd11efa4f9ce72450bc0f27e1bbc37691d3d8b4.png,4FSK,synthetic,4FSK-73310-0-2,test,4FSK,Classic
datasets/waterfall/4FSK/d172915ae471e75dd518e726521d1ed377b6996aff21d3012e98cc3bab07a915.png,4FSK,synthetic,4FSK-1667-0-0,test,4FSK,Classic
datasets/waterfall/4FSK/4b126fa8f51502433e45aa80a9b290a62a51c9b28a6f1191498f23d1763fef27.png,4FSK,synthetic,4FSK-44111-0-2,test,4FSK,Magma
datasets/waterfall/4FSK/3d1fe15a45d102c6042c727c979717403f877c9473341ed89acc7e0b0f87ef5e.png,4FSK,synthetic,4FSK-80172-0-2,test,4FSK,Classic
datasets/waterfall/4FSK/c100558ac7a99b99dfbddc7be2f26393062318c26e38aace6979c55ef3d95412.png,4FSK,synthetic,4FSK-66417-0-2,test,4FSK,Classic
datasets/waterfall/4FSK/0758cf1b9c5b51b94b05bb820b96805acab0beabdf8d196040a06e2351b8333f.png,4FSK,synthetic,4FSK-44109-0-1,test,4FSK,Grey Scale
datasets/waterfall/4FSK/83ba796863eb6237b4c75d88f8742c1a71509d84444568aafa0f65013130d0c8.png,4FSK,synthetic,4FSK-44108-0-1,test,4FSK,GQRX
datasets/waterfall/4FSK/b2f2a18ab06a620b9918c461d32a499d46bd04cd9b06b61a2fc0b6d326123e3e.png,4FSK,synthetic,4FSK-62356-0-0,test,4FSK,Classic
datasets/waterfall/4FSK/ad040cb6400dbcc41f4196160afed825ddd23b4a055077a4660e68615d0ae3e6.png,4FSK,synthetic,4FSK-1667-0-1,test,4FSK,Classic
datasets/waterfall/4FSK/b1281d67f63f939a81aab26abfa21b2264672cb73f6f27a12dd603d56a01c718.png,4FSK,synthetic,4FSK-94237-0-1,test,4FSK,Classic
datasets/waterfall/4FSK/2d5e2fb467a534fe8a88658fc6fb575230e6709be7b66ee9f27d8485b950c8f3.png,4FSK,synthetic,4FSK-66418-0-0,test,4FSK,Classic
datasets/waterfall/4FSK/36bd8598e4ac53ecd974282f8ef1d13f736d4fbe5e5fad661883c7a459ea3e42.png,4FSK,synthetic,4FSK-66416-0-1,test,4FSK,Classic
datasets/waterfall/4FSK/7a2ff4451031042be626facc8f37b5b1e4e9430996506156af0893ca48e55ba4.png,4FSK,synthetic,4FSK-50343-0-0,test,4FSK,Viridis
datasets/waterfall/4FSK/95e4b073903a413bb4a1a6aa9e7b45515eaf203af8ef476c69295c3e64e140cb.png,4FSK,synthetic,4FSK-87304-0-1,test,4FSK,Classic
datasets/waterfall/4FSK/0e30c7f64454e312d04e88069a75465cb6760b6f77bad162a8437cedf8630b7c.png,4FSK,synthetic,4FSK-94730-0-0,val,4FSK,Classic
datasets/waterfall/4FSK/22a81b665c14a6b1a21b8d0ff8590260fa2cae98b8d9a0d5327bcfbefaaa7b13.png,4FSK,synthetic,4FSK-62774-0-2,val,4FSK,Classic
datasets/waterfall/4FSK/4a943d630348d4976e46364c726a81758bc7530a2fbdb85551da39c22174a3cb.png,4FSK,synthetic,4FSK-94728-0-0,val,4FSK,Classic
datasets/waterfall/4FSK/3fd541711c01ceea74b6ee32102330a4c52b5dc5b8e319ee9dcec6c71b1abf4f.png,4FSK,synthetic,4FSK-94729-0-1,val,4FSK,Classic
datasets/waterfall/4FSK/c27947107ede02ca663b75c9ac5c94ae34a181c423f0625cc1cbad05ebd5ab51.png,4FSK,synthetic,4FSK-80172-0-1,val,4FSK,Classic
datasets/waterfall/4FSK/9e6d274c0a4dad594687dab538883816c2b74ce66c42bf9e21b777e0f9fa1dd0.png,4FSK,synthetic,4FSK-73310-0-1,val,4FSK,Classic
datasets/waterfall/4FSK/78685120618f83ed2da5e9a6e2139b0acc0d444d4699d3e60fa1220613f15b69.png,4FSK,synthetic,4FSK-94237-0-1,val,4FSK,Classic
datasets/waterfall/4FSK/6aba14fc688993b3396141c358a9aa4c6bb657cbce70327ea8e25a525b397208.png,4FSK,synthetic,4FSK-87306-0-1,val,4FSK,Classic
datasets/waterfall/4FSK/a43d697a02b2ebcffb37a62c5e6292633aab4923bd7e989c385708fff2e11ccb.png,4FSK,synthetic,4FSK-73311-0-0,val,4FSK,Classic
datasets/waterfall/4FSK/8c47bfec41c17e833e71b6a3d22331c32c98036f91e61e8196d24a93533f2603.png,4FSK,synthetic,4FSK-63752-0-2,val,4FSK,Classic
datasets/waterfall/4FSK/0c8c1340e79f625f9a374a4e6ee15c31489116449cfda112ee12e7623f3d568d.png,4FSK,synthetic,4FSK-73311-0-0,val,4FSK,Classic
datasets/waterfall/4FSK/8c3bd0a0c89ff0ea8e45c459293c9e7ef805fcedbb39c7122e65d68021c37013.png,4FSK,synthetic,4FSK-1668-0-0,val,4FSK,Classic
datasets/waterfall/4FSK/f5086abb8762e531f2ad243b4aba0a240606b2cc6bdc0d76a9a7a3729d2ab483.png,4FSK,synthetic,4FSK-80172-0-1,val,4FSK,Classic
datasets/waterfall/4FSK/85fdf4905d40b685c2537ccaf7563f137917510ec7d07328c679d643ac25e456.png,4FSK,synthetic,4FSK-73311-0-1,val,4FSK,Classic
datasets/waterfall/4FSK/8f5e30fbcfc5dd1a9387afca024b14e3a78f987718b5f450f021553a779cd7aa.png,4FSK,synthetic,4FSK-83463-0-1,val,4FSK,Classic
datasets/waterfall/4FSK/fc5e8c3a8a2f15326158a5935c9f8d25ffadae77b2bf143bd6245580526e8140.png,4FSK,synthetic,4FSK-87306-0-0,val,4FSK,Classic
datasets/waterfall/4FSK/756b320d68f6e02e1eeb4fdadee0721ddb74f70c226a9b0a5ccc2e68a04a1864.png,4FSK,synthetic,4FSK-62774-0-1,val,4FSK,Classic
datasets/waterfall/4FSK/21bd6b670915870f1a72b5db8a6ab087a8e017924eec26ed823ed288c4ea4268.png,4FSK,synthetic,4FSK-1668-0-1,val,4FSK,Classic
datasets/waterfall/4FSK/94453e0d77454640bd68875710ce2fc5a5e17416516cfeddc0fed4802d3b6e6f.png,4FSK,real-old,legacy-4FSK-43x24,val,,
datasets/waterfall/4FSK/3b36665929491408790d2847fd9f111f8bd1c8f677ae0921c1245bfd3ef8008c.png,4FSK,synthetic,4FSK-63752-0-1,val,4FSK,Classic
datasets/waterfall/4FSK/cadb5e374b87bba5a1fa543d59b853572099b16cd48f94e2e9dbc121f78b3322.png,4FSK,synthetic,4FSK-63752-0-1,val,4FSK,Classic
datasets/waterfall/4FSK/fb16495878ad380ff1fa96b86d611fc71cd76a53765c2df335de32e81aabd334.png,4FSK,synthetic,4FSK-83464-0-1,val,4FSK,Classic
datasets/waterfall/4FSK/47bd15de1f352fa48613263140a86548cb4a5d72660626522b66e4cbd6dc8e45.png,4FSK,synthetic,4FSK-1669-0-1,val,4FSK,Classic
datasets/waterfall/4FSK/2aa42c1c1495d49b40bd64afc4709d343fd5d8e118fb635e505eaad90dcb9e62.png,4FSK,synthetic,4FSK-73310-0-0,val,4FSK,Classic
datasets/waterfall/4FSK/124e6d88928a81f2fd33bdc49c27e5a61ad7d1f89b64425d3ef05f750f3456ba.png,4FSK,synthetic,4FSK-87303-0-0,val,4FSK,Classic
datasets/waterfall/4FSK/c28f056c1c5fec2705bc8cd78536f8c6d9f174afbad511097c558d922a0f82df.png,4FSK,synthetic,4FSK-62356-0-2,val,4FSK,Classic
datasets/waterfall/4FSK/f192492f34f39c7724290ed98d943afe3b7b7f96e462ac0eb8609e5677dba404.png,4FSK,synthetic,4FSK-1670-0-2,train,4FSK,Classic
datasets/waterfall/4FSK/e1f3a420a9f50a26433cfe99ee60345b21fd985db65564ab734007ccc8a0f07a.png,4FSK,synthetic,4FSK-62774-0-0,train,4FSK,Classic
datasets/waterfall/4FSK/95362448781a1a6df0a7847c0aede46008bb2de27f7f737dd4055acf224d2c6f.png,4FSK,synthetic,4FSK-61881-0-0,train,4FSK,Classic
datasets/waterfall/4FSK/08a76976c490ef799b127161c197336a2cbc8e809144b1df5cef9dc3b504f087.png,4FSK,synthetic,4FSK-83463-0-1,train,4FSK,Classic
datasets/waterfall/4FSK/d528334788e5037703944c6a8f1d5b90a85425c503c2a3cddb81e3ccec27d391.png,4FSK,synthetic,4FSK-1667-0-2,train,4FSK,Classic
datasets/waterfall/4FSK/7ea02851a94dbd66b81b1b27b45ece2869d2aea5335724e2bda2aaae3ace32d9.png,4FSK,synthetic,4FSK-94729-0-0,train,4FSK,Classic
datasets/waterfall/4FSK/3ce1530b95c2ab9d0ed4932d91ab905e302b41fbab4bb57b4c40b42d298cb386.png,4FSK,synthetic,4FSK-87303-0-0,train,4FSK,Classic
datasets/waterfall/4FSK/f1970223bb20947ce7488a68eeb2f449fededd1a68a6937739ff443642d8fe36.png,4FSK,synthetic,4FSK-94731-0-1,train,4FSK,Classic
datasets/waterfall/4FSK/1beed7b45ba6165a6fc9bc693e9a84a3a9193c41d8582059b88f3a0c89b41eb0.png,4FSK,synthetic,4FSK-94730-0-2,train,4FSK,Classic
datasets/waterfall/4FSK/6e9e8e619c70fe4a9db037e4e82a2de53d79b9dd965361dfdbc946463554d6db.png,4FSK,synthetic,4FSK-73312-0-0,train,4FSK,Classic
datasets/waterfall/4FSK/abfc8fb01623eba8e531f3252e74786f2f26d82c58826c62c3ad2e7f2de8229c.png,4FSK,synthetic,4FSK-87306-0-0,train,4FSK,Classic
datasets/waterfall/4FSK/827ebdaade745252db28b6b42a9f3855ad18f52c5c6d6a9904989e659877b0da.png,4FSK,synthetic,4FSK-94731-0-1,train,4FSK,Classic
datasets/waterfall/4FSK/7be8009c8d0dd27b8269e296f23400ef8aa30c4d2095395a964cf678281bae8a.png,4FSK,synthetic,4FSK-66418-0-2,train,4FSK,Classic
datasets/waterfall/4FSK/7d6cd6c289734258bd75619800d611b95bf55d1f2d3a693ebd68d87a4e14fe19.png,4FSK,real-old,legacy-4FSK-29x19,train,,
datasets/waterfall/4FSK/34736f498508b519862d5f636fbdf1a604b24731335e4cd50b5fd6275f9f9d2f.png,4FSK,synthetic,4FSK-94731-0-2,train,4FSK,Classic
datasets/waterfall/4FSK/d1913f809853f824b6534fa44ceca8551762ca5d0f307e78023f73abfcd70259.png,4FSK,synthetic,4FSK-73312-0-0,train,4FSK,Classic
datasets/waterfall/4FSK/894ea486700ed2b40da9fd5927420ce10fdd2fe3a552e0c5035380eb1227890b.png,4FSK,synthetic,4FSK-1668-0-2,train,4FSK,Classic
datasets/waterfall/4FSK/a6da2b119fa44949f44455a039ba32de3a197cb2c537ca96cd236f88d6341aa9.png,4FSK,synthetic,4FSK-66417-0-2,train,4FSK,Classic
datasets/waterfall/4FSK/6c76ef33eea0722ef9bc393b259c966c19d6f39cae56bfcd42760cdff72af083.png,4FSK,synthetic,4FSK-1670-0-0,train,4FSK,Classic
datasets/waterfall/4FSK/ca278a57900ede5e1650d833ccc5beffff41b1d3f2085a224fd2ed9aff514ab9.png,4FSK,synthetic,4FSK-94728-0-2,train,4FSK,Classic
datasets/waterfall/4FSK/f74ac969e3b2a4082c7633c252275ad657bcf953a46a5771b52f0f610eea6733.png,4FSK,synthetic,4FSK-80172-0-2,train,4FSK,Classic
datasets/waterfall/4FSK/d75dbb08acb2e56a55fe109078f1d925360ffa7c3e35b59e8f1ba688c2c3c65b.png,4FSK,synthetic,4FSK-73311-0-2,train,4FSK,Classic
datasets/waterfall/4FSK/46fce0ce619ee4e454a84ec5d8106b08269a695548ce3390317136f2aaf29e51.png,4FSK,synthetic,4FSK-73312-0-1,train,4FSK,Classic
datasets/waterfall/4FSK/2d77b519933801aa37a6e4e1af0534b4a1f14c729e840dd5fcd7c35d14a062a4.png,4FSK,synthetic,4FSK-1669-0-1,train,4FSK,Classic
datasets/waterfall/4FSK/2d691e13931bd49d473004be2bc8769cbb39655f2418e2be9648feedbe3e4f1c.png,4FSK,synthetic,4FSK-44110-0-1,train,4FSK,Inferno
datasets/waterfall/4FSK/e33ba16b0f766b86aaad0952b20cad2a27b578fab78a5452c335395752a049a4.png,4FSK,synthetic,4FSK-66417-0-1,train,4FSK,Classic
datasets/waterfall/4FSK/8b073ed249c27dda92605f9578874da7c8ce637cada22bd0cc616d3dcb10a770.png,4FSK,synthetic,4FSK-66418-0-2,train,4FSK,Classic
datasets/waterfall/4FSK/35bb58efabcf3a1d9539c222548558124065f8592c5d725ed40e6023891cf412.png,4FSK,synthetic,4FSK-83463-0-2,train,4FSK,Classic
datasets/waterfall/4FSK/506fd5dffedc4400adfff20e1676166b919c48bb05a9c4125d66b7bd4440866c.png,4FSK,synthetic,4FSK-44109-0-0,train,4FSK,Grey Scale
datasets/waterfall/4FSK/38672b86c3ffae0140aa43afcc1c5754d5cec347ccb1e1c758892627a463278e.png,4FSK,synthetic,4FSK-94730-0-1,train,4FSK,Classic
datasets/waterfall/4FSK/e10b2c2c14dbe20f47887752d319f4d14c4936a4b8bcc0ff4048d4b3aff60921.png,4FSK,synthetic,4FSK-1669-0-0,train,4FSK,Classic
datasets/waterfall/4FSK/32c4bfed54e9f8ebab2381a3553aee383587c1415242ae3de63a2b64a9fbc035.png,4FSK,synthetic,4FSK-62774-0-0,train,4FSK,Classic
datasets/waterfall/4FSK/42af044f947e5b5f447eba241df628857b82f7e49160c8454e4d840553ed90cc.png,4FSK,synthetic,4FSK-44111-0-1,train,4FSK,Magma
datasets/waterfall/4FSK/ad9b9079dfb09cd93ffd85a45261b131b05d7607ec2fabfe9632410b5b2aa11d.png,4FSK,synthetic,4FSK-94730-0-0,train,4FSK,Classic
datasets/waterfall/4FSK/1e12047516029050df78c3815ab490ff79ad31f7c6e2a348ca55a6a442237805.png,4FSK,synthetic,4FSK-73311-0-1,train,4FSK,Classic
datasets/waterfall/4FSK/95355cd1ebfae2aff3ffc0e865be1ed36c2ec1e85bbbddf1dc0698edac17bbbd.png,4FSK,synthetic,4FSK-73311-0-2,train,4FSK,Classic
datasets/waterfall/4FSK/96ba728eb5b4055e23a4d29c754faf8bd4cf80764392b71ce4532a205df44550.png,4FSK,synthetic,4FSK-94237-0-0,train,4FSK,Classic
datasets/waterfall/4FSK/8613e5262be21513ec2141c1835763cebc468b1939072025bcedc5bac1e11bfb.png,4FSK,synthetic,4FSK-63752-0-2,train,4FSK,Classic
datasets/waterfall/4FSK/7cd18b490451cdc713d8f23bd21e6e8f3f07834903f650cfd46c494796ca835b.png,4FSK,synthetic,4FSK-66416-0-1,train,4FSK,Classic
datasets/waterfall/4FSK/ed2b00ba8dc86eacfca5126e4a363df125d7ba02d553beef29f7097f57bf0f4d.png,4FSK,synthetic,4FSK-1667-0-0,train,4FSK,Classic
datasets/waterfall/4FSK/ed2ae6f9f6a6004b4d6cfb647c8c017fde7284421a4bc181176f617d7a281d8c.png,4FSK,synthetic,4FSK-63752-0-0,train,4FSK,Classic
datasets/waterfall/4FSK/cf168dc46534cc537018011e5489e6b711d66b4b1ac1861f38e5e07edc8850aa.png,4FSK,synthetic,4FSK-87304-0-0,train,4FSK,Classic
datasets/waterfall/4FSK/4954b2fa515e0ebd3f15c11c3eeaa9826a608187b203f2144e8eb770c870e81c.png,4FSK,synthetic,4FSK-66418-0-1,train,4FSK,Classic
datasets/waterfall/4FSK/16d9d4579918f5ddaa0b1376b7babf0b08159d5754b38c5cd0342aa4a3ef99c2.png,4FSK,synthetic,4FSK-1667-0-2,train,4FSK,Classic
datasets/waterfall/4FSK/4dd1301b16ab2b0a53e19ca876a81f6363e2d46fb6cf870a3bdb49c558c18c46.png,4FSK,synthetic,4FSK-50344-0-0,train,4FSK,Vivid
datasets/waterfall/4FSK/2902441b11b30e8cd7fd794ca0a31cbee41ca1234684d5ac3ac7cd355bbe4c89.png,4FSK,synthetic,4FSK-44107-0-1,train,4FSK,Electric
datasets/waterfall/4FSK/69c42f572cf8186d2a6de8a3e5804000706a307982d99dbd10a376ef14ba6a5e.png,4FSK,synthetic,4FSK-94728-0-1,train,4FSK,Classic
datasets/waterfall/4FSK/6ad4c4c32d17dcfe6a1d0674bc90ab246fba0082c60a647877bbf303e6535d18.png,4FSK,synthetic,4FSK-73312-0-2,train,4FSK,Classic
datasets/waterfall/4FSK/16352c7711eeb08d0bd66153edee43101aeb599b0d4843f3289ce1b5df228c85.png,4FSK,synthetic,4FSK-50344-0-1,train,4FSK,Vivid
datasets/waterfall/4FSK/a3b6f9951ef29d42b135c13d7247d74931c622d98e12fbbced9288bbe8136ba6.png,4FSK,synthetic,4FSK-94731-0-0,train,4FSK,Classic
datasets/waterfall/4FSK/727a0667ad418d847542f4911793d02e1356b1944b788eaf0940ea93bbe1eee6.png,4FSK,synthetic,4FSK-94729-0-1,train,4FSK,Classic
datasets/waterfall/4FSK/30e9412f910e78f5e5fb8da298f79a96cc891cf7e67ee660ae105c4950e92d04.png,4FSK,synthetic,4FSK-87304-0-2,train,4FSK,Classic
datasets/waterfall/4FSK/05a1aabc2f7af32ca82fbfe7cc9a53c8e47dbd4bbba11d4d0cd7487b068c158e.png,4FSK,real-old,legacy-4FSK-60x19,train,,
datasets/waterfall/4FSK/0994bafa657e7be3ca02759a09c09d8e71eb2c7fb7ae78ffdb31b0d83aa4ca5e.png,4FSK,synthetic,4FSK-83463-0-2,train,4FSK,Classic
datasets/waterfall/4FSK/0c01c211fab86112fdb22e80247b7e9a2aa77b6e7796c2d19ed3ee5c2a0142a4.png,4FSK,synthetic,4FSK-62356-0-1,train,4FSK,Classic
datasets/waterfall/4FSK/d9aabf1d978879fddbfd65061e00025c7772f1641909f21f402119d3302cb162.png,4FSK,synthetic,4FSK-94237-0-0,train,4FSK,Classic
datasets/waterfall/4FSK/4d0f055fcefe96bdc16b7506e0e2f59a44eb1e2a41013b9f89b5abb1446b8632.png,4FSK,synthetic,4FSK-87303-0-2,train,4FSK,Classic
datasets/waterfall/4FSK/c445c1e78aac9e1871e3ca59946f045c9eb19d50eb397fead959a02b72ccd0e4.png,4FSK,synthetic,4FSK-87304-0-1,train,4FSK,Classic
datasets/waterfall/4FSK/93836d617228673ed34104e7daa19bf56cf793f20abf2d18446d8642796e44b8.png,4FSK,synthetic,4FSK-66416-0-0,train,4FSK,Classic
datasets/waterfall/4FSK/f658fddaff42d3020e6d6e4c8ea814c047fcd6c5de406f06c232a5a72ccee4de.png,4FSK,synthetic,4FSK-1668-0-0,train,4FSK,Classic
datasets/waterfall/4FSK/5cf65f0b67a436563f5b3ad6768e6ab56582240dfdd4df6bcc8992267433319b.png,4FSK,synthetic,4FSK-87303-0-2,train,4FSK,Classic
datasets/waterfall/4FSK/90808e652f28af8e388f92143881905af87ad1f64966cd952c21a2183780d5de.png,4FSK,synthetic,4FSK-94731-0-2,train,4FSK,Classic
datasets/waterfall/4FSK/8a97a7c0ee105e0c5dbee9d2691c117675dbd4ab808c046f5343ad5ab2cdcbe7.png,4FSK,synthetic,4FSK-1670-0-2,train,4FSK,Classic
datasets/waterfall/4FSK/84d0b031d8b379022c327abb488df4145051b7b743759cf72948cebd402256a9.png,4FSK,synthetic,4FSK-66416-0-2,train,4FSK,Classic
datasets/waterfall/4FSK/f17fe80a74b6b0e3a6530d3a1ffb5c2a8d0375162045fcc43b7a30bd7074a97a.png,4FSK,synthetic,4FSK-80172-0-0,train,4FSK,Classic
datasets/waterfall/4FSK/4887995e44981c18b0f2c8017b6df2e34f190c9350255a9fdc7ad6b3f75a8c29.png,4FSK,synthetic,4FSK-44111-0-0,train,4FSK,Magma
datasets/waterfall/4FSK/37ab9911a4f4660e1562214d5ba4ad0b036cf287f6f82fb3d04cb66d27e40fdf.png,4FSK,synthetic,4FSK-94728-0-2,train,4FSK,Classic
datasets/waterfall/4FSK/1a069df0e6a87f199ab19b63e208c845af42d53f65c3bb9bc5894fac2b475b9b.png,4FSK,synthetic,4FSK-87304-0-2,train,4FSK,Classic
datasets/waterfall/4FSK/ac16990a87db816d7d5995df9f32eb5d42f850c28344bbe97d13def9d77eb05c.png,4FSK,synthetic,4FSK-87306-0-2,train,4FSK,Classic
datasets/waterfall/4FSK/ecc60ac68fdb031ed9f299243e2183a882ffe30ebd82493272a5f433d828fcae.png,4FSK,synthetic,4FSK-44107-0-0,train,4FSK,Electric
datasets/waterfall/4FSK/de5b766efd9cf46ad0fa534567456e577c3211ba554228b24ad1633a12b92b22.png,4FSK,synthetic,4FSK-87306-0-2,train,4FSK,Classic
datasets/waterfall/4FSK/3591378b6a68879362bcc7fc31e2f425f999ea6273b42e6d5e6143727bb39039.png,4FSK,synthetic,4FSK-87304-0-0,train,4FSK,Classic
datasets/waterfall/4FSK/7d8d7efff12bfb408b87a7dc80321978cb7f80311ebf49d5fa04df80d91256f2.png,4FSK,synthetic,4FSK-83464-0-1,train,4FSK,Classic
datasets/waterfall/4FSK/d46cf3d2a8d5d9d0bf7482024dacf69b5587962da5aa64436b03c57689d7ff25.png,4FSK,synthetic,4FSK-63752-0-0,train,4FSK,Classic
datasets/waterfall/4FSK/30022a1cc13d707b5cf4de22593f5b60c2db89ec9ed8c4905ba14fca1861761b.png,4FSK,synthetic,4FSK-73310-0-2,train,4FSK,Classic
datasets/waterfall/4FSK/3d996c2562c177f316531b6c6eacf1fc63aa66b14f1e273dc56a1f488972f896.png,4FSK,synthetic,4FSK-66416-0-0,train,4FSK,Classic
datasets/waterfall/4FSK/f3cb0849d25d83525817cd402257167695d276cfb31f6767dacd50f80c3ae46f.png,4FSK,synthetic,4FSK-73312-0-2,train,4FSK,Classic
datasets/waterfall/4FSK/86681b3a03aeab8e5f0841e38153af1358d5cf4db1e087189b40a62391651ba4.png,4FSK,synthetic,4FSK-1670-0-1,train,4FSK,Classic
datasets/waterfall/4FSK/a0fd4ecf0d1104fd801fe042c5538c4df50942fda02f9cf5e90974a626808268.png,4FSK,synthetic,4FSK-66418-0-1,train,4FSK,Classic
datasets/waterfall/4FSK/7375ee6154e14123f4463912644355c0afe74066ff99c09380c31ffeaf11ff4c.png,4FSK,synthetic,4FSK-50343-0-2,train,4FSK,Viridis
datasets/waterfall/4FSK/462957b06309586c1590fcfedd2f4904457270a30fca621e3509eee338582bbd.png,4FSK,synthetic,4FSK-44108-0-2,train,4FSK,GQRX
datasets/waterfall/4FSK/84b8ae85db525eb02cee31e5a60d56383d9cc36fe5e95e7faef9dab3b633543c.png,4FSK,synthetic,4FSK-80172-0-0,train,4FSK,Classic
datasets/waterfall/4FSK/5d49d6c676b6f37730611f26424dd8afe9369c434439f20a73ac345ba8a4d64a.png,4FSK,synthetic,4FSK-94728-0-0,train,4FSK,Classic
datasets/waterfall/4FSK/87b7d904c519a0e6f2f8e4633f1db95341baabc7bb26d3ea8d7463abf3335986.png,4FSK,synthetic,4FSK-66418-0-0,train,4FSK,Classic
datasets/waterfall/4FSK/853a480f45008a78d8a1baa621aa167b7f11004ee35b74277143a86f63fdb7b8.png,4FSK,synthetic,4FSK-73312-0-1,train,4FSK,Classic
datasets/waterfall/4FSK/fad2e8fa49873d3fd417a8892c388d47795ac90e355ff3c9107f719b929d98ec.png,4FSK,synthetic,4FSK-61881-0-2,train,4FSK,Classic
datasets/waterfall/4FSK/405b93bc7e4c23358a2ed68b3cbb12f2ff31f0f53903335025e867da565baf09.png,4FSK,synthetic,4FSK-44108-0-0,train,4FSK,GQRX
datasets/waterfall/4FSK/c365d8a76a892b06cdc2c9c67639479617ca7b7f704768f69f6a296812569840.png,4FSK,synthetic,4FSK-83464-0-0,train,4FSK,Classic
datasets/waterfall/4FSK/357736aa47f702cf2d30fd1c3bc33bf3d97769416b52976ea1843ffea991b661.png,4FSK,synthetic,4FSK-1669-0-2,train,4FSK,Classic
datasets/waterfall/4FSK/93f592c670d8f169cd84a7befe6ea93818a6fcfdf3290ace93902e22f3086dd1.png,4FSK,synthetic,4FSK-1670-0-0,train,4FSK,Classic
datasets/waterfall/4FSK/1463d559edf1226d115d28ba7d72dfd74120aef0328de1f4a2464cd3b79d901f.png,4FSK,synthetic,4FSK-1667-0-1,train,4FSK,Classic
datasets/waterfall/4FSK/27050e01a0a9551e40c82267bf8384292c31a99f217a6d16216d11303365ffcc.png,4FSK,real-old,legacy-4FSK-51x24,train,,
datasets/waterfall/4FSK/7506ccbde372b9919c89d643a32dea31a3b764fd571e4cc2d7352ce69940c554.png,4FSK,synthetic,4FSK-62356-0-2,train,4FSK,Classic
datasets/waterfall/4FSK/149611dae00c32aa7cd61cb498babb2bd34b25750361610c3dfa42d7d0bc3c1f.png,4FSK,synthetic,4FSK-44110-0-2,train,4FSK,Inferno
datasets/waterfall/4FSK/4982fb63c1f184105646567a1e60ac3b9985ae745c83a4f2db59a5441b2903ce.png,4FSK,synthetic,4FSK-87306-0-1,train,4FSK,Classic
datasets/waterfall/4FSK/712b01161c3675d29376a5b9a7e52092db91ef7d2dca134f77986fe05f1fbb7c.png,4FSK,synthetic,4FSK-66417-0-0,train,4FSK,Classic
datasets/waterfall/4FSK/6f3e12689522bbd7981ed5f52a7188da5770b81227ef21668894f10e0bac1e11.png,4FSK,synthetic,4FSK-62774-0-2,train,4FSK,Classic
datasets/waterfall/4FSK/149cd78532bcdefcad87dac1fea95862fc525008cd46d63f5ac47bb9693056fc.png,4FSK,synthetic,4FSK-62356-0-1,train,4FSK,Classic
datasets/waterfall/4FSK/dbffcfc461ca3edfb6079c63e6e22d8166b139cb174c01b7a1402698c8e19929.png,4FSK,synthetic,4FSK-94730-0-1,train,4FSK,Classic
datasets/waterfall/4FSK/1a5538a9fc17a1cd5b0f92fdf080f0ba4ef8174c2afbca9a430c1ac2c4ed55ac.png,4FSK,synthetic,4FSK-73310-0-1,train,4FSK,Classic
datasets/waterfall/4FSK/82250d8ed5e228342eb746f028f67e9893794da5a9699be8c941577c821833f5.png,4FSK,synthetic,4FSK-83464-0-0,train,4FSK,Classic
datasets/waterfall/4FSK/1a9cac88f28c8f48425e550e85f8f18da395719c06393ceb34909ea7d3e6b3f5.png,4FSK,synthetic,4FSK-44107-0-2,train,4FSK,Electric
datasets/waterfall/4FSK/f089fd0b3437bfb73b2ec371b3acb5ec02a6f229ac986a656830cc2f4a78f8de.png,4FSK,synthetic,4FSK-94729-0-2,train,4FSK,Classic
datasets/waterfall/4FSK/4aaf9fab54f80545df4ad846410bcbeb7e530e6836653db02991962d39b292f0.png,4FSK,synthetic,4FSK-83464-0-2,train,4FSK,Classic
datasets/waterfall/4FSK/8ba8571d28b52bb0ef90cf473d6984f8e7eac98a344907474b7762c11c8a735d.png,4FSK,synthetic,4FSK-1668-0-1,train,4FSK,Classic
datasets/waterfall/4FSK/7fe215766c69e0d83cf57e693c7b9d50e237c2ce8e9296140a81db5c3624c608.png,4FSK,synthetic,4FSK-83464-0-2,train,4FSK,Classic
datasets/waterfall/4FSK/f54bcc0ac3df163d78a3766b86ec87c9256b18c23fdfd8147d79a7561040c95e.png,4FSK,synthetic,4FSK-66417-0-0,train,4FSK,Classic
datasets/waterfall/4FSK/032c2775c6d929dbfca722eceb2345de5255a6e053bdd40cf4328c547bb75a7d.png,4FSK,synthetic,4FSK-66417-0-1,train,4FSK,Classic
datasets/waterfall/4FSK/9f8d8ac567f8b7f02fdae2044041b9329f343c48d32e81868297a4c197e5153e.png,4FSK,synthetic,4FSK-73310-0-0,train,4FSK,Classic
datasets/waterfall/4FSK/4c738e5f433a69011005b894ef91453427e5560daafa014e493b42506563f97a.png,4FSK,synthetic,4FSK-94728-0-1,train,4FSK,Classic
datasets/waterfall/4FSK/fd763e720298cccc13028dfc511e3f12cafc9f4bc20b9aaff85037deb305b509.png,4FSK,synthetic,4FSK-1668-0-2,train,4FSK,Classic
datasets/waterfall/4FSK/8071473165aef5d536c95d550a1bb7c48ce7ce2a962a686ea8f8cb6c5d8e6b99.png,4FSK,synthetic,4FSK-44109-0-2,train,4FSK,Grey Scale
datasets/waterfall/4FSK/6531e6e489bb883b21c2b53dd5fb1afd73dd6ba74949d4a05cff1421f475e986.png,4FSK,synthetic,4FSK-87303-0-1,train,4FSK,Classic
datasets/waterfall/4FSK/f7660bea917e1deaa7c678d0bd283998388e52213ad558f3a8df5ad3c619e277.png,4FSK,synthetic,4FSK-94729-0-0,train,4FSK,Classic
datasets/waterfall/4FSK/3963324c5eed1f732d0b914068dc007a9670e7dd44158494b1cd57dcbbf7f9d5.png,4FSK,synthetic,4FSK-83463-0-0,train,4FSK,Classic
datasets/waterfall/4FSK/16ab7d67fc17f2ea44f53ee28e2dcc6bab2d34b1d086490c4e28b5b079875fbc.png,4FSK,synthetic,4FSK-94237-0-2,train,4FSK,Classic
datasets/waterfall/4FSK/8c9e86da1bdb812c75d50f025ba4fdfb092b8133603950a8d6d49fc221e2041e.png,4FSK,synthetic,4FSK-1669-0-2,train,4FSK,Classic
datasets/waterfall/4FSK/01d14869f7427251b17bdbb04b081ae160ba32187f845efc8a102cf9226e6cc4.png,4FSK,synthetic,4FSK-94731-0-0,train,4FSK,Classic
datasets/waterfall/4FSK/7c195da2930b98fed3755457f2639d6bcd079cca7b77c787d5863d25b78facf5.png,4FSK,synthetic,4FSK-94730-0-2,train,4FSK,Classic
datasets/waterfall/OOK/4b2190ef4a3f3ce417fd8411a80b7bb0ebed652bfa818cf79d8ef245ce10041c.png,OOK,synthetic,OOK-87303-0-2,test,OOK,Classic
datasets/waterfall/OOK/d8e688f60cca0ff8839fe34812b16b3dbd94584fc02ba9d5c26fd5969009cfd6.png,OOK,real-old,legacy-OOK-14x12,test,remote-keyless-entry,
datasets/waterfall/OOK/06ab0a5ec3e183e8c846cd581a12ce952791a15c5182a1c645f0252778fb5852.png,OOK,synthetic,OOK-87305-0-0,test,remote-keyless-entry,Classic
datasets/waterfall/OOK/7dcc118f436e537f146540e5b86a77424b8def4197fda8357adf18f895f95a90.png,OOK,synthetic,OOK-73311-0-1,test,remote-keyless-entry,Classic
datasets/waterfall/OOK/ab75baca9d377b57b360fd264c44ba906a5931ea8dddbd1681b0035f53086584.png,OOK,synthetic,OOK-73310-0-1,test,remote-keyless-entry,Classic
datasets/waterfall/OOK/7845b2e62cf67fd427a3b51f2b40426d6d31c7066718b48433116409cc7bd829.png,OOK,synthetic,OOK-66417-0-0,test,remote-keyless-entry,Classic
datasets/waterfall/OOK/f1aa9df2f0e02a7e357ac5b72bccf74c4ed0e6f820aca2be7de0e5f16a854e7c.png,OOK,real-old,legacy-OOK-19x10,test,morse,
datasets/waterfall/OOK/267da39f75ce9e8b40feae5e373442fa7a1efb75d3a668025b8c905f510622a4.png,OOK,synthetic,OOK-87304-0-1,test,OOK,Classic
datasets/waterfall/OOK/14ec3aa06528f54e66e2e28c9fd24aecd36198e3a91b46e4f019078a8679c84b.png,OOK,real-old,legacy-OOK-15x12,test,remote-keyless-entry,
datasets/waterfall/OOK/74387fa83cb568a17cee41f18064a47b371fab89716325ca5235c2c970c64ac1.png,OOK,real-old,legacy-OOK-20x10,test,morse,
datasets/waterfall/OOK/4ffaf6f5296ef6ab4315f90283683db288bc882f1367bac1648cb89f9a529875.png,OOK,real-old,legacy-OOK-18x11,test,remote-keyless-entry,
datasets/waterfall/OOK/cde2474403c798ddc9ba6f868c9e4a22488ccca084c115dd52c70adae413ab18.png,OOK,real-old,legacy-OOK-15x12,test,remote-keyless-entry,
datasets/waterfall/OOK/b47c4c8b1463701599046def14e3d7337e2edca38b6f6d796e15172b16eefb9c.png,OOK,real-old,legacy-OOK-18x11,test,remote-keyless-entry,
datasets/waterfall/OOK/4c15802adc30aac38ad18bb64360956d121bc51b58deb1bee6dde19169cad8ff.png,OOK,synthetic,OOK-83463-0-2,test,remote-keyless-entry,Classic
datasets/waterfall/OOK/cc014e404a4e9b21114e0e436c385f58e7ad600e88d527e7db9a6ea2c2f71c30.png,OOK,synthetic,OOK-50343-0-1,test,morse,Smoke
datasets/waterfall/OOK/905be038a17c54fb4b10a5016a9d4dafa826883a5c09885ad7d2651e3b971425.png,OOK,synthetic,OOK-73311-0-0,test,remote-keyless-entry,Classic
datasets/waterfall/OOK/fe635b124a6e99ec1cf672ccb35b4b6d10b30ce67aa6566b25698d01d55ee397.png,OOK,synthetic,OOK-44111-0-0,test,remote-keyless-entry,GQRX
datasets/waterfall/OOK/5d3791828654509b0702f02d0f6b7e4e8ad2c7ea46fbe446a7a716ead1c3931c.png,OOK,synthetic,OOK-94728-0-2,test,OOK,Classic
datasets/waterfall/OOK/219005a1ee68cdd7e15bb4f333a18dae0da7e46535657871b1319ee0775fd033.png,OOK,real-old,legacy-OOK-31x9,test,remote-keyless-entry,
datasets/waterfall/OOK/50f804efb043add75365451541baa3c01d7a5e61fd4d3cfba2c42a1086540707.png,OOK,synthetic,OOK-87304-0-2,test,OOK,Classic
datasets/waterfall/OOK/f93814d9dc86ce1505bc51a71768249dcaa0f58e6f614c7ff60fee0b7e154a0b.png,OOK,synthetic,OOK-94729-0-0,test,remote-keyless-entry,Classic
datasets/waterfall/OOK/2cbbfcea0c5633c5769086f836098fe4e16d57043c4f92631c1b3ae15bd76989.png,OOK,synthetic,OOK-73311-0-1,test,remote-keyless-entry,Classic
datasets/waterfall/OOK/5581c3d9615dfc4ec6e6c23e305175709c357e8b9517fb86a546cb969d970c8d.png,OOK,synthetic,OOK-1667-0-2,test,OOK,Classic
datasets/waterfall/OOK/73280b698a23a102c7a583a25f89ed9a56921bba0e498d529375276bc2724bab.png,OOK,real-old,legacy-OOK-31x9,test,remote-keyless-entry,
datasets/waterfall/OOK/f9f6e2c53c79b7422e0601720928b7889aca9a157c41e4f5b3bfbc6d1e8c0901.png,OOK,synthetic,OOK-1667-0-0,test,OOK,Classic
datasets/waterfall/OOK/ddf0a4bb915955d69c1160008122261ffead3be99e356b81d9c8811e66972e7d.png,OOK,real-old,legacy-OOK-15x12,test,remote-keyless-entry,
datasets/waterfall/OOK/c7a4f7e1bb8edc4b891b6b322ec883fc18a223633fab3275f6bdc090ca9c9929.png,OOK,real-old,legacy-OOK-14x12,val,remote-keyless-entry,
datasets/waterfall/OOK/cd3d2bf405c0a94be65c0832063371d458374a4a6c911b70c3660da6bba425d7.png,OOK,synthetic,OOK-87305-0-2,val,remote-keyless-entry,Classic
datasets/waterfall/OOK/b90931fd10a7e10121d20c845c6b281851859fbdab2d07677810d0d8807e8a64.png,OOK,synthetic,OOK-301-3-0,val,remote-keyless-entry,Classic
datasets/waterfall/OOK/7ca72d29cfcfca5b999fa9141fccf35cc09d168d71c40fa766108923e834feb2.png,OOK,synthetic,OOK-87304-0-2,val,OOK,Classic
datasets/waterfall/OOK/d46da8e0b4a014f391a32e1445e406e4c5b8ccfaf09e9656549226a61eb0d5c4.png,OOK,real-old,legacy-OOK-15x12,val,remote-keyless-entry,
datasets/waterfall/OOK/5642974fa90f5a5de421d569750aff99e5abad91df6d710a56d3a72ec26cdebf.png,OOK,synthetic,OOK-94729-0-2,val,remote-keyless-entry,Classic
datasets/waterfall/OOK/425ab458fb9cce22a73097f8a62cb9f426d9e2bc51e8f1ec13b907e1b587c174.png,OOK,real-old,legacy-OOK-18x11,val,remote-keyless-entry,
datasets/waterfall/OOK/bd30edb8797bd260826c751bb4157dced894be800d3b55a1914a71909d05093b.png,OOK,real-old,legacy-OOK-16x10,val,morse,
datasets/waterfall/OOK/476ead299e5e5484c9b239047328e40312a24940e7a412dddc6086cc92fcce26.png,OOK,synthetic,OOK-1668-0-2,val,remote-keyless-entry,Classic
datasets/waterfall/OOK/0333e82db4ada378527c1aa3038eed993e8fc801afb6f58f0fe3c046495bb20f.png,OOK,synthetic,OOK-66417-0-2,val,remote-keyless-entry,Classic
datasets/waterfall/OOK/3c5678cf8635081c34fef8f53588497bcf4bcb48b7dfec1f6fc9eb2878ed9802.png,OOK,real-old,legacy-OOK-19x10,val,morse,
datasets/waterfall/OOK/3762b831163c83df9361bfab064146aaf8fd836fe3d7c54ba5a10527c45c5ee4.png,OOK,real-old,legacy-OOK-31x9,val,remote-keyless-entry,
datasets/waterfall/OOK/9c77ed91f68484f1c15743dd12fc655717156ad6e4e6b3eeb5f2b1c34f854b25.png,OOK,real-old,legacy-OOK-14x12,val,remote-keyless-entry,
datasets/waterfall/OOK/27733151a88ff876ea05e40bb01710c4440c0227371392905eee38ad4b45d1c9.png,OOK,synthetic,OOK-73310-0-0,val,remote-keyless-entry,Classic
datasets/waterfall/OOK/d19410b9fd2a2037c7748d64f43c23ddc166c9fe8d18484c30957f81520becaa.png,OOK,real-old,legacy-OOK-41x24,val,remote-keyless-entry,
datasets/waterfall/OOK/f4661be6e80bd62127ec0fb3b637b936a583d345768f4dec97b15a89616b566f.png,OOK,synthetic,OOK-1668-0-1,val,remote-keyless-entry,Classic
datasets/waterfall/OOK/d4ed12ead8c58bdfeb4bee0c2b394b286dab915a526d6cc283b8938c4e19c800.png,OOK,real-old,legacy-OOK-18x11,val,remote-keyless-entry,
datasets/waterfall/OOK/97e2dac7bd11360334129172ccdd5bb2f0b1dd9915f244a2452ade03840bb3a4.png,OOK,synthetic,OOK-66417-0-2,val,remote-keyless-entry,Classic
datasets/waterfall/OOK/e0ad945b3859d575546e360cda04ec8e30e9ca95661160745081639c8e8731e3.png,OOK,real-old,legacy-OOK-5x12,val,remote-keyless-entry,
datasets/waterfall/OOK/55d3c0c4f703e67f5db38e603461c268d55ac4d2347e585840049749e7d98809.png,OOK,synthetic,OOK-44111-0-1,val,remote-keyless-entry,GQRX
datasets/waterfall/OOK/74b252cb9ca123fd3e0641d4679e2642db926149012f570c13fa00d715ee58c2.png,OOK,synthetic,OOK-44107-0-1,val,morse,Vivid
datasets/waterfall/OOK/870a7745ac027adf61e9c6be41214cee6dd38a595dbceed9c8d69c3a892d7986.png,OOK,synthetic,OOK-44110-0-0,val,remote-keyless-entry,Electric
datasets/waterfall/OOK/ca6521a276823d78f6e68196ac6087b1874e86e82c07e402cfc71ab896ab2671.png,OOK,synthetic,OOK-44109-0-0,val,morse,Classic Green
datasets/waterfall/OOK/7ff43da53d9c3174cd82ee31bdf487c3aaffd6bf92c6149af29415f40d1b1d8b.png,OOK,real-old,legacy-OOK-15x12,val,remote-keyless-entry,
datasets/waterfall/OOK/3bbd0dc1304f2d00c2001a882073112f729386922ff96cda69381cbbdc6f75a0.png,OOK,synthetic,OOK-94728-0-1,val,OOK,Classic
datasets/waterfall/OOK/c312e38dcc4adb4e2370361e0522b61f697b4433965b86ca3f25d1c17b9ad401.png,OOK,synthetic,OOK-83463-0-2,val,remote-keyless-entry,Classic
datasets/waterfall/OOK/d456811fa99e05995cd8bc04461bf20ac4da0204be14af9971155c061030a758.png,OOK,real-old,legacy-OOK-5x12,train,remote-keyless-entry,
datasets/waterfall/OOK/0fb407191fa8bec1b891072c6769f1b032cc39b666c265c819a65418acf5ceaa.png,OOK,synthetic,OOK-44109-0-1,train,morse,Classic Green
datasets/waterfall/OOK/5379fced884ace9b9a498b33ebb5a0cff020369e00771ea658cc55f1ad1e1516.png,OOK,synthetic,OOK-1669-0-0,train,morse,Classic
datasets/waterfall/OOK/a21ad4d7d01180ce0027fe7c2f2a7949a43ba2ff2d1dc24fd6715c3cfe32660d.png,OOK,synthetic,OOK-87304-0-1,train,OOK,Classic
datasets/waterfall/OOK/9c18a2c56754b1789af99683ec10cffdcd670dd99e1db4571d4d7250d1c16b23.png,OOK,synthetic,OOK-301-2-0,train,OOK,Classic
datasets/waterfall/OOK/d0b2953f024a1e847644f39b5e09e928cc7222a8ab47f64cbf7a613f9b0a9c6b.png,OOK,synthetic,OOK-87304-0-0,train,OOK,Classic
datasets/waterfall/OOK/83b315064d007ca1a9a1be3238f43be830592f3f485a7772a2876fbdb04a6f5f.png,OOK,synthetic,OOK-87303-0-2,train,OOK,Classic
datasets/waterfall/OOK/297a214fc61f9cdab20dfe0d170c880e91b583b4225f7f9a8c4df6be7b1b3b16.png,OOK,synthetic,OOK-87305-0-1,train,remote-keyless-entry,Classic
datasets/waterfall/OOK/8dcb9549119814b930c228b37bac1fd2287f34b21b7b5a7d7c66c95ab7bed682.png,OOK,synthetic,OOK-1669-0-2,train,morse,Classic
datasets/waterfall/OOK/067c771fbaf34d1c32b9a963fbdb43ef66c859cd5bbcf549adb6687d71af254a.png,OOK,real-old,legacy-OOK-7x12,train,remote-keyless-entry,
datasets/waterfall/OOK/3ec0de50f97f8a6ae03aafc1d5310bddca140de6a2619343fafafa9ef6637392.png,OOK,synthetic,OOK-66416-0-2,train,morse,Classic
datasets/waterfall/OOK/9cc43bfd6361025e9fdb0f2ff77835fa74f16df3117371270bd717058283a6a2.png,OOK,real-old,legacy-OOK-32x11,train,remote-keyless-entry,
datasets/waterfall/OOK/472cebee7ac91cb7dcc12c5a9da1db8485817803327b3cce81e2cbcbc4f68594.png,OOK,synthetic,OOK-1669-0-0,train,morse,Classic
datasets/waterfall/OOK/f76af50e50b525566bb1f62d9b3ce6f41bf61d4407c1cd0615c6105ec7239c70.png,OOK,synthetic,OOK-44110-0-1,train,remote-keyless-entry,Electric
datasets/waterfall/OOK/426decd0d1551af8f549bd2dffb77ebc414c17a12cd72345a3b237f7d7564a45.png,OOK,synthetic,OOK-94730-0-1,train,remote-keyless-entry,Classic
datasets/waterfall/OOK/be2ac433ae85b07b6d120ab2b28ff93c87680b097de16f513feaaf77e2ee7d72.png,OOK,real-old,legacy-OOK-32x11,train,remote-keyless-entry,
datasets/waterfall/OOK/1c44a3631ca3c79e2125efd76bf800a2f762b228a9e3fccdbc07f0a1dff4b6cd.png,OOK,synthetic,OOK-44110-0-2,train,remote-keyless-entry,Electric
datasets/waterfall/OOK/1099126c61915aeaca666e8cc55cbd26b18bef473c87b420c229d5c1cb7c22e1.png,OOK,synthetic,OOK-94729-0-0,train,remote-keyless-entry,Classic
datasets/waterfall/OOK/721dc8ef9c769e8f15ba442ff4a30056a57b0126f93a852dee50a997ee99e518.png,OOK,synthetic,OOK-1668-0-0,train,remote-keyless-entry,Classic
datasets/waterfall/OOK/c51f750aab88ded1016a2d394f226c47ef9c37a83f790aad3b7f83a470dbabdc.png,OOK,synthetic,OOK-87305-0-0,train,remote-keyless-entry,Classic
datasets/waterfall/OOK/c066e4d1b210ea24418e13161c88069b99831d218ed2b54478cb5fc56bef450d.png,OOK,real-old,legacy-OOK-31x9,train,remote-keyless-entry,
datasets/waterfall/OOK/ae568bd98acf7e1ebc02e95166918a0afe25fff3d75e5b9b1dcc3c6abfa2a58a.png,OOK,real-old,legacy-OOK-15x12,train,remote-keyless-entry,
datasets/waterfall/OOK/6ff0e48ebd8cb34f5c150e806a202afe4fd491039cdcb3ca25e66ef400fc3115.png,OOK,synthetic,OOK-66416-0-1,train,morse,Classic
datasets/waterfall/OOK/48c4d2359c5ed40ffbf35335bc2326515669e239b8ef8bc6987b935eddb6d326.png,OOK,synthetic,OOK-87305-0-1,train,remote-keyless-entry,Classic
datasets/waterfall/OOK/ba2c0d6ec4bc10761b0f235514e80698d27d7f04b24b1b48950676b653e24ffd.png,OOK,real-old,legacy-OOK-21x10,train,morse,
datasets/waterfall/OOK/e96468740ed08d90ec1ccd43160745e5c0fe4f2e764538f600cd550a77f48804.png,OOK,synthetic,OOK-73311-0-0,train,remote-keyless-entry,Classic
datasets/waterfall/OOK/9a17a3c3b5f929dc5362a9a787cf9d15f6fe2b85753ecdd7c96e272ebb8a788a.png,OOK,synthetic,OOK-50344-0-1,train,morse,Temper Colors
datasets/waterfall/OOK/52329a2eb9d29e464e5f81aebf765aeb928ba5d38da6211c2e16e6ae8e4ded05.png,OOK,synthetic,OOK-94729-0-2,train,remote-keyless-entry,Classic
datasets/waterfall/OOK/2502648ea80a58bf1bbe2e4aa594a5a550a409002d5d992e306ef27d568d7730.png,OOK,synthetic,OOK-44109-0-2,train,morse,Classic Green
datasets/waterfall/OOK/07db60be43a106b9da13fd45d52cc317091f13b2aff8d7e73c7fa076da5a1905.png,OOK,real-old,legacy-OOK-18x11,train,remote-keyless-entry,
datasets/waterfall/OOK/249e665d8e21210a39293ea434a5b68463d5cc213459c76d2cc0c22f48f8a92a.png,OOK,synthetic,OOK-80172-0-0,train,OOK,Classic
datasets/waterfall/OOK/7aa8438d5fbd9fc0df3842701c33ec7fae8befbb26a21050b0842436be1c07d2.png,OOK,synthetic,OOK-50343-0-2,train,morse,Smoke
datasets/waterfall/OOK/bff2d86158de34b79dab7caf813f234c7fac266fd9d78556efbe834774285ae9.png,OOK,real-old,legacy-OOK-36x10,train,,
datasets/waterfall/OOK/96b03d211d8ea22fc551817e1b3c16005f4b66af0f952412834ee4f18fe0d6b3.png,OOK,synthetic,OOK-80172-0-1,train,OOK,Classic
datasets/waterfall/OOK/3c1965779cdc4bd8741e83e105d8ed57f51ea1ec8769df0aa0a3ccfc0caa985c.png,OOK,real-old,legacy-OOK-14x12,train,remote-keyless-entry,
datasets/waterfall/OOK/372d37eee319ec500a44364795b57ad2eea4ca385a5ca9999b530d4c12389b50.png,OOK,synthetic,OOK-1668-0-2,train,remote-keyless-entry,Classic
datasets/waterfall/OOK/ed3450c920fa50fe180e8495b39e76c5c6ee27951b066ebc80cfdcf168249035.png,OOK,synthetic,OOK-94730-0-2,train,remote-keyless-entry,Classic
datasets/waterfall/OOK/345834cead11d72f1eda05d24d2330c124a96f719c381cc3bcfbfbb2382a5512.png,OOK,real-old,legacy-OOK-5x12,train,remote-keyless-entry,
datasets/waterfall/OOK/46fd4db59751c7d07ea1ac696c9cbf456c29413e997c8f9c8c24523a0afc8a5c.png,OOK,synthetic,OOK-66416-0-0,train,morse,Classic
datasets/waterfall/OOK/aa63076391b64b22ca520319b782910aad953b3e4cad08b454527839e99ed085.png,OOK,real-old,legacy-OOK-18x11,train,remote-keyless-entry,
datasets/waterfall/OOK/8326e99ca82447b40f518372f1b489f8ea7e9425aab7bb829b83f05919cbd296.png,OOK,synthetic,OOK-94728-0-2,train,OOK,Classic
datasets/waterfall/OOK/5fb21405b3194759e788c1a441f69ee5ab0ea8b286df4a9dc943746a6f3ebf64.png,OOK,synthetic,OOK-83463-0-0,train,remote-keyless-entry,Classic
datasets/waterfall/OOK/bbe84595bfbfebede34a8ebe67f68f578cc0f014a097592d23ca8907b43ecdbf.png,OOK,real-old,legacy-OOK-15x12,train,remote-keyless-entry,
datasets/waterfall/OOK/4e63e782fff0b54aeeb23bcca6f8ca7c40ab5f4fa03e78aa7368803ca494dd9f.png,OOK,synthetic,OOK-66417-0-0,train,remote-keyless-entry,Classic
datasets/waterfall/OOK/b7792364d8cb6daae7ef51f9b7c67f461611423f5ae0c3789f23b123dc8885cc.png,OOK,synthetic,OOK-44111-0-2,train,remote-keyless-entry,GQRX
datasets/waterfall/OOK/794e72cc2d19b10682951fb3bbfeeac6fc3a2edf7aa3a1f12817b599f8b3bcc8.png,OOK,synthetic,OOK-87303-0-1,train,OOK,Classic
datasets/waterfall/OOK/d75e34da0525be45012759f15089caa761b55bf47815ce14f84abdf83cc4d2b4.png,OOK,real-old,legacy-OOK-21x10,train,morse,
datasets/waterfall/OOK/00a0c46872a586ba1e9fbbe8c4e9267405f4e763dda9dad574c7cc55c4fac595.png,OOK,real-old,legacy-OOK-32x11,train,remote-keyless-entry,
datasets/waterfall/OOK/6f750d8d259a8d549ecde7766defb99e13916d0b453274cc735626e323eac9c8.png,OOK,real-old,legacy-OOK-16x10,train,,
datasets/waterfall/OOK/0d76acef1240ce942fa94901e423004d6caa1d1d78ba728f5a7b3370e24ef2e1.png,OOK,synthetic,OOK-87304-0-0,train,OOK,Classic
datasets/waterfall/OOK/1a8ea10c6b2aa0e391645f94f57f0227de5dd24b3749dd8e2eb0fd0ab6b9a588.png,OOK,synthetic,OOK-94728-0-1,train,OOK,Classic
datasets/waterfall/OOK/e718ce6420fad4ca33a33f973584ca37486551f46fc9fc78a580a0e869b6b009.png,OOK,synthetic,OOK-73310-0-2,train,remote-keyless-entry,Classic
datasets/waterfall/OOK/498f52a1961cf644ee239c02dcb23590b7b9bee604130c5cd316be93962c1eab.png,OOK,real-old,legacy-OOK-15x12,train,remote-keyless-entry,
datasets/waterfall/OOK/b3130a95974468d092aa7c012ebf6525c5bd16b3945318a66f9302e267d0aba1.png,OOK,synthetic,OOK-87303-0-0,train,OOK,Classic
datasets/waterfall/OOK/f03e07f6c374e3aab30b0a1fdaaf2993e54a72f27507df8aab4c2c1149a2a5c0.png,OOK,real-old,legacy-OOK-18x11,train,remote-keyless-entry,
datasets/waterfall/OOK/74e4cc2ac1aeb5a28e8e2c887f35094d5efc297c573842d15ddd9ef8881f349d.png,OOK,synthetic,OOK-50344-0-0,train,morse,Temper Colors
datasets/waterfall/OOK/13efe3a6d01614b629bec09fbea5d593620c7df4a21179cf5845b2728e96c449.png,OOK,synthetic,OOK-50343-0-0,train,morse,Smoke
datasets/waterfall/OOK/336076d359bb31b67d3653bf00e8ca6b34ffffe26a38fcb85fa06f383f0511d3.png,OOK,synthetic,OOK-94728-0-0,train,OOK,Classic
datasets/waterfall/OOK/c5fdace476b1657ff020a9c2be5a40b300d3d2d27c0f194dbe2415d4676e7f0c.png,OOK,real-old,legacy-OOK-15x12,train,remote-keyless-entry,
datasets/waterfall/OOK/1bf36d687224bcd76bf89ffa7a16741bb4070245e36be0c186b02c54cc176e40.png,OOK,synthetic,OOK-73310-0-0,train,remote-keyless-entry,Classic
datasets/waterfall/OOK/d54a5ee10bf8519964dc808ee7a551f5e0054597604230bffe1a75de9ea46115.png,OOK,real-old,legacy-OOK-66x24,train,remote-keyless-entry,
datasets/waterfall/OOK/0761652775fb5899274c46665649014f2c95c59d47780e0c2079683b4bb050b6.png,OOK,synthetic,OOK-1667-0-1,train,OOK,Classic
datasets/waterfall/OOK/117fb65bb3b12002baadcf010851b21af6289a518f976960021eda6a0978be36.png,OOK,real-old,legacy-OOK-14x7,train,,
datasets/waterfall/OOK/7929ac8f8397c6c4d53466c482822a3045b03af839b502555b298bfecd499176.png,OOK,synthetic,OOK-80172-0-0,train,OOK,Classic
datasets/waterfall/OOK/068880e39ca05cd5d3f7108ddd6bbe13fe6d4239121ded029b92f483c75ec6f0.png,OOK,synthetic,OOK-73310-0-1,train,remote-keyless-entry,Classic
datasets/waterfall/OOK/3a3a786ddfff525d561c92b6199266d988e4c925d0739fe8c43e445624feb3d1.png,OOK,real-old,legacy-OOK-15x12,train,remote-keyless-entry,
datasets/waterfall/OOK/cff6a0bafa72c5765ea6acb08ddd8b3833d287502f459690f3fc27e7ab27ed3d.png,OOK,real-old,legacy-OOK-18x11,train,remote-keyless-entry,
datasets/waterfall/OOK/f6cf6c494e70a071b4817d08c5277441be66d221d090ed11feae37168945b476.png,OOK,synthetic,OOK-1668-0-0,train,remote-keyless-entry,Classic
datasets/waterfall/OOK/74eebbb3df0cfbc0e246c81e1dbd5301151ce5141d18263f8a9324ae6e75e308.png,OOK,synthetic,OOK-44108-0-2,train,remote-keyless-entry,WebSDR
datasets/waterfall/OOK/eec44a62aedbf8ed4195ec9ee204eb9dbfe3edb5466a7ef75c16b424f8ac92d6.png,OOK,real-old,legacy-OOK-20x10,train,morse,
datasets/waterfall/OOK/352882015c3b513bd86d3aee5e72ab391bb0d3142bf41886a8ed6f0351e51fac.png,OOK,synthetic,OOK-50344-0-2,train,morse,Temper Colors
datasets/waterfall/OOK/9e7e1f9bc5963b8e34e4e9eba73d894048afcc613b6a607ea2e3af9bcc2aec9f.png,OOK,synthetic,OOK-1669-0-1,train,morse,Classic
datasets/waterfall/OOK/a0157520c269d22397b8098851ecbf0e6c0aabdb1ef32396d2b1098c66f13119.png,OOK,synthetic,OOK-1669-0-2,train,morse,Classic
datasets/waterfall/OOK/f211cff1af2421be20d09ad8f2675ff0cbbb74f06a9199478c3ebe6af07832bf.png,OOK,real-old,legacy-OOK-18x11,train,remote-keyless-entry,
datasets/waterfall/OOK/6b99b21454915b046db5b580ec8e0038b5c7f87686112b706dc9935e33bdcf06.png,OOK,synthetic,OOK-44108-0-1,train,remote-keyless-entry,WebSDR
datasets/waterfall/OOK/b770f54ffd677f37b75b595d2dbfb4a4f92988b0e1d1f3f527ccd5d5082fead5.png,OOK,real-old,legacy-OOK-21x6,train,,
datasets/waterfall/OOK/fff9dd8bfe70cf7b3cdb32d7ebfe86edf2cfcc445c7d1ef40949a5711080cdb0.png,OOK,synthetic,OOK-66417-0-1,train,remote-keyless-entry,Classic
datasets/waterfall/OOK/15e06ac24e6f6618bbc0f3ebbf35439dc85bcccbc7f1ea6f1ab37797beaeb2a2.png,OOK,real-old,legacy-OOK-18x11,train,remote-keyless-entry,
datasets/waterfall/OOK/53c22a26bf7067a17ad4fe110440f9fcfaaab2bea7aafa0ea4d49cf11ea0125d.png,OOK,synthetic,OOK-1668-0-1,train,remote-keyless-entry,Classic
datasets/waterfall/OOK/6b23ed69070e6e658a57d1001de062516d63c7cab2bf1a1cb3cd0d41834df463.png,OOK,synthetic,OOK-87305-0-2,train,remote-keyless-entry,Classic
datasets/waterfall/OOK/9d0018818cd9087da55ee17bb51fa22fe01512ee83b7eb458e6b938ab83de59c.png,OOK,synthetic,OOK-94729-0-1,train,remote-keyless-entry,Classic
datasets/waterfall/OOK/4525423ba2d1fd39170ea1463d1b4acab17fde247b1f38dc27c4edaf11352237.png,OOK,synthetic,OOK-1667-0-2,train,OOK,Classic
datasets/waterfall/OOK/a63df4b4767988e6e9fe3e5d7a6afd51eabff6c46b5a2c8f8ef37f7c689ac661.png,OOK,synthetic,OOK-94730-0-2,train,remote-keyless-entry,Classic
datasets/waterfall/OOK/f96e1bbdfb199f402aca96846f4b60ed2f66a6b726837856b6fec48dedc7f243.png,OOK,synthetic,OOK-73310-0-2,train,remote-keyless-entry,Classic
datasets/waterfall/OOK/626ba0311c6f90aadacc0dd312d2768637a19e25be532632bfbb1d0a54695f8f.png,OOK,synthetic,OOK-44107-0-0,train,morse,Vivid
datasets/waterfall/OOK/61c13f90f325a323dc930f8e8d92e0fabc789666c86df28363a4264343eb87e2.png,OOK,synthetic,OOK-73311-0-2,train,remote-keyless-entry,Classic
datasets/waterfall/OOK/5c90dfdfc33f8c62edc095bcb629c3b262b40423fd18939d927971103a554f24.png,OOK,real-old,legacy-OOK-17x10,train,morse,
datasets/waterfall/OOK/e3bf25c37612ed783cb6d4c6ac77afe0917c8a6aa640e0e71d28b2d4227176ee.png,OOK,synthetic,OOK-1669-0-1,train,morse,Classic
datasets/waterfall/OOK/1610737372190005a908061994455148b1716553fbee4c8f95a2f06434d9a02a.png,OOK,synthetic,OOK-87303-0-1,train,OOK,Classic
datasets/waterfall/OOK/c5b6e4bd832edbbd7b4e88994f9c210b3887d5c15797574b0f3d6e2f36470af7.png,OOK,synthetic,OOK-1667-0-0,train,OOK,Classic
datasets/waterfall/OOK/324c15bbcf2e8bab04232f4cdce2be3111b4b242ba92477389b280de1369647d.png,OOK,synthetic,OOK-44107-0-2,train,morse,Vivid
datasets/waterfall/OOK/854e600decd85be00ab7ff9a6d00ac1b5338cd21a5c95db54848bee9f69e5305.png,OOK,synthetic,OOK-94729-0-1,train,remote-keyless-entry,Classic
datasets/waterfall/OOK/49a1c04d066357ec261d8cb7a1ff28610c2d13160825505df7dc2236dbab5207.png,OOK,real-old,legacy-OOK-14x12,train,remote-keyless-entry,
datasets/waterfall/OOK/d6180778a1eae80f77f5cdf2c7e915d744b6b829b4fc7eaa05a10f99fbe2e086.png,OOK,synthetic,OOK-83463-0-1,train,remote-keyless-entry,Classic
datasets/waterfall/OOK/fc11fef07377366c882b35b1b6e17893d9215076695059e1663b87d9959036cf.png,OOK,synthetic,OOK-66417-0-1,train,remote-keyless-entry,Classic
datasets/waterfall/OOK/34b99321fcc45e7fea9a5b4076f72e20a734e7c81163d2586407d7ef8199b535.png,OOK,synthetic,OOK-94728-0-0,train,OOK,Classic
datasets/waterfall/OOK/badc97c266d50b40f39e729d514f8570f7e0f5455ac6b5070313272f6bef498d.png,OOK,real-old,legacy-OOK-15x12,train,remote-keyless-entry,
datasets/waterfall/OOK/5a3520f767c457d2e1c02be3ef78cd31009924fb6eb70a4b5a33601911d78960.png,OOK,real-old,legacy-OOK-14x12,train,remote-keyless-entry,
datasets/waterfall/OOK/4f7d946207a462a3d165928e934aa399fd97a7ab17f47dc1b8591a0ece06f514.png,OOK,synthetic,OOK-1667-0-1,train,OOK,Classic
datasets/waterfall/OOK/ed1c1c599c270fce0ad30540715ea9184f8d80761deb415273695198f462cb74.png,OOK,real-old,legacy-OOK-18x11,train,remote-keyless-entry,
datasets/waterfall/OOK/2e268d2efb79bd7750644f6540f97f38ade7ba4345229f3c75d2e7cf7ea81ea0.png,OOK,real-old,legacy-OOK-15x12,train,remote-keyless-entry,
datasets/waterfall/OOK/1a20fa5f171d3d0df3fbc3cad3ef9e723e9b33aa506d7ed84c3981854eb2b401.png,OOK,synthetic,OOK-66416-0-0,train,morse,Classic
datasets/waterfall/OOK/2d79d56965611954716b192cb8bd2a563b07458a6e2a0395a6cb697ac95729b9.png,OOK,synthetic,OOK-94730-0-1,train,remote-keyless-entry,Classic
datasets/waterfall/OOK/fb33058abb07fa287a28892bb628f35e193e94caabab4ba47b932716834f3b59.png,OOK,synthetic,OOK-94730-0-0,train,remote-keyless-entry,Classic
datasets/waterfall/OOK/6db1c387c0177033459ce31519ed6b8aa7e5d67a7701b22705064a9f3ae23e74.png,OOK,synthetic,OOK-44108-0-0,train,remote-keyless-entry,WebSDR
datasets/waterfall/OOK/9242b8e3374fd6866ddba8a54ad16ed0f934ea9c8b121cdc522f0e7cdcd04d6d.png,OOK,synthetic,OOK-73311-0-2,train,remote-keyless-entry,Classic
datasets/waterfall/OOK/6ca34dbcb132515ca9e9e043c988c37a1b9c7f00cfd0d57bed81b8174ec01afb.png,OOK,synthetic,OOK-87303-0-0,train,OOK,Classic
datasets/waterfall/OOK/400f3a2fb35248e579b2e6c0da2c3e577637f966bd7694dcfd38be27f6ba02ea.png,OOK,synthetic,OOK-301-0-0,train,morse,Classic
datasets/waterfall/OOK/02a7c784bf83b29f10cc149244ccedabda845dcc2cc1919caadf902cf8023bcb.png,OOK,synthetic,OOK-94730-0-0,train,remote-keyless-entry,Classic
datasets/waterfall/OOK/777a18799b12c235c8ed20551deb11b635b38db406036eb8b2f4efc07cc1ab8b.png,OOK,real-old,legacy-OOK-31x9,train,remote-keyless-entry,
datasets/waterfall/OOK/13272de48f7904be7581d5996f010bc80100b69431fbdd6203a7dd1c3a237609.png,OOK,synthetic,OOK-301-1-0,train,morse,Classic
datasets/waterfall/OOK/f4e899ccf167781334c13b9b02f58abdd9a43fbd15808b68418283222345ca8e.png,OOK,real-old,legacy-OOK-14x12,train,remote-keyless-entry,
datasets/waterfall/OOK/71764f1c79398e571a772c5fa6cd4c306729cc52cf81ce00548eacc2c3da3eb9.png,OOK,synthetic,OOK-83463-0-1,train,remote-keyless-entry,Classic
datasets/waterfall/OOK/c7482a5aa8613748e1d31707f3804ba2580963e6a67a67224458506013efd0b3.png,OOK,real-old,legacy-OOK-15x12,train,remote-keyless-entry,
datasets/waterfall/OOK/c4c0377d73a8ddf7b5f7f4d53d6170fa195ada06eab8ab52f20419e7b6109f1d.png,OOK,synthetic,OOK-66416-0-2,train,morse,Classic
datasets/waterfall/OOK/24a5cb8b196196807d63132dd381838e32d9719f8be477442086d64fa4d56cdc.png,OOK,synthetic,OOK-66416-0-1,train,morse,Classic
datasets/waterfall/OOK/fdfe03f00dc8619bb1991893fe7069694f74ea6cab12b5dc1d0868c877041234.png,OOK,real-old,legacy-OOK-18x11,train,remote-keyless-entry,
datasets/waterfall/OOK/1357a44b16ceaad370d0782e954333facdb3b8ff712ecebfd1fe4071886123fe.png,OOK,synthetic,OOK-83463-0-0,train,remote-keyless-entry,Classic
datasets/waterfall/OOK/07d9dd03c362a9b847f7191c0f4ad8f9d1af798023c9722b15e1d5e799df49be.png,OOK,real-old,legacy-OOK-14x12,train,remote-keyless-entry,
datasets/waterfall/RS41-Radiosonde/d9c9cfc1cd7ffc6602e9f57770f542976e39567a4c4784c72082f9cdd626e5c1.png,RS41-Radiosonde,synthetic,RS41-Radiosonde-1669-0-0,test,RS41-Radiosonde,Classic
datasets/waterfall/RS41-Radiosonde/4d4601e3d2f17d26817b2cf2768afdd014c3973c7ddde5536e4a21db6c777f7a.png,RS41-Radiosonde,synthetic,RS41-Radiosonde-66417-0-0,test,RS41-Radiosonde,Classic
datasets/waterfall/RS41-Radiosonde/0adc809bb7ef54a9eef17fdee949ab72bc697d9fa5fb4e19031bc32dd62f27a4.png,RS41-Radiosonde,synthetic,RS41-Radiosonde-50343-0-0,test,RS41-Radiosonde,Viridis
datasets/waterfall/RS41-Radiosonde/4fefeee9b0a2490700059314ebb88be7af8db64d4803e0f1d47e20a7879fc433.png,RS41-Radiosonde,synthetic,RS41-Radiosonde-73311-0-0,test,RS41-Radiosonde,Classic
datasets/waterfall/RS41-Radiosonde/e285c3a3f01754a9d4bfad3840c03373f49621ede69b1ea6a11d673a0364793e.png,RS41-Radiosonde,real-old,legacy-RS41-Radiosonde-30x12,test,,
datasets/waterfall/RS41-Radiosonde/af8ca7f5308f349949fb199ebbb2c0e6694af42b10e32e9f25172b3bffe10f5f.png,RS41-Radiosonde,synthetic,RS41-Radiosonde-87303-0-2,test,RS41-Radiosonde,Classic
datasets/waterfall/RS41-Radiosonde/b286d85da072e4966722d165eeeb01f9767e20d970b2e6726988a7a6da3fd20d.png,RS41-Radiosonde,synthetic,RS41-Radiosonde-66417-0-2,test,RS41-Radiosonde,Classic
datasets/waterfall/RS41-Radiosonde/5c1e2c61f7ef34a6b66c301dadeb83bdf3f4365f945417b7fbbc0b049ef4fc18.png,RS41-Radiosonde,synthetic,RS41-Radiosonde-80172-0-0,test,RS41-Radiosonde,Classic
datasets/waterfall/RS41-Radiosonde/6855f2e37cd33111fef9baa6bfd154549eb0eb94d4addfbe99bccc5fced37bc3.png,RS41-Radiosonde,synthetic,RS41-Radiosonde-44110-0-1,test,RS41-Radiosonde,Inferno
datasets/waterfall/RS41-Radiosonde/3bc9adad9d26798fa4a446d2aecfbcaa301d30f7c8cf77b5c5029f417e3b8a5a.png,RS41-Radiosonde,synthetic,RS41-Radiosonde-83463-0-1,test,RS41-Radiosonde,Classic
datasets/waterfall/RS41-Radiosonde/40f4028dff78b60215d38d92fb1ee8c013e0704ef6095963320c4201c3b905cb.png,RS41-Radiosonde,synthetic,RS41-Radiosonde-66416-0-0,test,RS41-Radiosonde,Classic
datasets/waterfall/RS41-Radiosonde/d0a60e9075253ef79d970065a47628e0a4ced9474b4e4d3468db0585ea96d781.png,RS41-Radiosonde,synthetic,RS41-Radiosonde-73311-0-2,test,RS41-Radiosonde,Classic
datasets/waterfall/RS41-Radiosonde/6d8fc354b3a35ac0062d09a473161d8a9ece6cb4189eb99384652fa2c25b0b50.png,RS41-Radiosonde,real-old,legacy-RS41-Radiosonde-27x12,test,,
datasets/waterfall/RS41-Radiosonde/18201d0ae2f31385c75a030f446a4e6beb140178ba17e186a618ab72c60bc969.png,RS41-Radiosonde,synthetic,RS41-Radiosonde-50344-0-1,test,RS41-Radiosonde,Vivid
datasets/waterfall/RS41-Radiosonde/894c81f8c3eb564484bab81add90e6da0847dce959bc51f307c00293b88e5a2a.png,RS41-Radiosonde,synthetic,RS41-Radiosonde-80172-0-2,test,RS41-Radiosonde,Classic
datasets/waterfall/RS41-Radiosonde/cec1e7e2b3d2a0f1abb373fcb4c34f42c5a5171b8a83c2ddade9462b3dda4b65.png,RS41-Radiosonde,synthetic,RS41-Radiosonde-66416-0-2,test,RS41-Radiosonde,Classic
datasets/waterfall/RS41-Radiosonde/91e753345bec015e5a84ad5ac0377c5972b0fc915617d36b3a7230eccf9f8a4f.png,RS41-Radiosonde,synthetic,RS41-Radiosonde-66417-0-1,test,RS41-Radiosonde,Classic
datasets/waterfall/RS41-Radiosonde/f45d9ac2d1e2aeb0fda0fa623df60076fd300bd78d538d37a50bf9f5df567b34.png,RS41-Radiosonde,real-old,legacy-RS41-Radiosonde-11x11,test,,
datasets/waterfall/RS41-Radiosonde/5e791be7a823765be264218060a7c55991496842e82a590e836454a68624f25a.png,RS41-Radiosonde,synthetic,RS41-Radiosonde-1670-0-0,test,RS41-Radiosonde,Classic
datasets/waterfall/RS41-Radiosonde/25d08d1699c75c5f04ee2eeaa154d44529bfe026f359454a67050d77abda255a.png,RS41-Radiosonde,real-old,legacy-RS41-Radiosonde-11x12,test,,
datasets/waterfall/RS41-Radiosonde/5b5cc9ccefb0c1d73f106cfb549385d1943d3adb85b6323d5693c1d3570748da.png,RS41-Radiosonde,synthetic,RS41-Radiosonde-94728-0-1,test,RS41-Radiosonde,Classic
datasets/waterfall/RS41-Radiosonde/dde5bf5fd8cf88d443163d73901047a5206e4eb3d5107c9c9565438ea4647578.png,RS41-Radiosonde,real-old,legacy-RS41-Radiosonde-28x12,test,,
datasets/waterfall/RS41-Radiosonde/fc8caf35edeb5cd00206b48ca16fac4d8c9c75cb6397f7264f1994d89285d486.png,RS41-Radiosonde,synthetic,RS41-Radiosonde-83463-0-2,test,RS41-Radiosonde,Classic
datasets/waterfall/RS41-Radiosonde/d1a344585d324d4f9b97c447f0eb4c725f5c7fd50976430ce0c9372f57405c5c.png,RS41-Radiosonde,synthetic,RS41-Radiosonde-94728-0-2,test,RS41-Radiosonde,Classic
datasets/waterfall/RS41-Radiosonde/3738c48ac778d3694944a0a834c7f4a0be800711d305b5dd3ccf94b4fd2b7088.png,RS41-Radiosonde,synthetic,RS41-Radiosonde-1668-0-2,test,RS41-Radiosonde,Classic
datasets/waterfall/RS41-Radiosonde/e3d6b3c811a5f041b3b7765de1c8a02cdbda83b10afc433e514aa0d5b27b5853.png,RS41-Radiosonde,synthetic,RS41-Radiosonde-94728-0-2,test,RS41-Radiosonde,Classic
datasets/waterfall/RS41-Radiosonde/3283e2539e2a749f61cc12d6512d059775e93c4504c6e158b66599329048d0e7.png,RS41-Radiosonde,synthetic,RS41-Radiosonde-1667-0-2,val,RS41-Radiosonde,Classic
datasets/waterfall/RS41-Radiosonde/4b2e6c81f4a45429df6116caf46693ae0ae0320012be68aebbfcc48f49a48117.png,RS41-Radiosonde,real-old,legacy-RS41-Radiosonde-27x12,val,,
datasets/waterfall/RS41-Radiosonde/5119fb1281437a17c603a5d1eb588068b090a726975b0db5225c74754fe900ec.png,RS41-Radiosonde,synthetic,RS41-Radiosonde-1669-0-2,val,RS41-Radiosonde,Classic
datasets/waterfall/RS41-Radiosonde/dde07c7f13482adf918a7ea20af50719b199b428cdeef64cc554ba23fe075c9e.png,RS41-Radiosonde,real-old,legacy-RS41-Radiosonde-30x12,val,,
datasets/waterfall/RS41-Radiosonde/7e721590eeacc466790c34e75fef674edeb706e7c697b1b3db8da92901a18c66.png,RS41-Radiosonde,synthetic,RS41-Radiosonde-80172-0-2,val,RS41-Radiosonde,Classic
datasets/waterfall/RS41-Radiosonde/fa3aefb793663ade32578513196c67feea0aaf066436b17ef75fa3c360ab60a8.png,RS41-Radiosonde,real-old,legacy-RS41-Radiosonde-10x12,val,,
datasets/waterfall/RS41-Radiosonde/abe76c31151e9043fb576df2802e9fd92ca9f984b6b89ad86689c7278907216c.png,RS41-Radiosonde,synthetic,RS41-Radiosonde-73311-0-1,val,RS41-Radiosonde,Classic
datasets/waterfall/RS41-Radiosonde/087783b30b02a706fe0d2092c7098e7a184abea7c656efa4d8e7f4bfcd77d4fd.png,RS41-Radiosonde,real-old,legacy-RS41-Radiosonde-28x12,val,,
datasets/waterfall/RS41-Radiosonde/9ecbafe8182f16bf3a4905eda15d35562b71e4559a20a321a04ae1588704facf.png,RS41-Radiosonde,synthetic,RS41-Radiosonde-44109-0-2,val,RS41-Radiosonde,Grey Scale
datasets/waterfall/RS41-Radiosonde/8c452d21fdaa45683f20a0250172d0302e164241a2c28b95d9e4d39f1dce8f12.png,RS41-Radiosonde,real-old,legacy-RS41-Radiosonde-30x11,val,,
datasets/waterfall/RS41-Radiosonde/89bd44b66a16ac018f3cb0539946c54150b4263ef4e927d0e9ce349e79703908.png,RS41-Radiosonde,synthetic,RS41-Radiosonde-1670-0-0,val,RS41-Radiosonde,Classic
datasets/waterfall/RS41-Radiosonde/794dbc980d28e429ed38ef7d98c708e3d18906dcab13fca3c73370e887aa70e6.png,RS41-Radiosonde,synthetic,RS41-Radiosonde-94730-0-0,val,RS41-Radiosonde,Classic
datasets/waterfall/RS41-Radiosonde/24ffdf0ad9d41064d4633c20398d3d0d6621cffaabc0ee0c9df397aa6f3a7c9a.png,RS41-Radiosonde,synthetic,RS41-Radiosonde-66416-0-2,val,RS41-Radiosonde,Classic
datasets/waterfall/RS41-Radiosonde/06e114908125649dabc6da16e0ae36bc370a284ea56d20697bfb4a913591df7a.png,RS41-Radiosonde,synthetic,RS41-Radiosonde-80172-0-0,val,RS41-Radiosonde,Classic
datasets/waterfall/RS41-Radiosonde/4f122553a019a6fabf5eccc58b304833a769066149965e906a7a9b83fccdd055.png,RS41-Radiosonde,synthetic,RS41-Radiosonde-44107-0-2,val,RS41-Radiosonde,Electric
datasets/waterfall/RS41-Radiosonde/35fb9263b811cc0843a39ce284bf8d4901b2ddba412f2b9afb74b34a1853fb3c.png,RS41-Radiosonde,real-old,legacy-RS41-Radiosonde-28x11,val,,
datasets/waterfall/RS41-Radiosonde/d0d7cf4627a76708b1bbe8d23ff4109d1da140ee6468301d5a2f435834d4d682.png,RS41-Radiosonde,synthetic,RS41-Radiosonde-44107-0-0,val,RS41-Radiosonde,Electric
datasets/waterfall/RS41-Radiosonde/588cbed5d0900c6bcc64c3dc98f2a624eedb04a98d8c54844d15c50178c0f6f0.png,RS41-Radiosonde,real-old,legacy-RS41-Radiosonde-32x11,val,,
datasets/waterfall/RS41-Radiosonde/069d4ee701d0a416c4b4ced73f474598fb58d5d50f8cb167bab85a750de93770.png,RS41-Radiosonde,real-old,legacy-RS41-Radiosonde-28x12,val,,
datasets/waterfall/RS41-Radiosonde/0f807025fe9a9b4464877ba10c512c03614df7ed5678cc72e1ed1a5a9a81fbc6.png,RS41-Radiosonde,synthetic,RS41-Radiosonde-87303-0-0,val,RS41-Radiosonde,Classic
datasets/waterfall/RS41-Radiosonde/43bbb7891ea0db914cc83e79b4eb3ab58f02fe520e797ecd24bce6f4be302c73.png,RS41-Radiosonde,synthetic,RS41-Radiosonde-50343-0-1,val,RS41-Radiosonde,Viridis
datasets/waterfall/RS41-Radiosonde/e64aedc71f7c141895c7397023af3b9565d629a51f696dd0c7bc88067f24ca0b.png,RS41-Radiosonde,real-old,legacy-RS41-Radiosonde-11x11,val,,
datasets/waterfall/RS41-Radiosonde/3e07a2580ce0afb23587f30399d8142ecb9733069368f4f427078f2f24062841.png,RS41-Radiosonde,real-old,legacy-RS41-Radiosonde-28x12,val,,
datasets/waterfall/RS41-Radiosonde/b69a08a7b944cf1c687b854553af95f98c734a2e6639dfcb27e632dac8ccac5d.png,RS41-Radiosonde,synthetic,RS41-Radiosonde-94729-0-1,val,RS41-Radiosonde,Classic
datasets/waterfall/RS41-Radiosonde/d205e0331c7ff44cc429bff908b57d6a3ae01d7bb7cf87b3331eb2d21b473f99.png,RS41-Radiosonde,synthetic,RS41-Radiosonde-44110-0-0,val,RS41-Radiosonde,Inferno
datasets/waterfall/RS41-Radiosonde/9dc71977f46a1c1d8ca12218e1ca5ed1c1096935e6570255d326e2bc2015fe58.png,RS41-Radiosonde,synthetic,RS41-Radiosonde-1668-0-2,val,RS41-Radiosonde,Classic
datasets/waterfall/RS41-Radiosonde/48989e60ad5e7a0595e987c86a9a94c78760430f862eac5c137cb04e77b982cc.png,RS41-Radiosonde,real-old,legacy-RS41-Radiosonde-29x12,train,,
datasets/waterfall/RS41-Radiosonde/cafb5e4c40c5ef59e90355dd79fa6b754de04b90348f714c3c1f48a4fcac3015.png,RS41-Radiosonde,synthetic,RS41-Radiosonde-1668-0-0,train,RS41-Radiosonde,Classic
datasets/waterfall/RS41-Radiosonde/6768539906389e995ea58c463aec3ade44cb00c3d6acc969b902ed24a3f6d479.png,RS41-Radiosonde,real-old,legacy-RS41-Radiosonde-27x12,train,,
datasets/waterfall/RS41-Radiosonde/0b26e9b1c341cf7c9d22a09d0dc3f8f3ce56d65d71bfa99ceda6e83132d6c788.png,RS41-Radiosonde,real-old,legacy-RS41-Radiosonde-30x12,train,,
datasets/waterfall/RS41-Radiosonde/34979e5f69986006dedeb17ed86c03200bc11ebd9aa7d99d41ef312f6c19afd5.png,RS41-Radiosonde,synthetic,RS41-Radiosonde-66417-0-2,train,RS41-Radiosonde,Classic
datasets/waterfall/RS41-Radiosonde/297be2c6063869246c5e84ea6561dacf4a0fa989e2f62f957775cf36619f8b6e.png,RS41-Radiosonde,real-old,legacy-RS41-Radiosonde-11x12,train,,
datasets/waterfall/RS41-Radiosonde/275318319a1a4259f6e05e4f00cc2f4c962dd10aa953d712fb88c66aedf10f3a.png,RS41-Radiosonde,synthetic,RS41-Radiosonde-73311-0-2,train,RS41-Radiosonde,Classic
datasets/waterfall/RS41-Radiosonde/534b836892e67982c1bdfc68e362c7dc0e7ba5cfdb6e1a10581e2cc5d3f8d458.png,RS41-Radiosonde,synthetic,RS41-Radiosonde-1669-0-1,train,RS41-Radiosonde,Classic
datasets/waterfall/RS41-Radiosonde/47fabf18944364aee8aa9bb7d99b2505a204c3a095764a9401158e24b636f33e.png,RS41-Radiosonde,synthetic,RS41-Radiosonde-87305-0-1,train,RS41-Radiosonde,Classic
datasets/waterfall/RS41-Radiosonde/a7fce849623a38f068ac5bd3b44862acace3b4b6df777e6b2138eb93b10dfd42.png,RS41-Radiosonde,real-old,legacy-RS41-Radiosonde-28x12,train,,
datasets/waterfall/RS41-Radiosonde/fc153b5796198008046fbef575e2b7e0acafe5ec5c2d563f0255dccc875ac7c8.png,RS41-Radiosonde,synthetic,RS41-Radiosonde-73310-0-0,train,RS41-Radiosonde,Classic
datasets/waterfall/RS41-Radiosonde/f10d4728d35905015951f583f586a6c072d54240fe4f460ce379db275de1b250.png,RS41-Radiosonde,synthetic,RS41-Radiosonde-50345-0-1,train,RS41-Radiosonde,WebSDR
datasets/waterfall/RS41-Radiosonde/c8477eae02ce04efbf6b04773a6070c479d815dc87f61d9c832bdfb3aa0dc947.png,RS41-Radiosonde,real-old,legacy-RS41-Radiosonde-29x12,train,,
datasets/waterfall/RS41-Radiosonde/6171dbaded3e35c5e5adf5d5a9cc2d6a147e63446f24ebec4d7c2e89b0f1b98d.png,RS41-Radiosonde,synthetic,RS41-Radiosonde-87303-0-2,train,RS41-Radiosonde,Classic
datasets/waterfall/RS41-Radiosonde/4e5d8f576a2a619240bc71bcc826a0ff7022a8493b447497125874df6a84f577.png,RS41-Radiosonde,real-old,legacy-RS41-Radiosonde-30x11,train,,
datasets/waterfall/RS41-Radiosonde/e3f4dc0c7ce9c891da7a53585e10488401ef1e66dfc3e1710e690bd5e48fab8d.png,RS41-Radiosonde,real-old,legacy-RS41-Radiosonde-27x12,train,,
datasets/waterfall/RS41-Radiosonde/26cac858dbd55eee6da15a46118fe254ed66e8f05929bbb53ba5fa06a855f158.png,RS41-Radiosonde,real-old,legacy-RS41-Radiosonde-28x12,train,,
datasets/waterfall/RS41-Radiosonde/8e4fb8468f959b1d65b37b3e279c1004ccd41c0693ddc377769bb809911cf008.png,RS41-Radiosonde,synthetic,RS41-Radiosonde-1670-0-1,train,RS41-Radiosonde,Classic
datasets/waterfall/RS41-Radiosonde/5b9ed232a9857b4889531489fbfb25966d472877c8500dfbcd3ac6b75c033a28.png,RS41-Radiosonde,real-old,legacy-RS41-Radiosonde-27x12,train,,
datasets/waterfall/RS41-Radiosonde/5ec992dffa597baf9ab5910c84eb53497d49e2968923cf92fbfee00a8ba09113.png,RS41-Radiosonde,synthetic,RS41-Radiosonde-50345-0-0,train,RS41-Radiosonde,WebSDR
datasets/waterfall/RS41-Radiosonde/3c8231a33004aa03451f80e8c9017c010eb027436516220e0ea298066dfa6a31.png,RS41-Radiosonde,synthetic,RS41-Radiosonde-87305-0-0,train,RS41-Radiosonde,Classic
datasets/waterfall/RS41-Radiosonde/7a364a23676227957d58bb4ffe13cdb24cac10935e71321fd7357d2d0d503abe.png,RS41-Radiosonde,real-old,legacy-RS41-Radiosonde-30x12,train,,
datasets/waterfall/RS41-Radiosonde/c7803490f99a239114ea29d9e846921ca207be4fc00ed9629954efcc12762422.png,RS41-Radiosonde,synthetic,RS41-Radiosonde-1669-0-2,train,RS41-Radiosonde,Classic
datasets/waterfall/RS41-Radiosonde/ed5694d9fb0fbc3afd54fe6b671f858f8373848bdf33119f4c3578b2197a8368.png,RS41-Radiosonde,synthetic,RS41-Radiosonde-94729-0-2,train,RS41-Radiosonde,Classic
datasets/waterfall/RS41-Radiosonde/d7412f1db8375f90bb68928d1f68b8f465c0d67c822872b5bbd1d7f96b9b7c79.png,RS41-Radiosonde,synthetic,RS41-Radiosonde-1670-0-1,train,RS41-Radiosonde,Classic
datasets/waterfall/RS41-Radiosonde/42d4b6c085aa1a77afe98160f79c2bc4ccbfbe516a4409d188cc980f90a5b984.png,RS41-Radiosonde,real-old,legacy-RS41-Radiosonde-26x11,train,,
datasets/waterfall/RS41-Radiosonde/054bc861dfba949f2d6561fb354bab2f2f9705459435ae788ec5581568f69bbd.png,RS41-Radiosonde,real-old,legacy-RS41-Radiosonde-31x11,train,,
datasets/waterfall/RS41-Radiosonde/d66492e80bedbcc00c99d5008f3541af5495cf6a2b27bd5ba4338cd51d52a1d7.png,RS41-Radiosonde,synthetic,RS41-Radiosonde-87305-0-2,train,RS41-Radiosonde,Classic
datasets/waterfall/RS41-Radiosonde/4d7c2a8425737bec5f461df957539742d616fe9879bfbf35135480fdb7aa8775.png,RS41-Radiosonde,real-old,legacy-RS41-Radiosonde-27x12,train,,
datasets/waterfall/RS41-Radiosonde/fab8a7a502372821a4d24d3aa160423581314d9a17fbf7bce2bb48e8d9e21030.png,RS41-Radiosonde,synthetic,RS41-Radiosonde-94728-0-0,train,RS41-Radiosonde,Classic
datasets/waterfall/RS41-Radiosonde/875797f8b72f085480116f90aeaca2dd2a263290fb23f1129447aa055d66df24.png,RS41-Radiosonde,synthetic,RS41-Radiosonde-50343-0-2,train,RS41-Radiosonde,Viridis
datasets/waterfall/RS41-Radiosonde/fb331585295524dbe8819a7799d31cc6589c6b0e46dfe7742127e667d1d63990.png,RS41-Radiosonde,real-old,legacy-RS41-Radiosonde-30x12,train,,
datasets/waterfall/RS41-Radiosonde/d2e5bb9baad7178ef6a2a52f1e04528054bfef6b06bc39cd7f93521d96c4898b.png,RS41-Radiosonde,real-old,legacy-RS41-Radiosonde-29x12,train,,
datasets/waterfall/RS41-Radiosonde/f257498959165ae32a49ba21faf32b2409add3e597c7c15da39f591af5666f40.png,RS41-Radiosonde,real-old,legacy-RS41-Radiosonde-11x12,train,,
datasets/waterfall/RS41-Radiosonde/28d272b72aabad16fd951c6dea0ee1dcca968f02e8c8fc9a2f195dbbd3b7f5cf.png,RS41-Radiosonde,synthetic,RS41-Radiosonde-66417-0-1,train,RS41-Radiosonde,Classic
datasets/waterfall/RS41-Radiosonde/810b2f1de04cde15807f3b57968ac6fd40f622b17cdbb1482b41cb87d7f30c77.png,RS41-Radiosonde,real-old,legacy-RS41-Radiosonde-28x12,train,,
datasets/waterfall/RS41-Radiosonde/1fb8ab7691917e6c3ba41595012e6cf72b939699f94c40a6334d10c0127f189d.png,RS41-Radiosonde,synthetic,RS41-Radiosonde-44108-0-0,train,RS41-Radiosonde,GQRX
datasets/waterfall/RS41-Radiosonde/6b521df1d899452619c74c0f61bc95d4b28a90ba3ddc0b428f5ef3b9046e176d.png,RS41-Radiosonde,synthetic,RS41-Radiosonde-87303-0-1,train,RS41-Radiosonde,Classic
datasets/waterfall/RS41-Radiosonde/0e8653875cd2d439b83771d1ecc1078f0afb936e9b8abb07a51257078f88b572.png,RS41-Radiosonde,real-old,legacy-RS41-Radiosonde-26x11,train,,
datasets/waterfall/RS41-Radiosonde/451017bc2aff7b9bd70b40f60da8f23890476ccbcf33d569c99763f62ca54dbb.png,RS41-Radiosonde,synthetic,RS41-Radiosonde-94730-0-2,train,RS41-Radiosonde,Classic
datasets/waterfall/RS41-Radiosonde/10927159ceed368de7f09d47a7323383de8b9b39a4c73e701ebec03e23c501b1.png,RS41-Radiosonde,synthetic,RS41-Radiosonde-1669-0-0,train,RS41-Radiosonde,Classic
datasets/waterfall/RS41-Radiosonde/29a8c3adc3232fe6ad4f5234aebd0cc976a01848fc8c19996781771995cb7ed6.png,RS41-Radiosonde,synthetic,RS41-Radiosonde-1667-0-0,train,RS41-Radiosonde,Classic
datasets/waterfall/RS41-Radiosonde/09e478d6349c998c908241cea253cb059339bc36cc51f865e098ec2987aef9aa.png,RS41-Radiosonde,synthetic,RS41-Radiosonde-1670-0-2,train,RS41-Radiosonde,Classic
datasets/waterfall/RS41-Radiosonde/841a799efb8b479a22b75fd0cd4a40a193afafe10d98c35fef9bb41851660d00.png,RS41-Radiosonde,real-old,legacy-RS41-Radiosonde-11x12,train,,
datasets/waterfall/RS41-Radiosonde/1b3e41ac84e8061e5dcc39b01e251a6e1fea09ba571031b48c861c5f3ad42b85.png,RS41-Radiosonde,synthetic,RS41-Radiosonde-83463-0-0,train,RS41-Radiosonde,Classic
datasets/waterfall/RS41-Radiosonde/67c2f7110c21f52e2ce3da6817102242ed42bc2a5da37db1e2dd8e68a0b62946.png,RS41-Radiosonde,synthetic,RS41-Radiosonde-50344-0-0,train,RS41-Radiosonde,Vivid
datasets/waterfall/RS41-Radiosonde/c6ecd7f3465d6f31871cacfc7eff09cefa7d95829932260082b367738fe9814e.png,RS41-Radiosonde,real-old,legacy-RS41-Radiosonde-28x12,train,,
datasets/waterfall/RS41-Radiosonde/c05c63e8cd6c9bdbb573df8d8b4500c75331879efff48c7f18e26f0fcc8d6159.png,RS41-Radiosonde,real-old,legacy-RS41-Radiosonde-30x12,train,,
datasets/waterfall/RS41-Radiosonde/385b4ba0cc4fe268eabfc17396bccd854662b20357d317d0c8ddc96cb525907e.png,RS41-Radiosonde,real-old,legacy-RS41-Radiosonde-28x12,train,,
datasets/waterfall/RS41-Radiosonde/dbb8c116ff3979c68502180cdb55660dbe26d8e6771185d91dab63d6ca9a27f8.png,RS41-Radiosonde,synthetic,RS41-Radiosonde-87305-0-1,train,RS41-Radiosonde,Classic
datasets/waterfall/RS41-Radiosonde/3c525b9045bd309bde52c5ea5f107ca885d87a0499e75379df11156ae6dbbbf9.png,RS41-Radiosonde,synthetic,RS41-Radiosonde-94730-0-2,train,RS41-Radiosonde,Classic
datasets/waterfall/RS41-Radiosonde/945152e1e54789f8f4f5b9c8d1868687df9188797fdcc2dd34568d82eadc3aca.png,RS41-Radiosonde,real-old,legacy-RS41-Radiosonde-28x12,train,,
datasets/waterfall/RS41-Radiosonde/cd3ea852a213b152b3eaef8f07e4dffe3ab4ad1fb413c72fe6c4882c821d8f04.png,RS41-Radiosonde,synthetic,RS41-Radiosonde-66416-0-1,train,RS41-Radiosonde,Classic
datasets/waterfall/RS41-Radiosonde/d6c66e3cf8473681f19e7393edd469cc7ecb2a77c84335db57db74a3ddcfbc81.png,RS41-Radiosonde,real-old,legacy-RS41-Radiosonde-27x12,train,,
datasets/waterfall/RS41-Radiosonde/35da484f2afa541a386436aaa1d79a09522b3a384ddab13f9827ad8d016f8815.png,RS41-Radiosonde,synthetic,RS41-Radiosonde-73310-0-2,train,RS41-Radiosonde,Classic
datasets/waterfall/RS41-Radiosonde/7395ef2f6e89f39d9489cb225cb0f62d24b726aece671746ed71c5561288a7e4.png,RS41-Radiosonde,real-old,legacy-RS41-Radiosonde-28x12,train,,
datasets/waterfall/RS41-Radiosonde/67175fa80b7f888fc67e7eb8ec8444902aab6432e238365b31caa5b4bb53ee3a.png,RS41-Radiosonde,synthetic,RS41-Radiosonde-1668-0-1,train,RS41-Radiosonde,Classic
datasets/waterfall/RS41-Radiosonde/70f86f666e76c844c76af11dfb4dee185f19144663c9d77919de1a38f4a21aa5.png,RS41-Radiosonde,synthetic,RS41-Radiosonde-66417-0-0,train,RS41-Radiosonde,Classic
datasets/waterfall/RS41-Radiosonde/bbc1146888de951b209cb7ef99cbbcf9310aed3fe61e5f841c8335f2b3b80413.png,RS41-Radiosonde,real-old,legacy-RS41-Radiosonde-30x12,train,,
datasets/waterfall/RS41-Radiosonde/b10661c06f56faed0e4df37643c9c3ccb3c9d282c07eff6d8b6e70cadd61c07b.png,RS41-Radiosonde,synthetic,RS41-Radiosonde-66416-0-0,train,RS41-Radiosonde,Classic
datasets/waterfall/RS41-Radiosonde/d988f25fcc4f2c402a12d6f4c6c62fd5153136c801156d5bf99619026e887ea7.png,RS41-Radiosonde,synthetic,RS41-Radiosonde-94728-0-1,train,RS41-Radiosonde,Classic
datasets/waterfall/RS41-Radiosonde/0f384f2fa67461f93a040ffea6e1865e858e7e95b470e6847eead41c6ad5361e.png,RS41-Radiosonde,real-old,legacy-RS41-Radiosonde-28x12,train,,
datasets/waterfall/RS41-Radiosonde/a3aca67176193c84caa6e0dcb387da83d81defd1a739dd49deab63fbb5b7372d.png,RS41-Radiosonde,synthetic,RS41-Radiosonde-87305-0-0,train,RS41-Radiosonde,Classic
datasets/waterfall/RS41-Radiosonde/19b457a78960eca0ba6ae7e608f4f672dd0dd6377ac1001d31c62c1af0cdf972.png,RS41-Radiosonde,synthetic,RS41-Radiosonde-73310-0-1,train,RS41-Radiosonde,Classic
datasets/waterfall/RS41-Radiosonde/65ec9d01a160c3eb97e31e88e07342d9ac4a5e4fc5afafc2e21f90e96782961e.png,RS41-Radiosonde,synthetic,RS41-Radiosonde-73310-0-0,train,RS41-Radiosonde,Classic
datasets/waterfall/RS41-Radiosonde/ea0a8630df60982807c0a49ab1c027b09461927cec9652fe402c15cd98cabc11.png,RS41-Radiosonde,synthetic,RS41-Radiosonde-50345-0-2,train,RS41-Radiosonde,WebSDR
datasets/waterfall/RS41-Radiosonde/464847747129e326fe9663939a3910887e8f011a877fb6222e48078233262c0c.png,RS41-Radiosonde,synthetic,RS41-Radiosonde-83463-0-1,train,RS41-Radiosonde,Classic
datasets/waterfall/RS41-Radiosonde/8c916cd4ab7daa1aee4dc1779d4e275284b814c1ed2e7d5357b2ce03d0c88c76.png,RS41-Radiosonde,synthetic,RS41-Radiosonde-83463-0-0,train,RS41-Radiosonde,Classic
datasets/waterfall/RS41-Radiosonde/d0306f94636e936c0584a3120778d59dbcb478ac0713e7525cbdc8bf3a19ca56.png,RS41-Radiosonde,synthetic,RS41-Radiosonde-44108-0-2,train,RS41-Radiosonde,GQRX
datasets/waterfall/RS41-Radiosonde/080f9b6a8578b0cf9864c927fdd24c6d4f975bd459d1794695efd0b34578be66.png,RS41-Radiosonde,real-old,legacy-RS41-Radiosonde-29x12,train,,
datasets/waterfall/RS41-Radiosonde/2a9343cd07a65c8b04037dbe4a6d54ecacdf48b5a2f3163c4d3d19cde717b843.png,RS41-Radiosonde,synthetic,RS41-Radiosonde-73310-0-2,train,RS41-Radiosonde,Classic
datasets/waterfall/RS41-Radiosonde/79e1e7c7ac6e89cb006dabba5cb427701186d184a0d9c38b74caa368336fd5d7.png,RS41-Radiosonde,real-old,legacy-RS41-Radiosonde-28x12,train,,
datasets/waterfall/RS41-Radiosonde/8b64cf233fe49f271dcebdf7114ddc22e5883e893b69d57e437b5cd468649928.png,RS41-Radiosonde,synthetic,RS41-Radiosonde-1667-0-2,train,RS41-Radiosonde,Classic
datasets/waterfall/RS41-Radiosonde/e11b2040e184a9958ed030d7633ba4c4f7161c573d9bf1d818d006b7ba4dfe84.png,RS41-Radiosonde,synthetic,RS41-Radiosonde-1668-0-0,train,RS41-Radiosonde,Classic
datasets/waterfall/RS41-Radiosonde/3f802ec7ce2f0ce5d294a0dcfb6bd766f44ab6df638b11cf19d51581e48e3be4.png,RS41-Radiosonde,real-old,legacy-RS41-Radiosonde-27x12,train,,
datasets/waterfall/RS41-Radiosonde/6cbdebedb2f436e04e5f613353b6548ae4c5776e25399628d4f6fa0a6c918c04.png,RS41-Radiosonde,synthetic,RS41-Radiosonde-73311-0-0,train,RS41-Radiosonde,Classic
datasets/waterfall/RS41-Radiosonde/86ebfae6f1f15dd20360a6ec817f1b14631d7fd5e214abd24f55814809575419.png,RS41-Radiosonde,synthetic,RS41-Radiosonde-83463-0-2,train,RS41-Radiosonde,Classic
datasets/waterfall/RS41-Radiosonde/1305a3d5dd8a49fbdcae7e2b2244da64a83ef4d2e0b07b3a323a675b394192eb.png,RS41-Radiosonde,synthetic,RS41-Radiosonde-1667-0-1,train,RS41-Radiosonde,Classic
datasets/waterfall/RS41-Radiosonde/1b8216b00e6c1e16200fecf7b9f8322c9d4f4e7bf4d7a98d3c0ec8b1bd08bb20.png,RS41-Radiosonde,synthetic,RS41-Radiosonde-1667-0-1,train,RS41-Radiosonde,Classic
datasets/waterfall/RS41-Radiosonde/d324e26f99122e59a658e7c77611ffe05e41917c0fb4d2cc4e8ecb02813216c7.png,RS41-Radiosonde,real-old,legacy-RS41-Radiosonde-27x12,train,,
datasets/waterfall/RS41-Radiosonde/4f272319d50432ad251b229c8294ec112fe12541bf2d2f0670b5b70dac78cf10.png,RS41-Radiosonde,synthetic,RS41-Radiosonde-1668-0-1,train,RS41-Radiosonde,Classic
datasets/waterfall/RS41-Radiosonde/a62b166a06aac5f612f5800e14e45ff1838b1aaaf9c9c2376a6da9de8553daf1.png,RS41-Radiosonde,real-old,legacy-RS41-Radiosonde-30x12,train,,
datasets/waterfall/RS41-Radiosonde/928709b8c6db2ca9a86575b12598a02b95e25b5b822b791213ec7a14c8ee1eb3.png,RS41-Radiosonde,synthetic,RS41-Radiosonde-73310-0-1,train,RS41-Radiosonde,Classic
datasets/waterfall/RS41-Radiosonde/e430b014d433977ec80abd9b28876d6337d2f40cc20c6553a8d81b9525cb1f05.png,RS41-Radiosonde,synthetic,RS41-Radiosonde-94728-0-0,train,RS41-Radiosonde,Classic
datasets/waterfall/RS41-Radiosonde/19b2746526a556a347ccdd6fcdf164962eab295b6a3f97edf1e57e213cfe36d5.png,RS41-Radiosonde,real-old,legacy-RS41-Radiosonde-11x11,train,,
datasets/waterfall/RS41-Radiosonde/cedc8ef50c0905e5cfe0778fd7feb1987f8323ff54b30da0cda63966526f72da.png,RS41-Radiosonde,synthetic,RS41-Radiosonde-44107-0-1,train,RS41-Radiosonde,Electric
datasets/waterfall/RS41-Radiosonde/d3e52f1e76342a867f58987a2811aff2fbfaf624c8a48e6b6fe191e85d43bb07.png,RS41-Radiosonde,real-old,legacy-RS41-Radiosonde-28x12,train,,
datasets/waterfall/RS41-Radiosonde/98b4e744a170d0e7dc744a55b516ef4082793d7717dc1b42c03b94174965c45a.png,RS41-Radiosonde,real-old,legacy-RS41-Radiosonde-30x12,train,,
datasets/waterfall/RS41-Radiosonde/a03eabf80bdf20fecf4607ea710bbea827854b432d62b1adb65e51991bdd5f92.png,RS41-Radiosonde,real-old,legacy-RS41-Radiosonde-31x11,train,,
datasets/waterfall/RS41-Radiosonde/a9b78692f85bb0c3298ecfe0449648d9d0cd46e176b36aa72aca135a26a4e13c.png,RS41-Radiosonde,synthetic,RS41-Radiosonde-44108-0-1,train,RS41-Radiosonde,GQRX
datasets/waterfall/RS41-Radiosonde/58dfee50477d790d12f340837c366dd384b815da2dca8fe91821d15efe0dc6fd.png,RS41-Radiosonde,synthetic,RS41-Radiosonde-44109-0-1,train,RS41-Radiosonde,Grey Scale
datasets/waterfall/RS41-Radiosonde/3156cd9a861bcf2a1939b6865c13c1e723b8c3fbd1337e2ac805b4be1063010a.png,RS41-Radiosonde,synthetic,RS41-Radiosonde-94729-0-2,train,RS41-Radiosonde,Classic
datasets/waterfall/RS41-Radiosonde/0f86e525dd13382c0f1ea1dca96bcae285fd202b0bec1eca1d5bf71c6417c4e6.png,RS41-Radiosonde,synthetic,RS41-Radiosonde-73311-0-1,train,RS41-Radiosonde,Classic
datasets/waterfall/RS41-Radiosonde/d907963ac251a66fa38b02f5f96fed86e309a808c8601c0df1528ff5e811e375.png,RS41-Radiosonde,synthetic,RS41-Radiosonde-44110-0-2,train,RS41-Radiosonde,Inferno
datasets/waterfall/RS41-Radiosonde/b41c1d9e011cb079567a2d1d831e7acfc7cb7254ef33bb841063b87fffb44d7c.png,RS41-Radiosonde,real-old,legacy-RS41-Radiosonde-29x12,train,,
datasets/waterfall/RS41-Radiosonde/6baa0567b2ad9fa675949a5c9bb6f76813f6ad88b23430cc909ea23d0adc0f5d.png,RS41-Radiosonde,real-old,legacy-RS41-Radiosonde-29x12,train,,
datasets/waterfall/RS41-Radiosonde/337c9ef296be13640c45906f0779000b4098324e5cfca3db920eb3bf6042bd06.png,RS41-Radiosonde,synthetic,RS41-Radiosonde-87303-0-0,train,RS41-Radiosonde,Classic
datasets/waterfall/RS41-Radiosonde/52970a98e273aed11d0e5cda47d129faeacd2caefe670f188abd80d7f3be402d.png,RS41-Radiosonde,real-old,legacy-RS41-Radiosonde-11x12,train,,
datasets/waterfall/RS41-Radiosonde/1b857360037b583361a779472d0d5495be6495e7a5bc6dd2539282ec390f4bc6.png,RS41-Radiosonde,synthetic,RS41-Radiosonde-87303-0-1,train,RS41-Radiosonde,Classic
datasets/waterfall/RS41-Radiosonde/8d3432da7cbb9ad7cb4f22a61a87a3d815181c7e3a7b7a4572e8cf05acd63795.png,RS41-Radiosonde,synthetic,RS41-Radiosonde-94730-0-1,train,RS41-Radiosonde,Classic
datasets/waterfall/RS41-Radiosonde/585051ea1cdccd0d39c7d672b05a8f62495c21585a0824dfb26e3ec41340357f.png,RS41-Radiosonde,synthetic,RS41-Radiosonde-80172-0-1,train,RS41-Radiosonde,Classic
datasets/waterfall/RS41-Radiosonde/93b9322768ebc06a64c093cd4b55bcbca7961693f8ab0681ce14d61a88463424.png,RS41-Radiosonde,real-old,legacy-RS41-Radiosonde-29x12,train,,
datasets/waterfall/RS41-Radiosonde/5859abe179bada012d0a7c9e382f6dd5d6609d8507dec3c8a150c4b9f1d640a2.png,RS41-Radiosonde,synthetic,RS41-Radiosonde-44109-0-0,train,RS41-Radiosonde,Grey Scale
datasets/waterfall/RS41-Radiosonde/97276d8e70ea778559800054745a72647fe1d17211c56745eccf69bef94f186b.png,RS41-Radiosonde,synthetic,RS41-Radiosonde-66416-0-1,train,RS41-Radiosonde,Classic
datasets/waterfall/RS41-Radiosonde/f5742101fa49dcd96bfef3da92c9ca0acb49969f31c8e498ec00dcaa0e8765cd.png,RS41-Radiosonde,synthetic,RS41-Radiosonde-94730-0-1,train,RS41-Radiosonde,Classic
datasets/waterfall/RS41-Radiosonde/90c666c8db8c400c70170e5638e6a2f7291f1b4d9b9395ab5d284d4f44271820.png,RS41-Radiosonde,synthetic,RS41-Radiosonde-94730-0-0,train,RS41-Radiosonde,Classic
datasets/waterfall/RS41-Radiosonde/56b6fce9ac5c32a29143ee54abcfec736618c5430fe1efa4711e75577b068f70.png,RS41-Radiosonde,real-old,legacy-RS41-Radiosonde-28x11,train,,
datasets/waterfall/RS41-Radiosonde/cce5b54ffb4d4af1a563c41b921f40c3cd569f1b95f0013e50e6bedb476ced4e.png,RS41-Radiosonde,synthetic,RS41-Radiosonde-94729-0-0,train,RS41-Radiosonde,Classic
datasets/waterfall/RS41-Radiosonde/e852f3272d3d81da5cdf1ce21b926233d2293d897e30aaf3c5113edcff0a78d0.png,RS41-Radiosonde,synthetic,RS41-Radiosonde-1667-0-0,train,RS41-Radiosonde,Classic
datasets/waterfall/RS41-Radiosonde/852f4708f6b0d9d38842ff51f9e0630d3ba781f9ef8ad27f9012a65a1955d6cf.png,RS41-Radiosonde,real-old,legacy-RS41-Radiosonde-27x12,train,,
datasets/waterfall/RS41-Radiosonde/1fa2cefbb2561fb058a27afcdb0a8ec702a7791fb644f32995ddfe3aeb038086.png,RS41-Radiosonde,synthetic,RS41-Radiosonde-80172-0-1,train,RS41-Radiosonde,Classic
datasets/waterfall/RS41-Radiosonde/f03107f6547b21a4fc9fe05472d77ccc4b726f69ab51de3d0fa3e6477182fb24.png,RS41-Radiosonde,synthetic,RS41-Radiosonde-94729-0-0,train,RS41-Radiosonde,Classic
datasets/waterfall/RS41-Radiosonde/dda564f1d1a9dc8d38d538b08c3a179b94dac76531a21566e5191823ebb30d10.png,RS41-Radiosonde,synthetic,RS41-Radiosonde-1669-0-1,train,RS41-Radiosonde,Classic
datasets/waterfall/RS41-Radiosonde/fbddc155b7866f34d05ac86abca71b6bf72a9098b56d494fd49095b5507c9b76.png,RS41-Radiosonde,synthetic,RS41-Radiosonde-94729-0-1,train,RS41-Radiosonde,Classic
datasets/waterfall/RS41-Radiosonde/d1c58c08dc99e407d143d3f8747238cec7d8368ff5f267e460bd75ccfc2608b1.png,RS41-Radiosonde,synthetic,RS41-Radiosonde-50344-0-2,train,RS41-Radiosonde,Vivid
datasets/waterfall/RS41-Radiosonde/d2fc60d16e61d6bcfb3cb4c6fcba282d68868097829a686359c6ef6a66999eb0.png,RS41-Radiosonde,real-old,legacy-RS41-Radiosonde-28x11,train,,
datasets/waterfall/RS41-Radiosonde/ceb777c08920bc1c774d0e1a1e298c1d0e856b549efdb3c531692a26b9eb0a01.png,RS41-Radiosonde,synthetic,RS41-Radiosonde-87305-0-2,train,RS41-Radiosonde,Classic
datasets/waterfall/RS41-Radiosonde/fd4de2c3cd1aac1c5b1d4bffcd954f2747a06a9011c21918bef30ecb058d9b36.png,RS41-Radiosonde,synthetic,RS41-Radiosonde-1670-0-2,train,RS41-Radiosonde,Classic
datasets/waterfall/RS41-Radiosonde/0ce1f00b63e6f51964ec52f403e9048ba10b69e841cdfef7465b4b0aa107e17d.png,RS41-Radiosonde,real-old,legacy-RS41-Radiosonde-32x11,train,,
datasets/waterfall/Radioteletype/dad53bd274c3dc60bf6f707124e6b954aad3f8a66adfbea64b1d6dbb2b2d0fd2.png,Radioteletype,synthetic,Radioteletype-73312-0-2,test,Radioteletype,Classic
datasets/waterfall/Radioteletype/49ac4010846a1572160e54c98bbc9bddc5eee14ed7d6332c66430cc6b50596b3.png,Radioteletype,synthetic,Radioteletype-1668-0-2,test,Radioteletype,Classic
datasets/waterfall/Radioteletype/9cec324f0285ec50075098b819ec0eece4ebad934f54a5f4f4fe69ea722f6c12.png,Radioteletype,synthetic,Radioteletype-94728-0-1,test,Radioteletype,Classic
datasets/waterfall/Radioteletype/c8c2ee1ed6e1baa3defd6ca4087f2cf1c93859fab266e1147b7144208592d82f.png,Radioteletype,synthetic,Radioteletype-1669-0-1,test,Radioteletype,Classic
datasets/waterfall/Radioteletype/fe54bf252c8223d6c08116d4b357122e7b510e5660b70d16d5423f7eacc3a117.png,Radioteletype,synthetic,Radioteletype-94731-0-1,test,Radioteletype,Classic
datasets/waterfall/Radioteletype/60c8b22aae6f87043076014a8d6fc92fcfd3c03173ae93cbe48039f9ad330592.png,Radioteletype,synthetic,Radioteletype-63752-0-2,test,Radioteletype,Classic
datasets/waterfall/Radioteletype/aa0cbdd67b45a30cb315def1bdef95fc149158ed8dfbbeb583ed34a87332d5d7.png,Radioteletype,synthetic,Radioteletype-94237-0-0,test,Radioteletype,Classic
datasets/waterfall/Radioteletype/4b66d4b3777234455e4826f3622703da66f2158f8fb6bdb486c09d4de36ef648.png,Radioteletype,real-old,legacy-Radioteletype-13x7,test,,
datasets/waterfall/Radioteletype/b75608b79f3810676d1f13c4e5335a6584c2ef916bd6df02e021942ea7facc13.png,Radioteletype,synthetic,Radioteletype-87303-0-0,test,Radioteletype,Classic
datasets/waterfall/Radioteletype/d66c58c6f3aee23fbe5906ac908cc82ef78b6d9d112bb8319d6b1b7a06c5f797.png,Radioteletype,synthetic,Radioteletype-50345-0-2,test,Radioteletype,Temper Colors
datasets/waterfall/Radioteletype/e783abacca649682508c832071628612e04f1c2d36a418e517be53eb672745fa.png,Radioteletype,synthetic,Radioteletype-94731-0-1,test,Radioteletype,Classic
datasets/waterfall/Radioteletype/6b7bd773f2a79b8b6f7a8d1ce8cff7a2c2e8862174ccbacddd91e4ee4490c088.png,Radioteletype,synthetic,Radioteletype-73312-0-0,test,Radioteletype,Classic
datasets/waterfall/Radioteletype/1c5aa243dbfbefa7d392c36bb7674fcbf816bdee0a1309c715a9747a7c386ab9.png,Radioteletype,synthetic,Radioteletype-94731-0-2,test,Radioteletype,Classic
datasets/waterfall/Radioteletype/89e4fede907ee70fcbdb4fd21cbcfde890f2efee896ad5dc540926748a260349.png,Radioteletype,synthetic,Radioteletype-1667-0-0,test,Radioteletype,Classic
datasets/waterfall/Radioteletype/9296d60e4d49480516f3a727b9acd335b7382a0bd3ec9c47ecb3903500fc3916.png,Radioteletype,synthetic,Radioteletype-73312-0-2,test,Radioteletype,Classic
datasets/waterfall/Radioteletype/b8eaf0622ce3cf2deda868e268cc0b206f09608f1e91851aec205a566544d813.png,Radioteletype,synthetic,Radioteletype-87305-0-1,test,Radioteletype,Classic
datasets/waterfall/Radioteletype/b417b0e10e3be56f051f641279311a1dcb1bdd472415ccf759cfe026a63ab953.png,Radioteletype,real-old,legacy-Radioteletype-25x14,test,,
datasets/waterfall/Radioteletype/544ecf89d560f59e29330a8668d8680fe1e8a4c0128c09a818bf56567bf22a59.png,Radioteletype,real-old,legacy-Radioteletype-13x14,test,,
datasets/waterfall/Radioteletype/ef28a2e1db91072bca74adeebd28b58ad541ad18c060535a39cdc75e91757e6a.png,Radioteletype,synthetic,Radioteletype-94730-0-2,test,Radioteletype,Classic
datasets/waterfall/Radioteletype/87e16e752ab735ec0dc74c1b94393e9095f40b32541ee758c0a4d19de24e6323.png,Radioteletype,synthetic,Radioteletype-73311-0-1,test,Radioteletype,Classic
datasets/waterfall/Radioteletype/0b11a80e7a0e8b4e72def5d33b985c9769103deff195fa40064d68724d541c58.png,Radioteletype,synthetic,Radioteletype-87305-0-2,test,Radioteletype,Classic
datasets/waterfall/Radioteletype/2c0a5d81c3f3a7d87c8be61352adfacb65945fe9f268050b74fa03c9762ca8d6.png,Radioteletype,synthetic,Radioteletype-66418-0-0,test,Radioteletype,Classic
datasets/waterfall/Radioteletype/ad3c30c9657fe67156a036099096a5ecd03f8b735d720e264317515de145a9ef.png,Radioteletype,synthetic,Radioteletype-1669-0-2,test,Radioteletype,Classic
datasets/waterfall/Radioteletype/053742c0edb1d94bf79ecbaf6145706bc507b5d5a35f553a9248b959e0b51947.png,Radioteletype,synthetic,Radioteletype-44107-0-0,test,Radioteletype,Viridis
datasets/waterfall/Radioteletype/7c1880977a5a19c534efdf07348f3ad0ffe73788499b12904530e14a6643639a.png,Radioteletype,synthetic,Radioteletype-87305-0-0,test,Radioteletype,Classic
datasets/waterfall/Radioteletype/4fbdcd55821c838f0a213908d6b7e5fbbb112660db05dd421a63738d48e72468.png,Radioteletype,synthetic,Radioteletype-73310-0-2,val,Radioteletype,Classic
datasets/waterfall/Radioteletype/48dca22ea229f0d9ac7b08704fce65536c205b8eb5635a524639eda091038985.png,Radioteletype,synthetic,Radioteletype-63752-0-2,val,Radioteletype,Classic
datasets/waterfall/Radioteletype/275e53a4931b84ada7b567ffd4e64a9c17a636374a1d10528428b5773321f283.png,Radioteletype,synthetic,Radioteletype-1670-0-1,val,Radioteletype,Classic
datasets/waterfall/Radioteletype/dc240197662b802b970482ffc5be0169d36913da976803a1768b6748d64b93b1.png,Radioteletype,synthetic,Radioteletype-94729-0-2,val,Radioteletype,Classic
datasets/waterfall/Radioteletype/1ec571c584be12722597748c6c98cbc15986b2e76ae4ea796f9facf116f5b31c.png,Radioteletype,synthetic,Radioteletype-66418-0-2,val,Radioteletype,Classic
datasets/waterfall/Radioteletype/90ce8daf777b34cc45845fddeed61e1b9b9a0b532e1f99fca71d5005d92cedd8.png,Radioteletype,synthetic,Radioteletype-87306-0-2,val,Radioteletype,Classic
datasets/waterfall/Radioteletype/56a3ecf1888ac344c8e37af37ee529fb341c9d4800790015df9a1f112946cf10.png,Radioteletype,synthetic,Radioteletype-94730-0-0,val,Radioteletype,Classic
datasets/waterfall/Radioteletype/1eb0a9f65c1e9650ad346fe3d01725569b39a51065406a5778dde539f3ec807d.png,Radioteletype,synthetic,Radioteletype-94731-0-0,val,Radioteletype,Classic
datasets/waterfall/Radioteletype/51b85f43e6edbb578c425483acee4ff60fa540fa0038e4e076d1dbd45d117787.png,Radioteletype,synthetic,Radioteletype-1667-0-2,val,Radioteletype,Classic
datasets/waterfall/Radioteletype/2541d4da812f0e68dbb7bc064ee1e16467f69c1c668915f02d64d760b1ef9073.png,Radioteletype,synthetic,Radioteletype-50343-0-0,val,Radioteletype,Plasma
datasets/waterfall/Radioteletype/a024f279b9b5f194431b34260d5ca28e05d639c590fb53a50e70b101937d2a24.png,Radioteletype,synthetic,Radioteletype-94729-0-2,val,Radioteletype,Classic
datasets/waterfall/Radioteletype/08e2049065cbe41ed2e373bd413512f6ef1472d13e76d8a191795eea1d42c140.png,Radioteletype,synthetic,Radioteletype-73310-0-0,val,Radioteletype,Classic
datasets/waterfall/Radioteletype/a59d21b26162f8ac518bff8df78839ecd820f82fa19b5d00455b84ed37f3b548.png,Radioteletype,real-old,legacy-Radioteletype-28x14,val,,
datasets/waterfall/Radioteletype/acdf9565e0b0ab08d12758b1fe83a7573a524c54fb16332f64dddf506ca5e67a.png,Radioteletype,real-old,legacy-Radioteletype-15x14,val,,
datasets/waterfall/Radioteletype/a88c6c945c7c1f94de1bfcf70dc938edad9bd78f642e2c9b877aaaed74e97b04.png,Radioteletype,synthetic,Radioteletype-66418-0-1,val,Radioteletype,Classic
datasets/waterfall/Radioteletype/3bac632d0a486e1925404abdecd1fcf793bac0758f967b81e9fc2e2a944e7335.png,Radioteletype,synthetic,Radioteletype-94729-0-0,val,Radioteletype,Classic
datasets/waterfall/Radioteletype/e62ba33c73f6b2d97a12974e2e052d0e3734461eb4a02f2cf8053aa08a4cd2bd.png,Radioteletype,synthetic,Radioteletype-80172-0-0,val,Radioteletype,Classic
datasets/waterfall/Radioteletype/9b051f45bab431b79fdb7b5eeb4918f6594742eec0b9a12e6cddf5ec3efa4349.png,Radioteletype,synthetic,Radioteletype-63752-0-0,val,Radioteletype,Classic
datasets/waterfall/Radioteletype/49873dbcafaa26779b6a207522a8346110c361795b45b105990928d52f02fa1b.png,Radioteletype,real-old,legacy-Radioteletype-13x6,val,,
datasets/waterfall/Radioteletype/1a68dc1bc4e327b46f36e41032d9ce291159dbe1782fbe2f896ec8c5d96d4eef.png,Radioteletype,synthetic,Radioteletype-1668-0-2,val,Radioteletype,Classic
datasets/waterfall/Radioteletype/4f69437ce96fc0283f18a6f3d5c060d1426b7b4dc538a2374b5115b4f66b21e0.png,Radioteletype,synthetic,Radioteletype-80172-0-2,val,Radioteletype,Classic
datasets/waterfall/Radioteletype/d09723ff83ccb5b05ad7d4fd7b63c8bd532eed89ef06bf701ed51b5a9ee108db.png,Radioteletype,synthetic,Radioteletype-50344-0-1,val,Radioteletype,Smoke
datasets/waterfall/Radioteletype/2a5e2fabd6b1c397596f74072e47401477c1153554183577453e849ca860831c.png,Radioteletype,synthetic,Radioteletype-1668-0-0,val,Radioteletype,Classic
datasets/waterfall/Radioteletype/9466256a027699a5fb58d66dc9535ff4452403cdd6fee9cf63981845c06f6035.png,Radioteletype,synthetic,Radioteletype-87305-0-2,val,Radioteletype,Classic
datasets/waterfall/Radioteletype/594e5e58a53bfa30269d074bcde36ad9c01c80fbaa8bf391139490d9398dee1a.png,Radioteletype,synthetic,Radioteletype-66417-0-1,val,Radioteletype,Classic
datasets/waterfall/Radioteletype/9c9a29dfd751206045eacfa2ed040e438aadbac6c884d9e1a51d2f1dbae6f2d7.png,Radioteletype,synthetic,Radioteletype-50343-0-1,train,Radioteletype,Plasma
datasets/waterfall/Radioteletype/362c8e5dc97d78187748cc28767f16a31b94ff76d48c09916a6713cd9837133d.png,Radioteletype,synthetic,Radioteletype-83463-0-0,train,Radioteletype,Classic
datasets/waterfall/Radioteletype/72facc928712b498f1c816514e4beb69ce488c5d64f38e2db92f47f4a3aec82e.png,Radioteletype,synthetic,Radioteletype-94237-0-1,train,Radioteletype,Classic
datasets/waterfall/Radioteletype/328b6944f21377468daaccdd91b1c723875d1b28ea3047748d8ec6cfbd40bfce.png,Radioteletype,synthetic,Radioteletype-66416-0-0,train,Radioteletype,Classic
datasets/waterfall/Radioteletype/d2b5c6771b36496356ec4e1387c2346e9b9352dd72ed788c8ccf039bc55d1200.png,Radioteletype,synthetic,Radioteletype-62774-0-2,train,Radioteletype,Classic
datasets/waterfall/Radioteletype/e6cd5f390504071197d43731d94e6ac10cb28199ffea37f4eb5cf3f20d3d43db.png,Radioteletype,synthetic,Radioteletype-94728-0-2,train,Radioteletype,Classic
datasets/waterfall/Radioteletype/18c8b06ce4e4bb46a45fd34396b6f53c88d878ae3aec26dfe60161c66a9a99d7.png,Radioteletype,synthetic,Radioteletype-80172-0-1,train,Radioteletype,Classic
datasets/waterfall/Radioteletype/765af03ef6fa495d9065afcb1d1483a6bf2ef79c90acaf62a01dc6edfc29301d.png,Radioteletype,synthetic,Radioteletype-94730-0-1,train,Radioteletype,Classic
datasets/waterfall/Radioteletype/ca589d73a4b2e67848b519cfe85de05847ee99e9b3e074d21d6eb86110843c26.png,Radioteletype,synthetic,Radioteletype-66416-0-1,train,Radioteletype,Classic
datasets/waterfall/Radioteletype/eb3ee7b8ff2c6bd839ac5db21098355a36581d9e8e749e2b8f3767307b57d147.png,Radioteletype,synthetic,Radioteletype-87305-0-0,train,Radioteletype,Classic
datasets/waterfall/Radioteletype/9db6840716bdae2ecb6a7b2fdbac6878e0300c55e1967f690f453b34855278cc.png,Radioteletype,synthetic,Radioteletype-66418-0-0,train,Radioteletype,Classic
datasets/waterfall/Radioteletype/d6790398fe061caf17fc39f6cb0494d12cb9af04e0db622d0b0129290f206bc6.png,Radioteletype,synthetic,Radioteletype-66418-0-1,train,Radioteletype,Classic
datasets/waterfall/Radioteletype/1fe587cbb304ae4536c63d26584b443445b598b65dcc5c69a0a7ca9c9c53d0d7.png,Radioteletype,synthetic,Radioteletype-87306-0-0,train,Radioteletype,Classic
datasets/waterfall/Radioteletype/dafcb7565dd18f5a266258a4e75e7a85135ba4d10b850108a2aa224bcecc9566.png,Radioteletype,synthetic,Radioteletype-1668-0-1,train,Radioteletype,Classic
datasets/waterfall/Radioteletype/337f446ba744f5f7315aa14631281cabfef0c70af0bc431688ebf0e1624becdb.png,Radioteletype,synthetic,Radioteletype-44111-0-2,train,Radioteletype,Electric
datasets/waterfall/Radioteletype/d61899c0825490bfeab704b9e23156bc8f23d2001124cefd7f0b0bc459c1b17f.png,Radioteletype,synthetic,Radioteletype-65435-0-2,train,Radioteletype,Classic
datasets/waterfall/Radioteletype/6ce21f7c6cc9c8c004c282e9864bd22dbd0409cbcba6e72fb4e0342099129211.png,Radioteletype,real-old,legacy-Radioteletype-29x11,train,,
datasets/waterfall/Radioteletype/6f93f60ba7f30038526e0b997643efdfb3cb259f138165be5f69297ab82ef400.png,Radioteletype,synthetic,Radioteletype-87303-0-2,train,Radioteletype,Classic
datasets/waterfall/Radioteletype/b64f876c2e8f1b67ff63ab1106c4ef3a0237243ccedafc76e2425c234f954e66.png,Radioteletype,synthetic,Radioteletype-83463-0-2,train,Radioteletype,Classic
datasets/waterfall/Radioteletype/c88b0cdbbd6bce8e2be6b4d13f2c2fe07087af2d6eb156d06362012ab5439b65.png,Radioteletype,synthetic,Radioteletype-66416-0-0,train,Radioteletype,Classic
datasets/waterfall/Radioteletype/fa32ea4f5231361adbd5d50edc5c9eac989de40db91b38f16d034ed850cedc36.png,Radioteletype,synthetic,Radioteletype-65435-0-0,train,Radioteletype,Classic
datasets/waterfall/Radioteletype/b089d3179bead8a22cbc4fe7ce0c204d75a621377af1b1b358cc52a93c53fb28.png,Radioteletype,synthetic,Radioteletype-63752-0-1,train,Radioteletype,Classic
datasets/waterfall/Radioteletype/fddae7e6ab01d25a43f7b74f4afe8a576d6fb164b93f8be39f72a24fa9c87135.png,Radioteletype,synthetic,Radioteletype-73310-0-1,train,Radioteletype,Classic
datasets/waterfall/Radioteletype/7a31ba526f5937ccf6581daee31c09ec2f965a768c230a5889eb9751be14e354.png,Radioteletype,synthetic,Radioteletype-66417-0-0,train,Radioteletype,Classic
datasets/waterfall/Radioteletype/254e9cb43c16300d429b086f89c1bf065f6008df5efeade3da746e90e4bb387b.png,Radioteletype,synthetic,Radioteletype-83464-0-0,train,Radioteletype,Classic
datasets/waterfall/Radioteletype/4e653d78d9b1bc8993106b2c0e0a0fb67b23089e0d3fa0b151fed4e764cc2918.png,Radioteletype,synthetic,Radioteletype-83464-0-0,train,Radioteletype,Classic
datasets/waterfall/Radioteletype/e692522075c453bc03e23e73abcfa65a827a1641ae0f602128cdf79594f3c227.png,Radioteletype,synthetic,Radioteletype-73311-0-0,train,Radioteletype,Classic
datasets/waterfall/Radioteletype/38125f1dcac8f2a5bc613ab4925271ba7fd67feead8c03881f00f9359b7af308.png,Radioteletype,synthetic,Radioteletype-94728-0-0,train,Radioteletype,Classic
datasets/waterfall/Radioteletype/3f461cdf474e05c1f4f5be7279ee2b36f19143a0c7f37fd0297066294771820c.png,Radioteletype,synthetic,Radioteletype-62774-0-1,train,Radioteletype,Classic
datasets/waterfall/Radioteletype/a489ba74c1f49704ab20a58793e2ff3148a3ab8870909b54f05807d46a4d3dcc.png,Radioteletype,synthetic,Radioteletype-83463-0-1,train,Radioteletype,Classic
datasets/waterfall/Radioteletype/14c9648a8ae80511ec708f0900785e9d67949bed16a9f63dd6654c393ad7f89c.png,Radioteletype,synthetic,Radioteletype-65435-0-2,train,Radioteletype,Classic
datasets/waterfall/Radioteletype/d4a23caad33ed7e96d315ea1736a4c2d4ce599e66aa559382088f001ca746a46.png,Radioteletype,synthetic,Radioteletype-44111-0-0,train,Radioteletype,Electric
datasets/waterfall/Radioteletype/198d3afc760e24b43f3c9817991d7b945c1a171d0aed7bdd1abe7f017e4d8fcb.png,Radioteletype,synthetic,Radioteletype-63752-0-0,train,Radioteletype,Classic
datasets/waterfall/Radioteletype/0cc337d6a2e1bd4e0845f47ff240b8690928295f08b93b2f681a324233229aeb.png,Radioteletype,synthetic,Radioteletype-1669-0-2,train,Radioteletype,Classic
datasets/waterfall/Radioteletype/c3b402f342c512b303a7fcae7cd58ba72d95c494c4796957eb65f139dddafd94.png,Radioteletype,synthetic,Radioteletype-83463-0-1,train,Radioteletype,Classic
datasets/waterfall/Radioteletype/135d872334b677f5907c30aa5d47c32783905cbb93a4dec450e50109b99a606c.png,Radioteletype,synthetic,Radioteletype-73312-0-1,train,Radioteletype,Classic
datasets/waterfall/Radioteletype/cd45d4c1e6557e03e37e4753c2d12a90561f9158d24c70ba2b24951c1540358b.png,Radioteletype,synthetic,Radioteletype-1667-0-2,train,Radioteletype,Classic
datasets/waterfall/Radioteletype/fbc425c9a4f03baab69d651d560cc45de5596eb6474aa4a66de4c2c58cb7d0c9.png,Radioteletype,synthetic,Radioteletype-87305-0-1,train,Radioteletype,Classic
datasets/waterfall/Radioteletype/f02b4ff3e83d532df2d7d1d266fb51ec70eb31ce94eabbcbd1b75868df750cb7.png,Radioteletype,synthetic,Radioteletype-1669-0-0,train,Radioteletype,Classic
datasets/waterfall/Radioteletype/0dd982d8b6bc208cb8c8fd08881762b3472efa6962eda92c0b53d5d0199e50b9.png,Radioteletype,synthetic,Radioteletype-1670-0-1,train,Radioteletype,Classic
datasets/waterfall/Radioteletype/0238bffc0c5f24e24f422ac1105b0e508e8b854d531cdc39059dd3504655f779.png,Radioteletype,synthetic,Radioteletype-44111-0-1,train,Radioteletype,Electric
datasets/waterfall/Radioteletype/30d21676461fc6d021315989f943121187e1e14ed1b179ea460dbad60ea7297e.png,Radioteletype,synthetic,Radioteletype-73311-0-2,train,Radioteletype,Classic
datasets/waterfall/Radioteletype/9a40b33e821c52e8f4c513a986da8aff54d2647f8a73630b7ced9e4e60da0e82.png,Radioteletype,synthetic,Radioteletype-87303-0-1,train,Radioteletype,Classic
datasets/waterfall/Radioteletype/056f759438b63777daac0f693ed9e1f17d784c12a01b4cc93cd78ac7f0fd94c4.png,Radioteletype,synthetic,Radioteletype-44107-0-2,train,Radioteletype,Viridis
datasets/waterfall/Radioteletype/51106af401f329222d3f2731246613b781b2ab52957cbe1e2742f8ed02baeaec.png,Radioteletype,synthetic,Radioteletype-94729-0-0,train,Radioteletype,Classic
datasets/waterfall/Radioteletype/f2ebcb2b5453d2ca1e64a096cea064b1bed7030199168e6b4264d0c23e704668.png,Radioteletype,synthetic,Radioteletype-87306-0-1,train,Radioteletype,Classic
datasets/waterfall/Radioteletype/b8bfbf63f49c50e23c1d9967ee97825cb9cdf7831bf69b7e5436d8e73f9e0252.png,Radioteletype,synthetic,Radioteletype-1670-0-0,train,Radioteletype,Classic
datasets/waterfall/Radioteletype/ad8c0914014fc26a7f7b84b0eef8cd4f682087e181536e9fb14449ae8c01dacd.png,Radioteletype,synthetic,Radioteletype-83463-0-0,train,Radioteletype,Classic
datasets/waterfall/Radioteletype/34abbed79379643cd64ef2ce682a270a501bc62245c1db52a6a719db73a45b44.png,Radioteletype,synthetic,Radioteletype-1670-0-2,train,Radioteletype,Classic
datasets/waterfall/Radioteletype/3c80ac0c1d5f1fce77eedd48a5eaf2889360c1f395e2933aa2e55048fe1ad6b1.png,Radioteletype,synthetic,Radioteletype-1667-0-1,train,Radioteletype,Classic
datasets/waterfall/Radioteletype/d688b362069c93fcf0e99ae6a41a2ffec073844d458abf07656973089d32b2b1.png,Radioteletype,synthetic,Radioteletype-1667-0-0,train,Radioteletype,Classic
datasets/waterfall/Radioteletype/336678c0b3be64a7d28ce1167bfa16c228276930db63c13d1ba48d398a81a5a4.png,Radioteletype,synthetic,Radioteletype-94730-0-2,train,Radioteletype,Classic
datasets/waterfall/Radioteletype/c4ab9d2a0d7773a0b17bed782d59f2d7d9b0945316a4dbc47fddad82a1432380.png,Radioteletype,synthetic,Radioteletype-94237-0-2,train,Radioteletype,Classic
datasets/waterfall/Radioteletype/728ed35cea59cb83488237bd10ba240539e71e806ef440e1e34a488fe9352f37.png,Radioteletype,synthetic,Radioteletype-66416-0-2,train,Radioteletype,Classic
datasets/waterfall/Radioteletype/d51982d7c7b771c8f7282f4c6b02277382ff9a53dc1d55b2cf4a93557a5f4806.png,Radioteletype,synthetic,Radioteletype-83464-0-1,train,Radioteletype,Classic
datasets/waterfall/Radioteletype/c1a114a764df32739c7ebc157bb1f1daac570ade55f4c39f66a5adb382d27525.png,Radioteletype,synthetic,Radioteletype-94731-0-2,train,Radioteletype,Classic
datasets/waterfall/Radioteletype/470503234cd062c3ec8ced31b12d59a71dcfdc194a647ae4e3467d218d4863b1.png,Radioteletype,synthetic,Radioteletype-44109-0-1,train,Radioteletype,WebSDR
datasets/waterfall/Radioteletype/10fe751a616bd01b9e66736314b6a65732f3dffe66a87a2f0630ecfaaaf00814.png,Radioteletype,synthetic,Radioteletype-66418-0-2,train,Radioteletype,Classic
datasets/waterfall/Radioteletype/a8c6aa6115a33335163abeccfb537d1ea1b91c1a75284bd9aef3fed22813d24e.png,Radioteletype,synthetic,Radioteletype-94729-0-1,train,Radioteletype,Classic
datasets/waterfall/Radioteletype/de475eaf0b63283a2958108c974ac9f6e5447dbe374b9b80e60c80af1b9154d8.png,Radioteletype,real-old,legacy-Radioteletype-15x7,train,,
datasets/waterfall/Radioteletype/52fe1a4bb245dbac529011803f375932f4db036b4e87f514d13ccc04e85dc239.png,Radioteletype,synthetic,Radioteletype-87303-0-2,train,Radioteletype,Classic
datasets/waterfall/Radioteletype/83e81e792e51e443fee4542400178871ca58f1073cda9a2dbe8ccbd485862ab6.png,Radioteletype,synthetic,Radioteletype-87306-0-1,train,Radioteletype,Classic
datasets/waterfall/Radioteletype/8dfbac874941719f71b8a2e357cdc6196cbe2bd8d9e49309728ce6ac71ff9c96.png,Radioteletype,synthetic,Radioteletype-83464-0-2,train,Radioteletype,Classic
datasets/waterfall/Radioteletype/b1677a202dd5c615eab7a6bf9f4a84888bcfdf391cadaa1a37020ffd056e7f13.png,Radioteletype,synthetic,Radioteletype-87306-0-2,train,Radioteletype,Classic
datasets/waterfall/Radioteletype/3b21b8e382992708f8f17beff760df318f11c56816643abfc07cffc67fe5e23e.png,Radioteletype,synthetic,Radioteletype-65435-0-0,train,Radioteletype,Classic
datasets/waterfall/Radioteletype/21769ca6406b652d0d0edfad112a6da4ec2aef3f04c4ecea4e675ef524dfcae3.png,Radioteletype,synthetic,Radioteletype-94729-0-1,train,Radioteletype,Classic
datasets/waterfall/Radioteletype/b7ecc9f5d955419595e89f916ff69ea18f96c5376029fec7e7cd44aa187aac4d.png,Radioteletype,synthetic,Radioteletype-73311-0-0,train,Radioteletype,Classic
datasets/waterfall/Radioteletype/81c767fc259381c920ca61a08c6140023ed35fff69fc456b7a5a75ad776a5df2.png,Radioteletype,synthetic,Radioteletype-87303-0-1,train,Radioteletype,Classic
datasets/waterfall/Radioteletype/abdbeddf6902edb32e0179de5a1c1c601a60b80e61800c0d699691fd91faee3e.png,Radioteletype,synthetic,Radioteletype-65435-0-1,train,Radioteletype,Classic
datasets/waterfall/Radioteletype/ec9e2df883fb8ad155c9d535c1b7a444fc00071375f737c77710cd1e9256ec15.png,Radioteletype,synthetic,Radioteletype-1669-0-1,train,Radioteletype,Classic
datasets/waterfall/Radioteletype/88f23b633e7d977691ebd622475107d3b7acc9f280ddb21f3f710a156667798e.png,Radioteletype,synthetic,Radioteletype-66417-0-2,train,Radioteletype,Classic
datasets/waterfall/Radioteletype/cabfbf69fbe0c0e06f1aa7efd1e82e5f6cd4fbbe8137b85e2b8a442810f52599.png,Radioteletype,synthetic,Radioteletype-87303-0-0,train,Radioteletype,Classic
datasets/waterfall/Radioteletype/d5443a2c805c34e923d0f20af65d94e7f50e5ea4232db1c696efaee84b839173.png,Radioteletype,synthetic,Radioteletype-63752-0-1,train,Radioteletype,Classic
datasets/waterfall/Radioteletype/5b3ce3cb720c760a77dfcc456367fc8fd62dc07f8c99462c1748213888e67dea.png,Radioteletype,synthetic,Radioteletype-83464-0-1,train,Radioteletype,Classic
datasets/waterfall/Radioteletype/4988d75f4272a152f02c9fbecea4454d420cdb4b4ecac6838d1dfa44346200dd.png,Radioteletype,synthetic,Radioteletype-80172-0-0,train,Radioteletype,Classic
datasets/waterfall/Radioteletype/ff4ff15a01383341833be864d7df739819edc50e318f9eadd36575122ee1cb33.png,Radioteletype,synthetic,Radioteletype-1670-0-2,train,Radioteletype,Classic
datasets/waterfall/Radioteletype/cc1a5b3f30e868e851fb8ee9829ec6082cbe322f78ad3db6e952a9a27a3e016a.png,Radioteletype,synthetic,Radioteletype-80172-0-2,train,Radioteletype,Classic
datasets/waterfall/Radioteletype/dee5f4653943b855e49224445a177de4a1b8d8b8d1c84e493619e6df923743f1.png,Radioteletype,real-old,legacy-Radioteletype-15x14,train,,
datasets/waterfall/Radioteletype/13e4cdd03a811f9716670d66eaa9759e84b60e78ab565ace8f69e83695d5eff5.png,Radioteletype,synthetic,Radioteletype-50344-0-0,train,Radioteletype,Smoke
datasets/waterfall/Radioteletype/9d7168f5789a3f808bb9c103bd39fa592a51d0c07219e58969c7220a336dc3f8.png,Radioteletype,synthetic,Radioteletype-73310-0-0,train,Radioteletype,Classic
datasets/waterfall/Radioteletype/9b52dea1af6313acdd5d6ed87df06833255188137d2c62105eae1559190cf993.png,Radioteletype,synthetic,Radioteletype-44109-0-0,train,Radioteletype,WebSDR
datasets/waterfall/Radioteletype/453ac2144f78cbe889eddef32c19d49274a9d1f434e2184e246bdea41de07feb.png,Radioteletype,synthetic,Radioteletype-73310-0-2,train,Radioteletype,Classic
datasets/waterfall/Radioteletype/ed386427bd0ef5c555ebfa5fdb7f6f019c5ef4072a83380f7251fcc46b8085ad.png,Radioteletype,synthetic,Radioteletype-66416-0-1,train,Radioteletype,Classic
datasets/waterfall/Radioteletype/bc6500c283abdd8820a2aa3bcd14fac7ae97a7c39f2d1506c65b00d5d378380d.png,Radioteletype,synthetic,Radioteletype-94728-0-2,train,Radioteletype,Classic
datasets/waterfall/Radioteletype/e70f914870d3d114219c0f8b0bb3f9ce5520031aaa4b68103fd4f0bb9fa719a6.png,Radioteletype,synthetic,Radioteletype-50345-0-0,train,Radioteletype,Temper Colors
datasets/waterfall/Radioteletype/c51c32ef0eb714a9be4e509a1f38e461a544baf3889e1d55d0c47c696c2b3c64.png,Radioteletype,synthetic,Radioteletype-94728-0-1,train,Radioteletype,Classic
datasets/waterfall/Radioteletype/7755a638829181fcb87f7ca708274f6a882bb79c8dc1ee745051c7d1ad4bca10.png,Radioteletype,synthetic,Radioteletype-94728-0-0,train,Radioteletype,Classic
datasets/waterfall/Radioteletype/532bc23cd10c4b59a18acad414532c4e0077a311a590b89e7207fc216267096d.png,Radioteletype,synthetic,Radioteletype-87306-0-0,train,Radioteletype,Classic
datasets/waterfall/Radioteletype/eaf6f19a0e3b04e96b5940fcce1c6a52e48fbfe5a2e3daba3106f739cc9f3e47.png,Radioteletype,synthetic,Radioteletype-73310-0-1,train,Radioteletype,Classic
datasets/waterfall/Radioteletype/aeeb66bd125d43a577acc64f11f88cac1ef5be39dfa94d49ea2391242d7a93d5.png,Radioteletype,synthetic,Radioteletype-94237-0-0,train,Radioteletype,Classic
datasets/waterfall/Radioteletype/c37a97f09d0f1835be51d4bba2450fe684fd0743676c191a5fe801aa1d83d761.png,Radioteletype,synthetic,Radioteletype-73311-0-2,train,Radioteletype,Classic
datasets/waterfall/Radioteletype/b0280d44e6818bf473a46cf17efc2c80f6d2727b9771ca45a81c684c3db27bcc.png,Radioteletype,synthetic,Radioteletype-44108-0-1,train,Radioteletype,Vivid
datasets/waterfall/Radioteletype/409365e08bb6f5ebf0a0c2c1a8f53b3ac1089c4bd986acc9aea59d0cb1ade6a4.png,Radioteletype,synthetic,Radioteletype-66417-0-0,train,Radioteletype,Classic
datasets/waterfall/Radioteletype/7b5650d3013b8c60124473ed968f2d40ca54b906fffd8be69afea0a9c58fce80.png,Radioteletype,synthetic,Radioteletype-73312-0-0,train,Radioteletype,Classic
datasets/waterfall/Radioteletype/23adcfd9c39ec7c7e227ef081f3588e3f899be0095920c4ca1c5d4af77e9ddc9.png,Radioteletype,synthetic,Radioteletype-62774-0-0,train,Radioteletype,Classic
datasets/waterfall/Radioteletype/4584ecab290c7ecd682449adeab743d71f882fce7c54013f755b522d68462e1b.png,Radioteletype,synthetic,Radioteletype-66417-0-1,train,Radioteletype,Classic
datasets/waterfall/Radioteletype/cdf737cdf7d053b2428d185db08e1235ffb3707fff9da3dd3ceeb27498c1b959.png,Radioteletype,synthetic,Radioteletype-83464-0-2,train,Radioteletype,Classic
datasets/waterfall/Radioteletype/123a3ccca11f1610ff9bd0e434e935b28adfbc2111e9693b846d094764106a39.png,Radioteletype,synthetic,Radioteletype-94237-0-1,train,Radioteletype,Classic
datasets/waterfall/Radioteletype/1838970e044453bbc31c76f5642121dd7accbbaba2972e8c5aa90d4f5b92e8e3.png,Radioteletype,synthetic,Radioteletype-66417-0-2,train,Radioteletype,Classic
datasets/waterfall/Radioteletype/0d165fa2865e92349d85f0c9685422b05a513496088bd1e4053540cf4325bc5f.png,Radioteletype,synthetic,Radioteletype-94730-0-0,train,Radioteletype,Classic
datasets/waterfall/Radioteletype/175ea1f2011b949de0e288fd14364c5ceef42d16baa9d914e38e756d51da625a.png,Radioteletype,synthetic,Radioteletype-44107-0-1,train,Radioteletype,Viridis
datasets/waterfall/Radioteletype/51ec2ef68c510abc5c961fb9c766202e75d1a629c64cfced7d99601497eecb2b.png,Radioteletype,synthetic,Radioteletype-83463-0-2,train,Radioteletype,Classic
datasets/waterfall/Radioteletype/c6c136bd2d7fbecc76263f09153fac98fdeb6b37396d34f790ad6b866f059e65.png,Radioteletype,synthetic,Radioteletype-66416-0-2,train,Radioteletype,Classic
datasets/waterfall/Radioteletype/20504807e4e320482e8549d3451e900d0cb16ac84b395628865260ec8dd16724.png,Radioteletype,synthetic,Radioteletype-94730-0-1,train,Radioteletype,Classic
datasets/waterfall/Radioteletype/76ab2bad4cbd130e7bd68fcb5e983e9f5a2d80542a9d0115ec442715b67998d9.png,Radioteletype,synthetic,Radioteletype-1667-0-1,train,Radioteletype,Classic
datasets/waterfall/Radioteletype/f7243c2a7b079497c7a880457b1db7940553bdc9e29e696c991d7e575e1196c5.png,Radioteletype,synthetic,Radioteletype-1669-0-0,train,Radioteletype,Classic
datasets/waterfall/Radioteletype/590c2da7816a8e6ef55f2a388e6ab83e29db602afe4210110eb074c96311a6c2.png,Radioteletype,synthetic,Radioteletype-44109-0-2,train,Radioteletype,WebSDR
datasets/waterfall/Radioteletype/c4ebdc37c6feeae9d069b51a800def87d54eaceb1fd29147367b74953eb1af2b.png,Radioteletype,synthetic,Radioteletype-50345-0-1,train,Radioteletype,Temper Colors
datasets/waterfall/Radioteletype/2ea56f5332474050002f2b2f05dd61101c83c14efd3060879afbe51bd29e4da7.png,Radioteletype,synthetic,Radioteletype-73311-0-1,train,Radioteletype,Classic
datasets/waterfall/Radioteletype/e31532ea301c062f993f5cb935d33acb4571a3c839fb1e44e0232e5350059dbe.png,Radioteletype,synthetic,Radioteletype-1668-0-1,train,Radioteletype,Classic
datasets/waterfall/Radioteletype/3a0c3d2d8eaad467e9670dcd5c86ecd075c368b48c187fa3aad41cacb43c4f3b.png,Radioteletype,synthetic,Radioteletype-73312-0-1,train,Radioteletype,Classic
datasets/waterfall/Radioteletype/1b249a66751e54cefc0f3c81d57ea7f4042c50a671792a11912cccbcae0e340d.png,Radioteletype,synthetic,Radioteletype-80172-0-1,train,Radioteletype,Classic
datasets/waterfall/Radioteletype/da2e4c164d960bd159208f510183390130c272e8129db4840ca6afc4cdba766a.png,Radioteletype,synthetic,Radioteletype-50344-0-2,train,Radioteletype,Smoke
datasets/waterfall/Radioteletype/a010470babf1059cf3714437593766ed68711a86ae15b365ca1954962a38500f.png,Radioteletype,synthetic,Radioteletype-50343-0-2,train,Radioteletype,Plasma
datasets/waterfall/Radioteletype/607fcae318a2f70cf40ca3734b5d9520e61cf42ac5981754103fdcb5fc39db6b.png,Radioteletype,synthetic,Radioteletype-94731-0-0,train,Radioteletype,Classic
datasets/waterfall/Radioteletype/78cba00a713dfac799bcc15670bbb4d5b6045cf00dd268b63edb34992066317a.png,Radioteletype,synthetic,Radioteletype-65435-0-1,train,Radioteletype,Classic
datasets/waterfall/Radioteletype/e56e442d84e82e1e765e05620fc977254bf6911451d199001159a88b28e8f6ef.png,Radioteletype,synthetic,Radioteletype-94237-0-2,train,Radioteletype,Classic
datasets/waterfall/Radioteletype/f2369ba27192d29bc839e3b3acc4a7fc13ffc776e9a323cfa72c02eb4485ed01.png,Radioteletype,synthetic,Radioteletype-1668-0-0,train,Radioteletype,Classic
datasets/waterfall/Radioteletype/479aece1c10f3a77021876a1eb4df0e3930b561d8947f96ae057afa25bd2d645.png,Radioteletype,synthetic,Radioteletype-1670-0-0,train,Radioteletype,Classic
datasets/waterfall/ads-b/5f97430a16f6d9f279fb60a183093c722938dcc79e020e83262f908c33c7427e.png,ads-b,synthetic,ads-b-66416-0-1,test,ads-b,Classic
datasets/waterfall/ads-b/611904e904543945d90c0f0e0ab28521302789467d59cb6856785a32967bad2e.png,ads-b,synthetic,ads-b-66418-0-2,test,ads-b,Classic
datasets/waterfall/ads-b/8c584872fc58f6a960c38f11a64b4f5ee73af20fb7418a63bda1e11c8f408736.png,ads-b,synthetic,ads-b-94730-0-1,test,ads-b,Classic
datasets/waterfall/ads-b/8e66b95b478337729b0a1b2b1151a155f5575b1d924b320108efef2b9fb19b35.png,ads-b,synthetic,ads-b-94730-0-2,test,ads-b,Classic
datasets/waterfall/ads-b/8c5d5d96f3c047259cf468a13fb92c6320e44d1ee7084b634b3b4315f3fb3beb.png,ads-b,synthetic,ads-b-73312-0-2,test,ads-b,Classic
datasets/waterfall/ads-b/a4f357fd53cdc252fa102cccd61f2ef25ba138a9c26152d9307588da0125df18.png,ads-b,synthetic,ads-b-73310-0-0,test,ads-b,Classic
datasets/waterfall/ads-b/b4f2cb5a5b1beb8c12823dcc142bd591029d8d1ce458915fda7251a9e1f6d34e.png,ads-b,synthetic,ads-b-50343-0-1,test,ads-b,Grey Scale
datasets/waterfall/ads-b/4bb6327d8e07e15d67308a06f85048bdd4e3eee8e77b85c2fba3ba956ca0228b.png,ads-b,synthetic,ads-b-1668-0-2,test,ads-b,Classic
datasets/waterfall/ads-b/3e2798965f6107eea07bc130dd055c3e7ad730848a98b5501eb43140a0609ce1.png,ads-b,real-old,legacy-ads-b-18x10,test,,
datasets/waterfall/ads-b/6a9de567a5e768841b5244ca9ec883bf0015c6e836ce29821f6eca0979238fb0.png,ads-b,synthetic,ads-b-87303-0-0,test,ads-b,Classic
datasets/waterfall/ads-b/0ef534f220c8ee68d56d24535b92fee8e573095c31d0d3e8dc7a404c5e63f135.png,ads-b,synthetic,ads-b-73310-0-0,test,ads-b,Classic
datasets/waterfall/ads-b/f2267cd9ac06a0c44d1ed8c2f8c5c62b3dd2491a941571b8ae9c422824ad926a.png,ads-b,synthetic,ads-b-87305-0-1,test,ads-b,Classic
datasets/waterfall/ads-b/0208f52c7c79c4c2287378a7bae60ce84ea980655886970aef0400722c4d8678.png,ads-b,real-old,legacy-ads-b-17x10,test,,
datasets/waterfall/ads-b/aaa5e9055039a830284136f755b294b714330c48201d757ca5f0fc33d8cc7601.png,ads-b,synthetic,ads-b-44108-0-1,test,ads-b,Temper Colors
datasets/waterfall/ads-b/3b6c8f2ff5aab1a3c54cb40c59a5602cabcf6b0a7fc182a6d0c1105dfcfecbf4.png,ads-b,synthetic,ads-b-1669-0-1,test,ads-b,Classic
datasets/waterfall/ads-b/9333dc9b4d771329ecf3634862451bcb7c24b0205e554eed6cfe59d61df90d26.png,ads-b,real-old,legacy-ads-b-23x31,test,,
datasets/waterfall/ads-b/7d0d111913d069220348062ffc35d883f874a794fbe37b00b693cf7a9efec4a6.png,ads-b,real-old,legacy-ads-b-31x9,test,,
datasets/waterfall/ads-b/1c33b2d4999d93460dda1d6911871439facadb6734355f70271cafd57962cea5.png,ads-b,synthetic,ads-b-87304-0-1,test,ads-b,Classic
datasets/waterfall/ads-b/60bd1ef6b5dd20c5da23e58fbc72d1de057944b97b9c6da354a71829ae516566.png,ads-b,synthetic,ads-b-87304-0-2,test,ads-b,Classic
datasets/waterfall/ads-b/de03987c3aba9b7e670eef99acaa29d3ca63806f1cf8dcc70903360e69b10f26.png,ads-b,synthetic,ads-b-66416-0-2,test,ads-b,Classic
datasets/waterfall/ads-b/96d4b70c270503ec780b1eb3f24054b208b87e6cbe8f016417b62718cc481144.png,ads-b,synthetic,ads-b-94730-0-0,test,ads-b,Classic
datasets/waterfall/ads-b/54a3acec5e8f21d70d2241ab216062a0bb64b51ab83d2c7b53ba8a1331fc1511.png,ads-b,synthetic,ads-b-87305-0-2,test,ads-b,Classic
datasets/waterfall/ads-b/0144b05dba70031aa7de324527c187c42038f91c57ff32e581ce36eb6f46e8a9.png,ads-b,synthetic,ads-b-73311-0-1,test,ads-b,Classic
datasets/waterfall/ads-b/5e1560b3eb2c849c77bd3fd01458aeb1dbb53d31e78845b44f950ab397723af4.png,ads-b,synthetic,ads-b-94729-0-2,test,ads-b,Classic
datasets/waterfall/ads-b/a3bcbd6d1f05e5193a8cc5da5aa24228cb825f24cf57e0a79c46b505ea3f775a.png,ads-b,synthetic,ads-b-87303-0-2,test,ads-b,Classic
datasets/waterfall/ads-b/aa4e6a97e397a7bd92d8333f8c14ace0d6f72258cc4cc78aaeaa8431caac9318.png,ads-b,real-old,legacy-ads-b-17x10,val,,
datasets/waterfall/ads-b/2d3cd0279c552446d3530b75a0030394781ffb6d4341ee82d118b2f735040af3.png,ads-b,synthetic,ads-b-66417-0-0,val,ads-b,Classic
datasets/waterfall/ads-b/b5176249bc37d53301b6757ade85094c6b7c76ac733f4ed2ab8b24c454055638.png,ads-b,synthetic,ads-b-94730-0-0,val,ads-b,Classic
datasets/waterfall/ads-b/c127423bd794212705e07a047392071b84e30a43ac89d4a9674ebae83a49b05a.png,ads-b,synthetic,ads-b-73312-0-0,val,ads-b,Classic
datasets/waterfall/ads-b/4d501bfe6ad8992ca2d0afe39c3a9cd7bfb28d313e5b46ce19f6470f14ce1f2f.png,ads-b,real-old,legacy-ads-b-31x9,val,,
datasets/waterfall/ads-b/d0b7b56b30d76a81667e39a6b26a88b1e5fb2a6457fda19a6267c68619b18573.png,ads-b,synthetic,ads-b-94730-0-1,val,ads-b,Classic
datasets/waterfall/ads-b/c21d1802845d1e547896f5a4b76ec4f4302aee96e9eef2abd90d9e7d4a81e6e9.png,ads-b,synthetic,ads-b-73310-0-2,val,ads-b,Classic
datasets/waterfall/ads-b/011227966c2f86124a5e4a75d3b687ed7333d2575b7fc6b0c55818b159877d81.png,ads-b,real-old,legacy-ads-b-15x10,val,,
datasets/waterfall/ads-b/607e70b039b009e8d2081964770b81f2053041471870d3b94327525c4e77f20f.png,ads-b,synthetic,ads-b-66416-0-0,val,ads-b,Classic
datasets/waterfall/ads-b/25f8c62280df8c5721e228677fc98280f7c9bb9767d415d2d04317ce7d670a11.png,ads-b,synthetic,ads-b-1670-0-2,val,ads-b,Classic
datasets/waterfall/ads-b/3e0ffe9518ea1986ed56a09429b2e6350e20398f747d4f4e83e0f77b2ace89ee.png,ads-b,synthetic,ads-b-1669-0-1,val,ads-b,Classic
datasets/waterfall/ads-b/eab77636bfab8d14f0aeb1e5a200b9bfe746bc3d3112b989d3ca34b9d607038d.png,ads-b,synthetic,ads-b-87305-0-2,val,ads-b,Classic
datasets/waterfall/ads-b/217f2db84b996cdac4f2a1941c6e07b9f2c821f6c307c4a523e58c0c0779568b.png,ads-b,real-old,legacy-ads-b-31x9,val,,
datasets/waterfall/ads-b/73a50b6a935735243ce46f7da2f1a327c84325f30d388ad498fa41b633db7974.png,ads-b,real-old,legacy-ads-b-31x9,val,,
datasets/waterfall/ads-b/edd2faf19070f844078dbc305acc48fe10562f7ca346476df3fe9b72740ae387.png,ads-b,synthetic,ads-b-94728-0-1,val,ads-b,Classic
datasets/waterfall/ads-b/a221b0ee8ba309e8ccaab1582d0e2d7f043b63a61af4977634665bd671316644.png,ads-b,synthetic,ads-b-94731-0-1,val,ads-b,Classic
datasets/waterfall/ads-b/96ed225ca6b1906e60eebb8d2407255aa65aa7e5c3280391a24f9be6b19b8be2.png,ads-b,synthetic,ads-b-87304-0-2,val,ads-b,Classic
datasets/waterfall/ads-b/a0761c5c218a08a8de78ef780b319bed080851855df7923c27413336fccb522d.png,ads-b,synthetic,ads-b-1667-0-1,val,ads-b,Classic
datasets/waterfall/ads-b/60c7984a391a69339005225149ae9aab4bbe8b8697b2c404c29d2c4cd9c52df6.png,ads-b,synthetic,ads-b-1669-0-2,val,ads-b,Classic
datasets/waterfall/ads-b/a4e7ed79b00e0580700ffe2c72d1105ace6ca6c4786774809ef208551c445093.png,ads-b,synthetic,ads-b-66418-0-0,val,ads-b,Classic
datasets/waterfall/ads-b/7403411ea863ebfea01328659d4aa61811b7f245343652f9400b7cbffc8752ad.png,ads-b,synthetic,ads-b-73312-0-1,val,ads-b,Classic
datasets/waterfall/ads-b/9b38fbb55f8f3e15464f0ae9b02978b7b275494cf42f2865e9f0c872463d009c.png,ads-b,synthetic,ads-b-87305-0-0,val,ads-b,Classic
datasets/waterfall/ads-b/da098fc5f550edf7ee7102be9c507e72c821348b83e2bb15667278b9d1b9e70a.png,ads-b,synthetic,ads-b-83464-0-1,val,ads-b,Classic
datasets/waterfall/ads-b/81eba6cd3e2583198afce076c766f30137da06148680ec6dadd5816a99d8ea92.png,ads-b,synthetic,ads-b-94729-0-0,val,ads-b,Classic
datasets/waterfall/ads-b/7cba3cb1f858af49e291a48fa2de8b639c52f4c75c7ade7c860a2cc5def5d6fe.png,ads-b,synthetic,ads-b-94731-0-0,val,ads-b,Classic
datasets/waterfall/ads-b/7c86c48eef0a1ef0b0536cd971e3d879c6d170a25c7cd89964e010429494786f.png,ads-b,synthetic,ads-b-73311-0-0,train,ads-b,Classic
datasets/waterfall/ads-b/6c83d925be8dabcd3234c43699ee1c8db968d92b8bbe2a9d22252a16736f6efb.png,ads-b,synthetic,ads-b-94731-0-1,train,ads-b,Classic
datasets/waterfall/ads-b/0ce06f4f6e0662b36fe4569f0ef1eb702eda82d4a95c4fd112e7d25971b2c412.png,ads-b,synthetic,ads-b-1670-0-1,train,ads-b,Classic
datasets/waterfall/ads-b/fb806e03d9eda1a0db999ed1e5347151e5881a32debce12e6366a128af67a047.png,ads-b,real-old,legacy-ads-b-31x9,train,,
datasets/waterfall/ads-b/b49bef03c69406acb34cf6a0dd94d0596aa347974f93e7c06683195c69b35ecc.png,ads-b,synthetic,ads-b-83463-0-0,train,ads-b,Classic
datasets/waterfall/ads-b/5110ad6895743bbce18e24ec2cea7cb6a19abc8b0a53353cb63499c5bae17bfa.png,ads-b,synthetic,ads-b-87304-0-0,train,ads-b,Classic
datasets/waterfall/ads-b/eb7e38f4f2e611f43dfa5b98a19a6ff1c2dcfcc1a386fb7b1fa90e36da790c89.png,ads-b,synthetic,ads-b-1667-0-1,train,ads-b,Classic
datasets/waterfall/ads-b/5ae36f24e5110876199e9b92437d9bf83124f68f28d5bfed3484d2ea33593be7.png,ads-b,synthetic,ads-b-94730-0-2,train,ads-b,Classic
datasets/waterfall/ads-b/8e8710f268114278e90c79ffd7544de273b225669fe8641b6d937e1301b3b473.png,ads-b,synthetic,ads-b-73311-0-1,train,ads-b,Classic
datasets/waterfall/ads-b/994dc324a2a2c259cf2e1aaaffc340d0c99264845e0aec323df7fc6b965d56f1.png,ads-b,synthetic,ads-b-1669-0-2,train,ads-b,Classic
datasets/waterfall/ads-b/e793b75b63fefef5bfc615dc1b766dd513dbf97a41df4835a96100e66e6433a3.png,ads-b,synthetic,ads-b-50344-0-2,train,ads-b,Inferno
datasets/waterfall/ads-b/3e44f1ba207d044c922d56b5c21fd15ee47d0ba0c7e04e7255ed247d796048ab.png,ads-b,synthetic,ads-b-1667-0-2,train,ads-b,Classic
datasets/waterfall/ads-b/97ee9549173d4bcfadb58f0ab112bf9094a376185c2432029b7909fef6fa16fc.png,ads-b,synthetic,ads-b-73310-0-1,train,ads-b,Classic
datasets/waterfall/ads-b/ee5ab112c2f53429addb04e14b651926326326db75ef1a3b7830b82bf9dfc681.png,ads-b,real-old,legacy-ads-b-33x31,train,,
datasets/waterfall/ads-b/dabeb0e7e7058c5d0bfba577980bce2c80dbb6d2f2049759ce3e39e1e32f17b2.png,ads-b,synthetic,ads-b-1670-0-0,train,ads-b,Classic
datasets/waterfall/ads-b/6e506e281e535ca43972e2a074957e44f3e48a03b20480d05307a71b6615d72e.png,ads-b,synthetic,ads-b-66417-0-2,train,ads-b,Classic
datasets/waterfall/ads-b/279586991608ef69209ef6e6a8c2fbd0f3edcd546d6d93f875b3d9370ba54f32.png,ads-b,synthetic,ads-b-87303-0-1,train,ads-b,Classic
datasets/waterfall/ads-b/43dde78e0a58bdeb3aea7dd229cdba0964b05e86bf0b3e5abb4d589f78310e56.png,ads-b,synthetic,ads-b-44110-0-2,train,ads-b,Viridis
datasets/waterfall/ads-b/18aa09afd646238ae05c6abc26b25c672690e0a57c3545e56aea120722de7858.png,ads-b,real-old,legacy-ads-b-31x9,train,,
datasets/waterfall/ads-b/de18d7abebe65756a95d9dc9c782893aea7db9fef13922ce3d4faca98fbdbe62.png,ads-b,synthetic,ads-b-1668-0-0,train,ads-b,Classic
datasets/waterfall/ads-b/0c53a2cb0ead9ac55dd111b2466705b0e794c785699a6420f88501e9f346e8e1.png,ads-b,synthetic,ads-b-66417-0-1,train,ads-b,Classic
datasets/waterfall/ads-b/bcfd51a9342f19bcbc70a19183f9abd658cc8009d234d12852a8afe8f7d73b69.png,ads-b,synthetic,ads-b-73311-0-0,train,ads-b,Classic
datasets/waterfall/ads-b/ef69b22fed123733bfa212d7dd4c3f15cf6798617b32a5a983e2199740148dff.png,ads-b,synthetic,ads-b-44107-0-2,train,ads-b,Smoke
datasets/waterfall/ads-b/fe91e6df66434f8e0cc4077a32e60b522b3bd5e86ba4a96d35d733241702fb16.png,ads-b,synthetic,ads-b-94731-0-0,train,ads-b,Classic
datasets/waterfall/ads-b/1ad73904cab632ff8ebeccec312c46a3667c72657548ef9e4507601761d09c9d.png,ads-b,synthetic,ads-b-80172-0-2,train,ads-b,Classic
datasets/waterfall/ads-b/de5bddfd577a1d37df18ddd5abca39568db10b96bd8b8ea668e8e81cb42893b5.png,ads-b,real-old,legacy-ads-b-28x30,train,,
datasets/waterfall/ads-b/70e51ccc5ab8bc0012ae9dc0b8db7e6ed222954aad68f6f4f2eea0c2a5677b98.png,ads-b,real-old,legacy-ads-b-19x10,train,,
datasets/waterfall/ads-b/94a4cca8b8974e6c0d28763333c5edae6e3a59d14f1ed7e3ff0ec4334c6737a1.png,ads-b,real-old,legacy-ads-b-31x9,train,,
datasets/waterfall/ads-b/8b3a7250c93d7af8a599436dd3d0bbcf3909ebbb63011d3248c0bc96efdaefc7.png,ads-b,synthetic,ads-b-1668-0-1,train,ads-b,Classic
datasets/waterfall/ads-b/0a6c976a4b4056f1f94cb70dd8a0f4ff7968c8d14d02cd5db0d41f071f1c49ea.png,ads-b,synthetic,ads-b-87304-0-1,train,ads-b,Classic
datasets/waterfall/ads-b/dc9d1f21b2befc224c5bd172db5f4ae97f48b35084c60245cff6369e7f6ac05b.png,ads-b,real-old,legacy-ads-b-31x9,train,,
datasets/waterfall/ads-b/bc7de45bbd04116af996d857675ddf554294cd92952965b923cee6fdc871508c.png,ads-b,synthetic,ads-b-73310-0-2,train,ads-b,Classic
datasets/waterfall/ads-b/2d426696962ebf48462cac84bcc6178932c96b6492db57d1cc4161ba602d21f0.png,ads-b,real-old,legacy-ads-b-31x9,train,,
datasets/waterfall/ads-b/2ccbdc6d348fe8d212705426c4cd3e26c2fb30d487b69e11d71656a5363db199.png,ads-b,synthetic,ads-b-94729-0-2,train,ads-b,Classic
datasets/waterfall/ads-b/3f9f3bea0e008e98211e8d5ac7559000cb1031560f28d1c27894439de819458e.png,ads-b,synthetic,ads-b-1670-0-1,train,ads-b,Classic
datasets/waterfall/ads-b/34605fd0a71f9ecbd846f5caa8e79300bcc3bb1782c366c1e7eebf1cdaf52157.png,ads-b,synthetic,ads-b-66417-0-0,train,ads-b,Classic
datasets/waterfall/ads-b/4f2d9682ca2fac9294d53eb1c22bf47d505c5570b4822a4aaee3d7c25b312a26.png,ads-b,synthetic,ads-b-44110-0-0,train,ads-b,Viridis
datasets/waterfall/ads-b/e182e9a169cf2fbae29b90644ed2bd04cbc52f0ab887fec91ffdd314f134572e.png,ads-b,synthetic,ads-b-65771-0-0,train,ads-b,Classic
datasets/waterfall/ads-b/3cc7aeb4365faa22edff305deaaf773ea5518a43e8e1051237b61c6fb0d867cf.png,ads-b,synthetic,ads-b-66418-0-1,train,ads-b,Classic
datasets/waterfall/ads-b/8408544a74cdbd668c2e6acf3214ebceed61d7172c5d8b02adfdafa98e4395eb.png,ads-b,synthetic,ads-b-73311-0-2,train,ads-b,Classic
datasets/waterfall/ads-b/53294f525077acf388b680b03a22b85a586b09edf5865aa61f35fe1af1b03ddc.png,ads-b,synthetic,ads-b-1668-0-0,train,ads-b,Classic
datasets/waterfall/ads-b/b59ec502a166708b72c97ec2086a0577cdfb5b79ef0b1567c32d2a52b50f0604.png,ads-b,synthetic,ads-b-66416-0-2,train,ads-b,Classic
datasets/waterfall/ads-b/f0d472b50aa2ff80302f1cbe5114d6cf4b2d32304c81e82f6b9aeb7644617ab5.png,ads-b,synthetic,ads-b-73312-0-1,train,ads-b,Classic
datasets/waterfall/ads-b/8568b53638455d30a128d821ee16a5b9c339d15227a9ba7719bf6d13b915209f.png,ads-b,synthetic,ads-b-44109-0-1,train,ads-b,Turbo
datasets/waterfall/ads-b/4f9fabee0fbde4a1dc79f15262f18701c42d329278246c5f5201a7e8d05f2cf7.png,ads-b,synthetic,ads-b-83464-0-1,train,ads-b,Classic
datasets/waterfall/ads-b/56bd568e308a3e775c4b95b7c4300b6324afeb2497ac3fa175e3fc3d39940afc.png,ads-b,synthetic,ads-b-44107-0-1,train,ads-b,Smoke
datasets/waterfall/ads-b/3ee98563c483157561759a08379315347ea1ef66cf3ed5875d74fab36da77d26.png,ads-b,real-old,legacy-ads-b-31x9,train,,
datasets/waterfall/ads-b/909a7c4bbd130a91faf9a905f67531a1d168a1dddff6127dc3ef7c7d59f7a4bb.png,ads-b,synthetic,ads-b-94728-0-2,train,ads-b,Classic
datasets/waterfall/ads-b/c4a60ce7d82a94d829d3dd0dd84369f1471b9dee9436afcb73480509eace03f9.png,ads-b,synthetic,ads-b-94728-0-2,train,ads-b,Classic
datasets/waterfall/ads-b/130d1a2480bc879a641ef573d88ee6b848c66389d5188725afb280cc3b53ae4c.png,ads-b,synthetic,ads-b-65771-0-0,train,ads-b,Classic
datasets/waterfall/ads-b/a7891b39937e237173f5765e5f3c984f33dd4224032f540ea11b01c507b7bf58.png,ads-b,synthetic,ads-b-80172-0-1,train,ads-b,Classic
datasets/waterfall/ads-b/ccfff768d5e44a31b5c860f885b90c6ccb9ead33d5b002086e2705e95eb00d47.png,ads-b,synthetic,ads-b-73311-0-2,train,ads-b,Classic
datasets/waterfall/ads-b/a9463467a082e705d4a56cf05b52cd6581994ec41eeba4e5515f072112e25609.png,ads-b,synthetic,ads-b-66418-0-2,train,ads-b,Classic
datasets/waterfall/ads-b/0ac69d9b1a856f1a8ae8037f8b0046823d9b1cc324d063029fee96eb914d9357.png,ads-b,synthetic,ads-b-94729-0-1,train,ads-b,Classic
datasets/waterfall/ads-b/3420c336002c0f811d19f5ef7edeaf004ef5894607187c2703020a4675b189ed.png,ads-b,synthetic,ads-b-66417-0-1,train,ads-b,Classic
datasets/waterfall/ads-b/210a0b7deb695a8267df2d706489c44e83ff3fd460bee5480ba5b2106d9e668d.png,ads-b,synthetic,ads-b-83464-0-2,train,ads-b,Classic
datasets/waterfall/ads-b/42458a7b5dc078da9b6d2d7687dfb9e18986c0a49694e5e1fe9256284e666b9a.png,ads-b,synthetic,ads-b-66416-0-1,train,ads-b,Classic
datasets/waterfall/ads-b/bb7f4daeef601e1d12221a1fd9042097397c6ca0b1b6e7231c40e1c546ee6729.png,ads-b,synthetic,ads-b-87305-0-1,train,ads-b,Classic
datasets/waterfall/ads-b/4a61149a54e5b9ca3ee882910e2d3886ff72500d788bdde221cf653d4b8e4073.png,ads-b,synthetic,ads-b-73312-0-2,train,ads-b,Classic
datasets/waterfall/ads-b/71c1e42df1b497f731714f67748b1b5517bb7a1f873daeb8ef5457341244f496.png,ads-b,synthetic,ads-b-83464-0-0,train,ads-b,Classic
datasets/waterfall/ads-b/4987a9933463b2f8e93d73979111038582b5b91ef6d18bdf9b4a2ea1baf3cb85.png,ads-b,synthetic,ads-b-94728-0-1,train,ads-b,Classic
datasets/waterfall/ads-b/22459c0eca3a2433974a7e97e1f4ea07d0c0787fd0aad3a3e659005e9075db17.png,ads-b,real-old,legacy-ads-b-19x10,train,,
datasets/waterfall/ads-b/832ce16090e9dae64cae020ec3e6587d5d0b43f0d9a6626302ee87b47c0ba22f.png,ads-b,synthetic,ads-b-50343-0-2,train,ads-b,Grey Scale
datasets/waterfall/ads-b/00c9326fa5a5a5792dfc65b4c1fb532d4ed033600ff005fb11d634fd93252087.png,ads-b,synthetic,ads-b-44111-0-2,train,ads-b,Vivid
datasets/waterfall/ads-b/96359a86c0627726d12795e80e811beb0e6f15e69e3f90778c56da0fc1c90ca6.png,ads-b,synthetic,ads-b-87306-0-2,train,ads-b,Classic
datasets/waterfall/ads-b/1e97e0d9c134f4d204dbde5fa53c0f69f87cb75406fb1243feae2e7382791c8f.png,ads-b,real-old,legacy-ads-b-16x10,train,,
datasets/waterfall/ads-b/e61800bf0538a5a22d0d95db6662d4b277fd0cb231b61d667732e97aac781c08.png,ads-b,synthetic,ads-b-94731-0-2,train,ads-b,Classic
datasets/waterfall/ads-b/9d9fecc93119440397fb8e75f0a809475e3c19a3d29071d0a91baf5637d7f075.png,ads-b,real-old,legacy-ads-b-13x30,train,,
datasets/waterfall/ads-b/192ced5a1df6b89a82e5410d1956a98bb6be70887eb24a9c107ad5c74e8281fd.png,ads-b,synthetic,ads-b-73312-0-0,train,ads-b,Classic
datasets/waterfall/ads-b/da4ae1af4b377ab0cd4540e18e755576f6ee87edcec4df26b96290c815bfa394.png,ads-b,synthetic,ads-b-44111-0-1,train,ads-b,Vivid
datasets/waterfall/ads-b/012f0c3ed2904b46fa1db75565c80f939feb252740534188c1b4ae07e59da620.png,ads-b,synthetic,ads-b-94729-0-1,train,ads-b,Classic
datasets/waterfall/ads-b/01abf84ee05ae39fb0657bc60784b244724b30906cf5cb01696bb2859fd69a45.png,ads-b,synthetic,ads-b-83464-0-0,train,ads-b,Classic
datasets/waterfall/ads-b/a5d9540862ff89b72199d376b2b3153be3c294d0bcc09f15e5d9d5310f4062a0.png,ads-b,synthetic,ads-b-83463-0-1,train,ads-b,Classic
datasets/waterfall/ads-b/a62ced7e6e0a6bff9c7068f43f8b9ede724264d4f0393455b122adeb929a5fdd.png,ads-b,synthetic,ads-b-83463-0-1,train,ads-b,Classic
datasets/waterfall/ads-b/869e686b32d9d473d164eebf218efaef33197cf9757231cf10b72b9562909983.png,ads-b,real-old,legacy-ads-b-31x9,train,,
datasets/waterfall/ads-b/a94c27a2efc37bd27a010da56f041e4c36570c259a74ae4c75b4a044f05f13ca.png,ads-b,synthetic,ads-b-87303-0-2,train,ads-b,Classic
datasets/waterfall/ads-b/89b4184a78c70e00a1d810a2a7d94e8cb92f0fa5ad2ab317018bd1f859480e10.png,ads-b,synthetic,ads-b-1667-0-0,train,ads-b,Classic
datasets/waterfall/ads-b/915e8e22246c3e8112b8c2439f7e0ff9da68dbf03c9a9eb68a5c5c1bbc1b4a31.png,ads-b,synthetic,ads-b-83464-0-2,train,ads-b,Classic
datasets/waterfall/ads-b/6d5372fbc1fb14d509c2362f74ccd6f3484c21821aa4996440e557803c94e552.png,ads-b,synthetic,ads-b-87303-0-1,train,ads-b,Classic
datasets/waterfall/ads-b/cd7a502e871fb45466b0f23eb90b6647c435bcf86614aed7d209e38f2779104c.png,ads-b,synthetic,ads-b-301-0-0,train,ads-b,Classic
datasets/waterfall/ads-b/63831b0554b43a624a70ce248f49fff2caa6a97865401b843fc5541d4e6f439c.png,ads-b,synthetic,ads-b-94731-0-2,train,ads-b,Classic
datasets/waterfall/ads-b/89504fea09ba3c47ddad2161c610125dd7a692c93379fd891e3c29c237660f42.png,ads-b,synthetic,ads-b-80172-0-0,train,ads-b,Classic
datasets/waterfall/ads-b/b37ea327432b638b6d836b0a9ae3740385e3f87dd228788ca09b92f38a16c437.png,ads-b,synthetic,ads-b-1669-0-0,train,ads-b,Classic
datasets/waterfall/ads-b/a0f208b4a7705945e0d86eff56a143352ffdb5936b5688bba76ae145b687d30d.png,ads-b,synthetic,ads-b-50343-0-0,train,ads-b,Grey Scale
datasets/waterfall/ads-b/f5cdb5459221a218548eb55677b5fdbe7fdb916532410ff16fe18c28cb901e3c.png,ads-b,synthetic,ads-b-66416-0-0,train,ads-b,Classic
datasets/waterfall/ads-b/342765fe7db0470691412a693f4db0ce5b895872e716c12c1d1e95c69628cdd0.png,ads-b,synthetic,ads-b-94728-0-0,train,ads-b,Classic
datasets/waterfall/ads-b/af32327ebaacdc9013f5c622e5dd504f5b42ab757df3e6abb7f1e86afc160c53.png,ads-b,synthetic,ads-b-1667-0-2,train,ads-b,Classic
datasets/waterfall/ads-b/ef1995573d756b33436e823197a571618935d0851ec1a6363b6e358555fb0f03.png,ads-b,real-old,legacy-ads-b-46x31,train,,
datasets/waterfall/ads-b/47269f2c133784324e226dd402c8208461afb66bdde7654290320a80649825e4.png,ads-b,synthetic,ads-b-66417-0-2,train,ads-b,Classic
datasets/waterfall/ads-b/7bcd52b211da1b31338c3e6296bc722283a4ed483dc42ba88c30acbdfdc35d1a.png,ads-b,synthetic,ads-b-44109-0-0,train,ads-b,Turbo
datasets/waterfall/ads-b/aec1a3858895453c926c0c21a430f82e796e40267efd2791925bab7c579f11fa.png,ads-b,synthetic,ads-b-83463-0-2,train,ads-b,Classic
datasets/waterfall/ads-b/6368d6ee95192c6d1c2c76ee632c6aec65cbc1f2f37f71043654abc2bc84e104.png,ads-b,synthetic,ads-b-50344-0-0,train,ads-b,Inferno
datasets/waterfall/ads-b/781de5da010a5ee80b07eee2da438eca9f35c973f2f54193b06df9922c741204.png,ads-b,synthetic,ads-b-1668-0-2,train,ads-b,Classic
datasets/waterfall/ads-b/396b6f5dc5a17d9b272c507764cec454c9ac99b053181aba7d7ca3690977c6cb.png,ads-b,synthetic,ads-b-1670-0-0,train,ads-b,Classic
datasets/waterfall/ads-b/8e5e690b3ca63002e46400cdbd76d59c7ea7bea27acf5d6e8df253b5c5cd90f6.png,ads-b,synthetic,ads-b-87304-0-0,train,ads-b,Classic
datasets/waterfall/ads-b/3ccb5289db9484f58d6c7e545c5e466658729689835cef50aa11818243362a7b.png,ads-b,synthetic,ads-b-44109-0-2,train,ads-b,Turbo
datasets/waterfall/ads-b/8a2eea0ed5c017e1c1c04f97d65545432eda979d5e0dec57e27de835d4b9a5d3.png,ads-b,synthetic,ads-b-1670-0-2,train,ads-b,Classic
datasets/waterfall/ads-b/af28f74e46573c4e971d8125fa2a1a875d6f7150dd5d11ceadb81fe98da0d11b.png,ads-b,synthetic,ads-b-1669-0-0,train,ads-b,Classic
datasets/waterfall/ads-b/5108c02a361278f8330ca613a55f00061cce1ab2e690c8b9ee0335a7a306818b.png,ads-b,synthetic,ads-b-87303-0-0,train,ads-b,Classic
datasets/waterfall/ads-b/2bb8a55b42bdf1ff1e1f0fe3125d757ed494434fd8779db580d261b28804294c.png,ads-b,synthetic,ads-b-66418-0-0,train,ads-b,Classic
datasets/waterfall/ads-b/6ef849ee4bf1a20b5f8f56b64858afdbffea40ad3428bd691a9ab12de9b784b2.png,ads-b,synthetic,ads-b-94728-0-0,train,ads-b,Classic
datasets/waterfall/ads-b/078dade15d88c18feb3d615f21b6778745256689c6997f7d5e9f154b80633008.png,ads-b,synthetic,ads-b-94729-0-0,train,ads-b,Classic
datasets/waterfall/ads-b/a9237b6b75685905f24b0a441eb7aefb776b8b96ada15f8032ae507294493335.png,ads-b,synthetic,ads-b-44108-0-0,train,ads-b,Temper Colors
datasets/waterfall/ads-b/cc2c279ed00a2ef318feb6fdca27c6d608d389ca167bbdcc412ad8f526a41f3f.png,ads-b,synthetic,ads-b-1668-0-1,train,ads-b,Classic
datasets/waterfall/ads-b/b049300b0926dcf361c893ff0ea5d887aa9fcb51308809fa7c69ff45969976b2.png,ads-b,synthetic,ads-b-66418-0-1,train,ads-b,Classic
datasets/waterfall/ads-b/96f4b78d645da09dc6a2785e50dfa13cfa83a87d3128f93c125274dc5fb9b337.png,ads-b,synthetic,ads-b-1667-0-0,train,ads-b,Classic
datasets/waterfall/ads-b/3e96443a8a4ea8a6d714a8e8da0003d2c1666b1e18f49622db8d41fad08f8c8f.png,ads-b,real-old,legacy-ads-b-31x9,train,,
datasets/waterfall/ads-b/afe63f9277feeb5ca0cbe68c1ff0bc8ed85c07683401e5e0e7562b0c4d98c6d0.png,ads-b,real-old,legacy-ads-b-28x30,train,,
datasets/waterfall/ads-b/3dbc5ea52a9e0ada610c9567dd17648e552c6d62d42edf00d459b2067c0bc784.png,ads-b,synthetic,ads-b-83463-0-0,train,ads-b,Classic
datasets/waterfall/ads-b/49d2e3a85da5942db69aec0aa9d476f1e1fc258d77128dcd84621590bbfdc4d2.png,ads-b,synthetic,ads-b-80172-0-2,train,ads-b,Classic
datasets/waterfall/ads-b/87f477ea5e61e3191ab892d080c47d10677db11a6e5ee6cc1b77ae938b8470e2.png,ads-b,synthetic,ads-b-80172-0-1,train,ads-b,Classic
datasets/waterfall/ads-b/b2805f2af19a61a2f1f034b84872f7c6ccdd7467fa86a51e9dc013e50b0a4b17.png,ads-b,synthetic,ads-b-44110-0-1,train,ads-b,Viridis
datasets/waterfall/ads-b/2ddc3570cff239a3f901fd9c3e6aa901fd01c32561e746755f6411dfca4299a9.png,ads-b,synthetic,ads-b-83463-0-2,train,ads-b,Classic
datasets/waterfall/ads-b/ce67c0e1929638de4f54cce4f691586c45e3ff15e5d37dd554b04648155cc634.png,ads-b,synthetic,ads-b-80172-0-0,train,ads-b,Classic
datasets/waterfall/ads-b/b0f3f4f680016498ae409283efb7fe8f4bd13d868cba7fc58dd028974897b15b.png,ads-b,synthetic,ads-b-44107-0-0,train,ads-b,Smoke
datasets/waterfall/ads-b/eb4fab0c737b7473f1bf72cfd558678b329131b44de41b2279815bf7d14d8e9f.png,ads-b,synthetic,ads-b-87305-0-0,train,ads-b,Classic
datasets/waterfall/airband/db6901edfda34d8fcbf0a075b248a0ea6b34f7938a1c15b750b15988f6eb898d.png,airband,real-old,legacy-airband-26x9,test,,
datasets/waterfall/airband/9282202c83cb16cd3c9d8ad5893f4634486c515bd82cb2b33b600651018460fe.png,airband,real-old,legacy-airband-28x9,test,,
datasets/waterfall/airband/8804fb5876dc350752391cf1078e50fa65bb24423526249f229484b52714fbe5.png,airband,synthetic,airband-1670-0-0,test,airband,Classic
datasets/waterfall/airband/fe556f58d12b3a2ee554b09d8aa6a8337ce61bc29cf6a366da6bb8338fcb2563.png,airband,synthetic,airband-1669-0-0,test,airband,Classic
datasets/waterfall/airband/f0177cc62a48b2b5bfb92efc877c05cf35c894ad02307a8d85c2bdcbbb50e02f.png,airband,synthetic,airband-73312-0-2,test,airband,Classic
datasets/waterfall/airband/97a8eabbe59566419c865cbe1a8ce86607fb9f6ce6d4e721075ace080cb3e10c.png,airband,synthetic,airband-1670-0-1,test,airband,Classic
datasets/waterfall/airband/6428faa5b343e2f438b84f1a3a5c4611590cd8ff3dcf2e847b9cdbe87c7487b6.png,airband,synthetic,airband-94728-0-0,test,airband,Classic
datasets/waterfall/airband/34bcfc2280d6f427027f7b5e48978b52192850d4af0785ee342991cc5550ee5b.png,airband,synthetic,airband-1670-0-0,test,airband,Classic
datasets/waterfall/airband/2dc3b0de2d544dba957376c111b02ea568718b51bc83571c75c8b50710357b58.png,airband,synthetic,airband-80172-0-1,test,airband,Classic
datasets/waterfall/airband/730bdfe7317aed8dd55418249462c7e88ed54f76e523379d37019cc1705e2e0d.png,airband,synthetic,airband-73310-0-0,test,airband,Classic
datasets/waterfall/airband/ce862be88c0b36d149d8d3cdad6efda50a2726a18be687abdf9426035bad9e0c.png,airband,synthetic,airband-80172-0-1,test,airband,Classic
datasets/waterfall/airband/059afe2563dc66fbca810fea5dacb5fd4f80a8c1d741f511b296daf23338d9ba.png,airband,synthetic,airband-1669-0-0,test,airband,Classic
datasets/waterfall/airband/824bd8943580b6fb59978d81f413976d2952332ce729c829593dcfb43e276db6.png,airband,synthetic,airband-301-0-0,test,airband,Classic
datasets/waterfall/airband/0855632b3dd26af3189e852624e33ce539d84c6cb81ff54156b53d7b9b2d0af8.png,airband,synthetic,airband-1667-0-2,test,airband,Classic
datasets/waterfall/airband/6050f3823890012f714edc67ef4316b7957d85ff2fc9c95f89083d24a98da038.png,airband,real-old,legacy-airband-28x9,test,,
datasets/waterfall/airband/6c633f84204d44ea9a55bb7e0f50268514aadbcc977e3fa518cee728f89ae924.png,airband,synthetic,airband-87304-0-0,test,airband,Classic
datasets/waterfall/airband/055b7e08bac1df3980f8c85e23c4bb603f91808af48b05a1c2c0b9f8b3b6f90b.png,airband,real-old,legacy-airband-17x9,test,,
datasets/waterfall/airband/be989a6d360636fc3e6376dc8b704b087387828da74193dfe3665d96d0bfa346.png,airband,real-old,legacy-airband-28x9,test,,
datasets/waterfall/airband/6b486f9eb720502383abf2ff8cab3c4a1f99b41cf792809b3050f4244eb4d695.png,airband,real-old,legacy-airband-28x9,test,,
datasets/waterfall/airband/b05238809be10cd5dc586053ac0bd8804967072ab58075517d10be6e232256f6.png,airband,synthetic,airband-94730-0-2,test,airband,Classic
datasets/waterfall/airband/7edeb471a1dcee8f2ee7ca1116a5695cfe236413a5cf4488fb9eefb422906565.png,airband,synthetic,airband-87305-0-0,test,airband,Classic
datasets/waterfall/airband/6d73ca25bbc418b5ea8869c4b14d7fce7f2642b61f2927538dab32f960f53b73.png,airband,real-old,legacy-airband-31x9,test,,
datasets/waterfall/airband/8d2906d019b5d33e494f92cd5e2acbcd1c9b14d4fe9ecd0e66925730ae755333.png,airband,synthetic,airband-94728-0-2,test,airband,Classic
datasets/waterfall/airband/babd8840a63b17a9f17b94fa0ec925e28fd3729dd3205481a717f150ae3c8df5.png,airband,synthetic,airband-1669-0-1,test,airband,Classic
datasets/waterfall/airband/9f370ddb3cb75e816201ba1830926b37af7a26392302102fec62e6a106ca1e6d.png,airband,synthetic,airband-94729-0-2,test,airband,Classic
datasets/waterfall/airband/c8bdcef28d50b419e7e8d90e5933a746fae642a8a5e0f31de211a9befc1a264f.png,airband,real-old,legacy-airband-14x9,test,,
datasets/waterfall/airband/076bfbd6fd90875e6af4676732e325d1e23589c21d2fb3ee8189a85679f6ba8f.png,airband,synthetic,airband-94728-0-1,val,airband,Classic
datasets/waterfall/airband/9fa3764a5ec6797c60710a4581d4dbd268786ec12f63076cf4a0fe2d8b032d54.png,airband,real-old,legacy-airband-26x9,val,,
datasets/waterfall/airband/c043ccc50ef8522cd93675548099ec354f598ceee4857974aa81c758a72537e2.png,airband,synthetic,airband-1667-0-2,val,airband,Classic
datasets/waterfall/airband/7c8cbd9631e1253e518a8f17748c0a1095c41c1f82f45d86bdda071304d47474.png,airband,synthetic,airband-44108-0-2,val,airband,Magma
datasets/waterfall/airband/ed7d5ed3cdbede8c616ec3ca13b50d5896cba14d5d43e1ff34eea4dd55a04553.png,airband,synthetic,airband-94731-0-2,val,airband,Classic
datasets/waterfall/airband/a3ed24e63096b2d949553f920abfa56e7916692d95fd77224cfb916795d65ac7.png,airband,synthetic,airband-73310-0-0,val,airband,Classic
datasets/waterfall/airband/4a5e42f1467832bccc456d4b65fc8fd6ec03eb4d521e950c17e52670edb55665.png,airband,synthetic,airband-44110-0-0,val,airband,Smoke
datasets/waterfall/airband/b44b2068a466a5d4f93f8e87175e2b9cfed5e2c1fd112cf454bee6da56a124bd.png,airband,synthetic,airband-1668-0-0,val,airband,Classic
datasets/waterfall/airband/766f5427083e7802338846ce48914bc3395e9325ef4433b02e9be4bf72f1bbf3.png,airband,real-old,legacy-airband-28x9,val,,
datasets/waterfall/airband/ee41b0706bab19d57a8232e11fbec3d2b5cb38db906efed765f799205e0eb2f5.png,airband,synthetic,airband-44107-0-0,val,airband,Inferno
datasets/waterfall/airband/12faa3e0c04a750d9581e694d369e8b3eae535fcfbdbb382985a8127233d9689.png,airband,real-old,legacy-airband-28x9,val,,
datasets/waterfall/airband/b8e791b135967a9263e9a53cb81c2156c2c22360386d758d76e49d30e3f0d7e2.png,airband,synthetic,airband-1668-0-1,val,airband,Classic
datasets/waterfall/airband/0fa4a8e07376027a7f16e1e4c215076746e0cb6bf1deeea1b8b1a59850a9d928.png,airband,real-old,legacy-airband-28x9,val,,
datasets/waterfall/airband/e7079c648c721bdaa0a1f32131d86230b26a6489689537b5226485e8b25e3708.png,airband,synthetic,airband-44110-0-1,val,airband,Smoke
datasets/waterfall/airband/6335c38b7949d9765c683224b479264858a1e697cb7ff96db097bacc57f70f0e.png,airband,synthetic,airband-66416-0-2,val,airband,Classic
datasets/waterfall/airband/29ed0887aa5c8d478859f4eb55b568a3f14403cc247dd5c77ce4019790f1c8a3.png,airband,real-old,legacy-airband-28x9,val,,
datasets/waterfall/airband/196dc7d5b25d25ff330f778d189fd381ecd360fe3dd5f497cc028f1bde6b3e33.png,airband,synthetic,airband-50343-0-2,val,airband,Classic Green
datasets/waterfall/airband/13acd9d6665e81a5f157e1fde6ef12c58d6fedf4ef019a7465fe539b3714fd50.png,airband,real-old,legacy-airband-28x9,val,,
datasets/waterfall/airband/a4b9fd32766bbf7bf00e3f1153ba38fc7221ffef3006f0ede85bd976298ecc0d.png,airband,real-old,legacy-airband-28x9,val,,
datasets/waterfall/airband/278d9ec6bc500c5cbb77e7e80e964d32d42cda7eb498f60bcfd8e4a13e578825.png,airband,synthetic,airband-1667-0-1,val,airband,Classic
datasets/waterfall/airband/c5f09220a1455651560e7367598e6a7017a55456123da2dd0e8ed2f2bbd95d33.png,airband,real-old,legacy-airband-23x9,val,,
datasets/waterfall/airband/fbaf44169adfa34b5781864c21a4b28169082febf5fc15cdd1ea0e626d990b0d.png,airband,synthetic,airband-1670-0-2,val,airband,Classic
datasets/waterfall/airband/01eecbb4db0c9e2cc6e51b7c7bce40206652957cffe8f84f1f5e21c0cb6c796c.png,airband,synthetic,airband-80172-0-0,val,airband,Classic
datasets/waterfall/airband/63f18daf1a5f24252f33b071da5ef8710c5f976090fa1fdefcf11baa550e46fb.png,airband,synthetic,airband-83463-0-1,val,airband,Classic
datasets/waterfall/airband/bd8a767d28f466128bb5f2884172de9a20dd5e3d342d4474f01fdc2ace7440b5.png,airband,real-old,legacy-airband-28x9,val,,
datasets/waterfall/airband/c0868c71f30a1236ba15af786525b8b853e5039920c9d751660b9c0d497c8f3a.png,airband,real-old,legacy-airband-28x9,val,,
datasets/waterfall/airband/23c0b7888717eff329133da1abd9ff19b1eb8fafef4857f6d31e18a8170f99d2.png,airband,real-old,legacy-airband-26x9,train,,
datasets/waterfall/airband/776403d5649a35c880cd3b76b9d34d3031fe2c3d1167e64c586a3452609d7596.png,airband,synthetic,airband-44108-0-1,train,airband,Magma
datasets/waterfall/airband/8de0ba89de78f3d084b6eb0927769849a9aa7f540d8a3aed0b1e60c49796b1ef.png,airband,real-old,legacy-airband-26x9,train,,
datasets/waterfall/airband/1bc3b50f84a3f1c944ddba954e986b18ee7f03104176c37947a972e9e501928e.png,airband,real-old,legacy-airband-28x9,train,,
datasets/waterfall/airband/145d56b2a1e7157ba306d009ca061fe61027eeb474b853f64db65cf8864c2a2c.png,airband,synthetic,airband-1668-0-0,train,airband,Classic
datasets/waterfall/airband/885806adba56206a23f4375105bc2f1e46470812a98c65d1eaed5ccf2312d5c5.png,airband,synthetic,airband-87304-0-2,train,airband,Classic
datasets/waterfall/airband/abae07ff37819d20e8c1423316e669ddecdcbad32abe603fbad3700c54fd8f82.png,airband,synthetic,airband-44111-0-0,train,airband,Temper Colors
datasets/waterfall/airband/3e35b93f4cc9836f9d48530ab031091945251a9625ab5407cc2a769aa637a255.png,airband,synthetic,airband-1670-0-2,train,airband,Classic
datasets/waterfall/airband/5f1526f702f9cd06b82a40f983f37ba3f6b185e11dd24ae23f29e4c826af2eac.png,airband,synthetic,airband-66417-0-1,train,airband,Classic
datasets/waterfall/airband/b7eda3ad3e0fe07d216c53cc1b5882c05debcbc1a2a1855d88df8950c4e5707e.png,airband,synthetic,airband-94729-0-1,train,airband,Classic
datasets/waterfall/airband/89848bb575709cc6d485e27df4202dd8493d047f0f7d60f0e3c7e162f1e292ca.png,airband,synthetic,airband-94729-0-0,train,airband,Classic
datasets/waterfall/airband/9a650e898b7b7ff08ae86818c48073679b486e8fad462e395f4b46b610980257.png,airband,synthetic,airband-1670-0-1,train,airband,Classic
datasets/waterfall/airband/b0aea29ba5084bfdda358101c83ea33bbcc3855e46fcca5064f736ff5324b407.png,airband,synthetic,airband-73311-0-2,train,airband,Classic
datasets/waterfall/airband/c448209bbeaf587d8ff7b8c80e5f1f33c3eb508dc64a4d2aa242046e42ee3165.png,airband,real-old,legacy-airband-26x9,train,,
datasets/waterfall/airband/29b410d0dbde63b8300aa47a115ec7859a2f09816901b8a8f70e46c61a7909fc.png,airband,real-old,legacy-airband-26x9,train,,
datasets/waterfall/airband/37b3334381a75eb5799afc03e25354746b91725c20a5a457e360d4ebdea6b5a6.png,airband,real-old,legacy-airband-28x9,train,,
datasets/waterfall/airband/ae50e8b1697288dab6e498c271c20b517f82c3105d783e659eb7b1fce047365e.png,airband,synthetic,airband-1667-0-0,train,airband,Classic
datasets/waterfall/airband/bbf1f0baa88b76cdd1679c3d9d89f5fe67b246e27fe9f7a07f80c1f57a8c5604.png,airband,synthetic,airband-44111-0-1,train,airband,Temper Colors
datasets/waterfall/airband/d13c2106f9ee207453094957078af69c7ef269dce479326204b31882e67bdb9c.png,airband,synthetic,airband-80172-0-0,train,airband,Classic
datasets/waterfall/airband/7ee255cbc761f986ef7ad2cd2117e88c5db960fb560da174339afc494fd9b45e.png,airband,synthetic,airband-87305-0-2,train,airband,Classic
datasets/waterfall/airband/6b16e9c0a759d2e0f8bf30bc782629980d9e47da0f9fe051bfff87e947eef20c.png,airband,synthetic,airband-73310-0-2,train,airband,Classic
datasets/waterfall/airband/523d7e507c55a09aa03cc31655ac188eae6ec1ff548ed55395942d388e55a2a1.png,airband,synthetic,airband-73312-0-2,train,airband,Classic
datasets/waterfall/airband/9797f0c4251907ac89aa290e05343b8ed4a3454e72e8128c20b7e2bb02d4aa00.png,airband,synthetic,airband-87304-0-2,train,airband,Classic
datasets/waterfall/airband/2aad19d80f9480072947f71e69f26accf01b987f2d304bc3733b6afad1fa31c0.png,airband,real-old,legacy-airband-26x9,train,,
datasets/waterfall/airband/a59c94a60b7cbcc5422bdc2f039c105fbb57c6c8fd7e2cc5aeedf2744ca5221d.png,airband,real-old,legacy-airband-31x9,train,,
datasets/waterfall/airband/5082e15f10e5dd18c9624ff30925807d58ab5f6c3cd47c81c66ad751aeef3a9d.png,airband,synthetic,airband-66417-0-2,train,airband,Classic
datasets/waterfall/airband/a670b96808e040d78e7c1e11f6cd1f34f7279aed9ce6fc416260778cca0a9a89.png,airband,synthetic,airband-44111-0-2,train,airband,Temper Colors
datasets/waterfall/airband/40999d8c1b4a049227e3fba18ae5c25d3d4f0fb1fdee12e9b37f87f6fff8eb4f.png,airband,synthetic,airband-1668-0-2,train,airband,Classic
datasets/waterfall/airband/a2c449ac6c097c41cb7fa26631b86429fb47bbbd6aeb1d0148a04c7c57ea977c.png,airband,real-old,legacy-airband-31x9,train,,
datasets/waterfall/airband/b1654a0937788be225109f2eb4007626b39d2637b99f20916e256db5a5332649.png,airband,synthetic,airband-73312-0-1,train,airband,Classic
datasets/waterfall/airband/fe52a796e553dcc66789e7f83f4039ecc0c4013bfe05fb1a1bf543dc2a03788c.png,airband,synthetic,airband-73310-0-2,train,airband,Classic
datasets/waterfall/airband/f46b7912fcec83304d7474efe903a6b767014950ec3c142fadcb9ca7f980b849.png,airband,real-old,legacy-airband-28x9,train,,
datasets/waterfall/airband/9637cceb6eb485097b4882a489b977b588c2e829f240e04e78f9a19beeaaf249.png,airband,synthetic,airband-94730-0-1,train,airband,Classic
datasets/waterfall/airband/7d1f2f9251eb40078ff7248dfbc5a37a3dacdde6f55b2eb6c2342ddb5573054c.png,airband,synthetic,airband-94731-0-2,train,airband,Classic
datasets/waterfall/airband/3b600dd8972f9edbbd90352af9a3a98b263f94735da6624b5ee753c69808b46b.png,airband,synthetic,airband-87305-0-1,train,airband,Classic
datasets/waterfall/airband/7701b80de5b2795f9f19f2a540086d110187fc967e169566252d5ac9284b323e.png,airband,synthetic,airband-94731-0-0,train,airband,Classic
datasets/waterfall/airband/13d7bd8fbdc5f7c003ec94e3787a3282c214d5c296cf297a34fa1d4ccc4ceb53.png,airband,real-old,legacy-airband-26x9,train,,
datasets/waterfall/airband/10cfe5b63df82fe3e08895a015eb08174a3fb1cd6be7f9c43ccdeba5fccff9f0.png,airband,real-old,legacy-airband-28x9,train,,
datasets/waterfall/airband/9d77b2e556192a75921b1637c538ee7d6ee1aa09dc13999d3548752299731f9a.png,airband,synthetic,airband-94728-0-0,train,airband,Classic
datasets/waterfall/airband/28846ae4088f07d7d5076565f8f7694ec07959323680120f3bbb6d5f2735a12e.png,airband,synthetic,airband-73311-0-0,train,airband,Classic
datasets/waterfall/airband/8bd8bfb7bcae4997fbe969013629e0cd77bc0b261567fc68d2b7247a4880fffb.png,airband,synthetic,airband-94731-0-1,train,airband,Classic
datasets/waterfall/airband/2ff2e4bffcd2cf8c1b075bd16c808135fe1beb184f27d772601003652f077ab2.png,airband,synthetic,airband-66416-0-0,train,airband,Classic
datasets/waterfall/airband/cba1e40e25b2b945a053b4993bb061d11af9b5a43166f1cd3733ee2f1f75874d.png,airband,synthetic,airband-94729-0-0,train,airband,Classic
datasets/waterfall/airband/6517a396d80df90bbdea9ff70ab608fc0298889d466654ad926995b8166202d9.png,airband,synthetic,airband-73310-0-1,train,airband,Classic
datasets/waterfall/airband/91b74fa513ec9de631e2d19474d79e98c61a027d16f8c9fb6ba8b6d0b1d6d98f.png,airband,synthetic,airband-1669-0-2,train,airband,Classic
datasets/waterfall/airband/147b326b484ee24a223f3a001d0a8100876966bad97e8bcb888b00bd65f19e20.png,airband,synthetic,airband-44109-0-0,train,airband,Plasma
datasets/waterfall/airband/19383c13824c37149502f4ca60d939c453d522c78435f6e52f1ee4266e4fc2de.png,airband,synthetic,airband-50344-0-2,train,airband,Electric
datasets/waterfall/airband/2bb2cb4d3cea6b73b4418a9c61657338c5189215254f9dbf0ffe581ed1f10248.png,airband,real-old,legacy-airband-28x9,train,,
datasets/waterfall/airband/f2732552d5c01663bfd63cb188f312a1e8ebe112dc46ff3c6530a2de628478b8.png,airband,synthetic,airband-94731-0-1,train,airband,Classic
datasets/waterfall/airband/3f817d734cf53d63c7d156f9ecbd2a6612832ff57b99285e30d7315268ace2d9.png,airband,synthetic,airband-1667-0-1,train,airband,Classic
datasets/waterfall/airband/812927318a12b0c5322c5cf7f49e0b00e6baa31b13752dd0f43eb148a617c96d.png,airband,synthetic,airband-44109-0-2,train,airband,Plasma
datasets/waterfall/airband/2be57ce94f008021a18fe0918b29893cee5ebb285ff899adf284aed45070adee.png,airband,synthetic,airband-87305-0-0,train,airband,Classic
datasets/waterfall/airband/bf404222b0a8239c6c73e44c94891f4adbdb7ddb9a4416160d22e6c570a05ef8.png,airband,synthetic,airband-83463-0-2,train,airband,Classic
datasets/waterfall/airband/ffca672cf007d1f6f740bcd50e9d6ed599d6839ec5dab04be042422bfe993189.png,airband,real-old,legacy-airband-26x9,train,,
datasets/waterfall/airband/d3fc84b8677d8ef990d419481a2caeccba0d61698ed31dbd0304461f96a600c3.png,airband,real-old,legacy-airband-28x9,train,,
datasets/waterfall/airband/f2c52473b3d40a30246b4e7e3fec8814adaf28c929bfbc33bb70b8325afd1cef.png,airband,synthetic,airband-94728-0-1,train,airband,Classic
datasets/waterfall/airband/c626b15a072bc70601b89f62bf6f7b6608274869817bd5ac78b69004eec7aefb.png,airband,synthetic,airband-87304-0-1,train,airband,Classic
datasets/waterfall/airband/23fd7513fc947bdd66c962fb078c24e9043e235ebe568eb93a530260c96ad50c.png,airband,real-old,legacy-airband-28x9,train,,
datasets/waterfall/airband/1aff1b6a06e3258aa16434d5c06c1b3eb40d6a98301d4eb1af0d3a37cb6c8bc2.png,airband,synthetic,airband-94730-0-0,train,airband,Classic
datasets/waterfall/airband/7c5a08727d45e5c146b53ba19aa38678f097e5f395209331ce866422727f47d7.png,airband,real-old,legacy-airband-28x9,train,,
datasets/waterfall/airband/8be2c78f6f7df13fcb1a0dbcbdc2b70303fcc4eb36f7217e31f30dd6246e1eba.png,airband,synthetic,airband-80172-0-2,train,airband,Classic
datasets/waterfall/airband/fda497f98d87ad3b27327f5b7210a679d986ab7a6f83439ae4f55f203c6447f4.png,airband,synthetic,airband-50343-0-1,train,airband,Classic Green
datasets/waterfall/airband/18114d97f7258f6c8bea5df31b07915414fcd82e9d8defcbdf4b2be6ba08e987.png,airband,real-old,legacy-airband-28x9,train,,
datasets/waterfall/airband/c5d4d7fa24473506fd67f0e3a68fb8f4dbe2575c1b442ac807b0fcfa3b0e274c.png,airband,synthetic,airband-94730-0-2,train,airband,Classic
datasets/waterfall/airband/6229e3e6b1dd7763f7f51ae4aa3712071a5ef3cc56fe8f947ba335afe4c48f35.png,airband,synthetic,airband-94728-0-2,train,airband,Classic
datasets/waterfall/airband/9c09bb534bce4d120fef5102b9db6d839d90495719e9b7048d444dccdddebc1c.png,airband,real-old,legacy-airband-26x9,train,,
datasets/waterfall/airband/573c094f99d278ebf438ac55c606857f74b9e360748daee4bec2f49a7d230081.png,airband,synthetic,airband-1667-0-0,train,airband,Classic
datasets/waterfall/airband/effb5b7f9c7d5187643e0284a673372e186d06c6902379011fc7595664750662.png,airband,real-old,legacy-airband-26x9,train,,
datasets/waterfall/airband/78c77fdea76535e9d111988c09ac6cb55e670e9efec3622040a14ad8a189ee42.png,airband,synthetic,airband-44108-0-0,train,airband,Magma
datasets/waterfall/airband/f84c2f8f2c15c9591deafac85a3173903e5dda95e172310d5cdff781f1228ade.png,airband,real-old,legacy-airband-28x9,train,,
datasets/waterfall/airband/b6db610176491a64210494125504e388650d1f7b122f42809499ba75cc8b478d.png,airband,synthetic,airband-73311-0-1,train,airband,Classic
datasets/waterfall/airband/1b9ddacb725991a10091cb5a071d7d959749ed6294debc0e406ab58f11512bd3.png,airband,real-old,legacy-airband-32x9,train,,
datasets/waterfall/airband/a9fd689a29e861c7a961d2a91be08fa99e16921eb6a8e04cc7c99ce8d8ce04a2.png,airband,real-old,legacy-airband-28x9,train,,
datasets/waterfall/airband/d52b43900b9f63ef4a86be147bf7d915eb6a1077b0d17b8a88fdbd800d022c38.png,airband,synthetic,airband-1668-0-2,train,airband,Classic
datasets/waterfall/airband/b465b8e3d698440fe91d255da64ac47797a5dba4b710c4f062aa9c565b4e29ee.png,airband,real-old,legacy-airband-28x9,train,,
datasets/waterfall/airband/ba4420d6a86833c4f89ddc7b909d2af200ef9cbeec9e27b93d6e8061312d4756.png,airband,real-old,legacy-airband-23x9,train,,
datasets/waterfall/airband/49aa0551f88df7bf46abad6bfb6b7e32fb2e3115c8f27d2a748abc1163d5955e.png,airband,synthetic,airband-83463-0-1,train,airband,Classic
datasets/waterfall/airband/c002ba9660791753abacb149ea8a83d6e8848f63db5a8a8aed252709f2ded302.png,airband,synthetic,airband-1669-0-1,train,airband,Classic
datasets/waterfall/airband/d492fd4c327febf14ce832b559328c0d220eec697f6f5d01be0df1bc06e492f7.png,airband,synthetic,airband-94731-0-0,train,airband,Classic
datasets/waterfall/airband/32827f5689e27cffd523563e88233f7594e0675f21011efa5edee57924b55fab.png,airband,real-old,legacy-airband-23x9,train,,
datasets/waterfall/airband/467b59b3cb52e81354194e0235f687d7c53d3b15494420f2f75218d645ff7436.png,airband,real-old,legacy-airband-31x9,train,,
datasets/waterfall/airband/90cea63a85fcd857decd5d0ecbb427df23871d1957816f9c650769702850ffbd.png,airband,synthetic,airband-44107-0-2,train,airband,Inferno
datasets/waterfall/airband/43f630160d417ce7c3e79b3c00894d66bf67c0fa60d73de83a482aef6a349262.png,airband,synthetic,airband-83463-0-0,train,airband,Classic
datasets/waterfall/airband/7e922c063009c50d072944e835f2b64eb9baf58bffb72b1cd6725636982e6e3a.png,airband,synthetic,airband-50344-0-1,train,airband,Electric
datasets/waterfall/airband/604ab4358bf43c62078685383c486472fd2fab0dcb59ddb6d3da69163af9ddd4.png,airband,synthetic,airband-87304-0-0,train,airband,Classic
datasets/waterfall/airband/d44aca354b1eca7068252e323b7db213576a8630862fba515c90a2e2d7eb9a36.png,airband,synthetic,airband-94729-0-1,train,airband,Classic
datasets/waterfall/airband/42d9e60cc44ebca8631a293cc2cf22055e054793b4dbd295e3b909a094da748f.png,airband,synthetic,airband-73311-0-1,train,airband,Classic
datasets/waterfall/airband/9451cc572cbf79cb05f3db377c5955cfdabcb5595cdea427d804d034d816467f.png,airband,synthetic,airband-83463-0-0,train,airband,Classic
datasets/waterfall/airband/778ee399a483f5764ea9c9a7ca6c6d1c538e08638327db2eacbaf041b52ee793.png,airband,real-old,legacy-airband-31x9,train,,
datasets/waterfall/airband/683318bd2a9029a8966e3fb3abe132bca82b6f034e7f732b8bf474ce3dd5f839.png,airband,synthetic,airband-66416-0-1,train,airband,Classic
datasets/waterfall/airband/7b9d814663703a715f70657dcb5dcf4388bbef268d5504a6b499fc992d11ef45.png,airband,synthetic,airband-73312-0-0,train,airband,Classic
datasets/waterfall/airband/3aafd22b6940a3f25c2e82ec9883894b59ca693d0186f6d879497f8657b62139.png,airband,synthetic,airband-1669-0-2,train,airband,Classic
datasets/waterfall/airband/0adb2d5b68261b63683f0a5c2fa2212893374bbc63d059c8cc52bce23eb58162.png,airband,synthetic,airband-66417-0-0,train,airband,Classic
datasets/waterfall/airband/4a3fe22d259194499536a126716fab03e0f82d811f37a45936be8e6bca54b5ca.png,airband,real-old,legacy-airband-23x9,train,,
datasets/waterfall/airband/a5f48d964926f8b7c379bddcc3ffce879e23d12fc75488315b00d6477478d1a0.png,airband,real-old,legacy-airband-31x9,train,,
datasets/waterfall/airband/8d7924ced08a35972553ba7cc33b531e24e7b42d559b6e2dec2f27ace07e883a.png,airband,real-old,legacy-airband-17x9,train,,
datasets/waterfall/airband/27e94700f601f181a8217d337b654bed54f20d52679b0d0a5d991596291d7bb0.png,airband,synthetic,airband-50343-0-0,train,airband,Classic Green
datasets/waterfall/airband/c382d5eec92e9461252be51071f90dcb41e4dd96f361271702f280d2ecbf227a.png,airband,synthetic,airband-1668-0-1,train,airband,Classic
datasets/waterfall/airband/c96511062b91288178f39fdc4b09b238bb7109303a1b4246754b6eb938e832da.png,airband,synthetic,airband-94730-0-0,train,airband,Classic
datasets/waterfall/airband/46f188d07d2656a65c492cc47ea9663fed24eb96759e21aafe5d395805ea1956.png,airband,synthetic,airband-94730-0-1,train,airband,Classic
datasets/waterfall/airband/2c175ca8d15421a59f1e360d615c6d78831404c0880063e0be0b6a60c7b550da.png,airband,synthetic,airband-83463-0-2,train,airband,Classic
datasets/waterfall/airband/4241ff23dcc583109264dd9cf54d68c496089170db55b52f010cf6214c7382cd.png,airband,synthetic,airband-44109-0-1,train,airband,Plasma
datasets/waterfall/airband/39b53a18aef79f9903c674c6affdea9320063432f9acd9f4be13c8b7147ef1b6.png,airband,synthetic,airband-80172-0-2,train,airband,Classic
datasets/waterfall/airband/83f295916d64f8f608bd361911f41fb524fbbd63e3868fd08c9bc03a1810a139.png,airband,synthetic,airband-87304-0-1,train,airband,Classic
datasets/waterfall/airband/347b929ed093ff99622583ae2ded5b2c0fade53ba79b462a0f5be5330a0c8ad5.png,airband,real-old,legacy-airband-22x9,train,,
datasets/waterfall/airband/55d8980e4153e4ead20a69010cf1144f95e81ffae376d68ed92af3bb2548199d.png,airband,synthetic,airband-73311-0-2,train,airband,Classic
datasets/waterfall/airband/c8999e69a5bf73562b7f0437c9c97cf1906ced6b7518074ba17dbcd27f405acf.png,airband,synthetic,airband-66417-0-2,train,airband,Classic
datasets/waterfall/airband/ab11f471c1b65e038d6b1c0efc26eaf0c7cc66bcf00ad9bcbb4dd4b52c3f6391.png,airband,synthetic,airband-73310-0-1,train,airband,Classic
datasets/waterfall/airband/785ce83f7b81db2c343eced0eb04d5be8d85fb543811a5bb3bee3d20f4164447.png,airband,synthetic,airband-94729-0-2,train,airband,Classic
datasets/waterfall/airband/684f8925aa2165e67effc12a2d2b634824c640b2855f82a8a3fadd608eb27da1.png,airband,synthetic,airband-50344-0-0,train,airband,Electric
datasets/waterfall/airband/dc795b4c5a447e540ac1e6074920eb53e154af038533aafef7193bb130d6ad0f.png,airband,synthetic,airband-87305-0-2,train,airband,Classic
datasets/waterfall/airband/87bc800dc116ceb7b72724ddc46fca9d1bd3a9f2f64f66ddfefe28122eb61543.png,airband,synthetic,airband-73311-0-0,train,airband,Classic
datasets/waterfall/airband/c86555d1f829a820d8817529d3c2032ae6f8753f7d32f92a1a85cc2b2d53a5fb.png,airband,synthetic,airband-44107-0-1,train,airband,Inferno
datasets/waterfall/airband/7e9659fdcb6c6ba99d6cc49614265f84d520d7545ea2bdbca2d96a1b15a57546.png,airband,synthetic,airband-87305-0-1,train,airband,Classic
datasets/waterfall/airband/b3c4d2fc1a9ed84ec8a4577c6302c6a4cdd2225edd069ede74f2d44c7f5f95a3.png,airband,synthetic,airband-73312-0-0,train,airband,Classic
datasets/waterfall/airband/232ba01e0202211ef8727f45b52cce7ecdacf246f05a45755705cfb21426128b.png,airband,synthetic,airband-73312-0-1,train,airband,Classic
datasets/waterfall/airband/269baf6536c012e7db13ad6e20a5d57eb937dbc156d4197d3c9f9de2017e1ba3.png,airband,real-old,legacy-airband-26x9,train,,
datasets/waterfall/airband/f3d859ac34f4b367b7f479551cc420322a7a256f1dcff43747e83554da7b18a7.png,airband,real-old,legacy-airband-26x9,train,,
datasets/waterfall/ais/4cc4477df4f92204c4cf627540ca8b3acedba792d653a88eb42a60b55237fcbc.png,ais,synthetic,ais-50343-0-0,test,ais,Inferno
datasets/waterfall/ais/ea9457c4e97973699d22a5221bc5c8e842498ca453e1cc585be2c7ae59460976.png,ais,synthetic,ais-80172-0-2,test,ais,Classic
datasets/waterfall/ais/e6e60d5aaadb0532cedfffeb3eaf0680d96329694efa801751cf7630188b59a2.png,ais,synthetic,ais-1669-0-1,test,ais,Classic
datasets/waterfall/ais/7c298df2b7f3f518092694ee1d2b130488625d98451456782a2d1558e32c0aaa.png,ais,synthetic,ais-44107-0-0,test,ais,Temper Colors
datasets/waterfall/ais/10c4ccf970e34bf2978a3d1292af155c1da955084cb8bc5b596deeaf6f8ffa69.png,ais,synthetic,ais-94728-0-0,test,ais,Classic
datasets/waterfall/ais/0431881913ea36dfa2ee2ff79c6576ab1d0943c7725e39affee95905b3e807bc.png,ais,synthetic,ais-94728-0-0,test,ais,Classic
datasets/waterfall/ais/422f30320b5b5b5d081ba38a209516ebd07f1f80f2692e6ded98b96a523cf91e.png,ais,real-old,legacy-ais-23x8,test,,
datasets/waterfall/ais/3a0d2c5c9344a2db033c9b2cfb7d88d5a2d563b81d61316028d3bdd4df58e745.png,ais,real-old,legacy-ais-31x9,test,,
datasets/waterfall/ais/d50f3889d5fcb758dd89bd438194ca4837303dbde5e65465c8248b5cdbda4636.png,ais,synthetic,ais-1669-0-0,test,ais,Classic
datasets/waterfall/ais/548c8f4a7bc49c377cdad89f8b46e23f63fd83b8c571a5306778cc05b0f2e2bb.png,ais,synthetic,ais-50343-0-2,test,ais,Inferno
datasets/waterfall/ais/b271f787759ac0c8b8978bd81fbc008d808c62612a8fa027d66bfbf5d2618353.png,ais,synthetic,ais-94729-0-0,test,ais,Classic
datasets/waterfall/ais/f0f05bcbfc2dc52c6b872e3eeed2c22657e09bb86e5500675e3a8bebb454208c.png,ais,synthetic,ais-44109-0-0,test,ais,Viridis
datasets/waterfall/ais/729134b644415bafefa6da1c09f3b84f1f920a9da4d969d423a594017963d576.png,ais,real-old,legacy-ais-32x9,test,,
datasets/waterfall/ais/c0747eb11dd60ac408636741a31c3dc2f03f01ca8d4e6470c629645fae97b80a.png,ais,synthetic,ais-87303-0-0,test,ais,Classic
datasets/waterfall/ais/73698d5a0c88de326f9b1dc07c67df5769dfb8afd1630ea913e1502e7a3eee53.png,ais,synthetic,ais-83463-0-2,test,ais,Classic
datasets/waterfall/ais/7239dc203006cbb617c2d7d20a56f3cf339d596e0aa4d78d77d6aec057bec83b.png,ais,real-old,legacy-ais-31x9,test,,
datasets/waterfall/ais/64fb4c4a53f5fb0ec65853286eeaba5a48138822ee3530084f5d96e5b63c35d1.png,ais,synthetic,ais-1668-0-2,test,ais,Classic
datasets/waterfall/ais/8652cd165860dcd97d6892b876a5e3a055efc76056c397cfb611ae26d78c69b2.png,ais,real-old,legacy-ais-31x9,test,,
datasets/waterfall/ais/de55499044832120e2c4a309a7a5f4cc96bb498361d0f693ccc9907e808105f5.png,ais,synthetic,ais-1667-0-2,test,ais,Classic
datasets/waterfall/ais/0a6514bed233f01904a078c806d47b940c726b1b6a8a0bd5b79e2ca34328b271.png,ais,synthetic,ais-73310-0-2,test,ais,Classic
datasets/waterfall/ais/f3e0dcf6c7410cd7ec38012829ce31060ed80dce540a932a1973f55c5b30bf71.png,ais,real-old,legacy-ais-23x8,test,,
datasets/waterfall/ais/5bf97922e6197396cca60ae68f7752784aa28f68bc3c2c5f49b47de664c1b5bc.png,ais,real-old,legacy-ais-31x9,test,,
datasets/waterfall/ais/39de505c9a49c064a703570955dd7fb3da338493fbec4cf38edae73769faf57f.png,ais,real-old,legacy-ais-31x9,test,,
datasets/waterfall/ais/b96452fd731f4b9aaf38a24106b21eaf05d616a182b28900e34c19c570a8be1d.png,ais,real-old,legacy-ais-11x22,test,,
datasets/waterfall/ais/73ce0ae71f9628c067c0803835bb44b2c45c627ed09e9daa06f6de5d580026d3.png,ais,synthetic,ais-1668-0-1,test,ais,Classic
datasets/waterfall/ais/95ab8a6fd715b2d6705c2091c2bb7f232e2bbfbe14842170c437309845675bf8.png,ais,real-old,legacy-ais-31x9,test,,
datasets/waterfall/ais/05877780cb839821f1e1df408d5c4bcc86429a019cdb19bf0aa0e3a68e330f5e.png,ais,synthetic,ais-1667-0-0,val,ais,Classic
datasets/waterfall/ais/4ac4e2fb7ab00ffea72f087f83cda3a0846bde3fca8c103d7bd6a62a6c013b1e.png,ais,synthetic,ais-87305-0-1,val,ais,Classic
datasets/waterfall/ais/1e316caf925b6ddb8354db866fa23549976616cc4a2953232a9a41c5b8aa1d45.png,ais,synthetic,ais-87303-0-1,val,ais,Classic
datasets/waterfall/ais/7e848c0e24594ea5d2bdc1a13a974fd5cc67e2242dc3be3b25008485b463faa6.png,ais,synthetic,ais-73311-0-1,val,ais,Classic
datasets/waterfall/ais/cb201097b149fbac88f7d5b868c69387793b5e24faa6beed2f608aa7c5af52f8.png,ais,real-old,legacy-ais-31x9,val,,
datasets/waterfall/ais/53dbaa9fcd34de222676161b857a83062c5dac0ef3359fa8c92f2f1f28299678.png,ais,synthetic,ais-50345-0-2,val,ais,Plasma
datasets/waterfall/ais/4ad1162efa31d2112f79a164a3c7b4b16ec5aa667f46f579b6ef19327a679b7c.png,ais,synthetic,ais-50344-0-2,val,ais,Magma
datasets/waterfall/ais/525add3564250cb7149ea4441a88f93fb546a6460c02286d1026ac37960372e1.png,ais,synthetic,ais-87304-0-1,val,ais,Classic
datasets/waterfall/ais/f1d077bfda2e176c6cc02ae964e7fff40f5695ea28e0bee39f6a5cff4c0d23d5.png,ais,synthetic,ais-94729-0-0,val,ais,Classic
datasets/waterfall/ais/23a03aef499163d08de9f3263f71e56760f8892443bb3c3463180424befeb631.png,ais,real-old,legacy-ais-32x9,val,,
datasets/waterfall/ais/39c087c84334235c175e8a546c6bebf9c5f04d8f4a9d9ca5cd4897e06734ec33.png,ais,synthetic,ais-83463-0-2,val,ais,Classic
datasets/waterfall/ais/4090d92188b2e13429c5224f5eb977fe661f8f3dcda3641a65f2f4b638957965.png,ais,synthetic,ais-94728-0-2,val,ais,Classic
datasets/waterfall/ais/768abf927a322cacb558a21afe6b8d8540e988f53b839d4a7539f24fe2ba4301.png,ais,synthetic,ais-94729-0-2,val,ais,Classic
datasets/waterfall/ais/3639dae42edd670a44c474b45c589c7579fdf029ada473d4127e4f92580d4200.png,ais,synthetic,ais-87304-0-2,val,ais,Classic
datasets/waterfall/ais/01002c92470135815257ec13ac540d0f3728acf5bc4f2f0ee134e98193b4e4e1.png,ais,synthetic,ais-73311-0-2,val,ais,Classic
datasets/waterfall/ais/a06ab3b1d10b66eb218fe85e7c480bbcdcaa4f654a3dca20854732df28d94cbf.png,ais,real-old,legacy-ais-31x9,val,,
datasets/waterfall/ais/f2604718841b256d888e76546b5d67d11bdbaff1614b58e872e588517928dbcd.png,ais,real-old,legacy-ais-28x9,val,,
datasets/waterfall/ais/851b460f33552a5b84422f78b308b37ba7feda43cc385aa7b939656de3d0fec7.png,ais,synthetic,ais-73310-0-0,val,ais,Classic
datasets/waterfall/ais/8e9ea36c7dbae21791bd11d4ebf8879ff8963fafd1f9f85d97f97efdd3532d9d.png,ais,synthetic,ais-94728-0-1,val,ais,Classic
datasets/waterfall/ais/b0fc0c8d40c3a05e2f62731bf2b3589bc48503a028b3cd2a56b7c63fc12c7dd9.png,ais,synthetic,ais-83463-0-0,val,ais,Classic
datasets/waterfall/ais/e46e8aa48fa75eb3a5a7a6ed4d2907ed01309091b1fa16adadf5a27ab4fc6667.png,ais,synthetic,ais-66416-0-0,val,ais,Classic
datasets/waterfall/ais/ed197370c6ca8dfcc2985f981c092582efd15e8f6c7eef346ddf5f13bebdc432.png,ais,real-old,legacy-ais-32x9,val,,
datasets/waterfall/ais/ee6483963c2efe37b806d07e9b2bcf4a42901ebc40e40170fa03a6ebc73dea5f.png,ais,real-old,legacy-ais-31x9,val,,
datasets/waterfall/ais/53dbf29e0e34c5175192bd812b79d4eebda9c5c1aa3bb4ff7f7c990b5328059d.png,ais,real-old,legacy-ais-31x9,val,,
datasets/waterfall/ais/c07d14f3f4a1ad6b829a0fae019b5b39adfb6b6804b5ab2196c6aa13c0a4c0f7.png,ais,synthetic,ais-87305-0-0,val,ais,Classic
datasets/waterfall/ais/8ad5b0228fdc44f658f09cc9d0fa3c142b094bf374ec82cb7a056173d6d2f20b.png,ais,synthetic,ais-66417-0-2,val,ais,Classic
datasets/waterfall/ais/9eefe31649ac68d5304cadbc9b6ca7bafbb53713b395bc206ec2e210b43b46af.png,ais,synthetic,ais-1669-0-1,train,ais,Classic
datasets/waterfall/ais/822e5a4ed99b1e86b286345782caca4dd547fca7cc8503daebe3fa8d7292df96.png,ais,synthetic,ais-1669-0-2,train,ais,Classic
datasets/waterfall/ais/ff4cec145054772f0c0b4a8644f800360644a483ba60bf81e6ac8f17a7835916.png,ais,real-old,legacy-ais-32x9,train,,
datasets/waterfall/ais/06986dbceb2358febc1074934fc2f2c2821f8953cab77d43e8d513cfca432dc5.png,ais,real-old,legacy-ais-31x9,train,,
datasets/waterfall/ais/46643efdc84d94932d56d24112593036ebc2101591dbbebd36e132c6fbe88070.png,ais,synthetic,ais-1668-0-2,train,ais,Classic
datasets/waterfall/ais/0c4d49fb7a83e15757d5c127ad371e5e6a97a59e1081e1e314acebd83978b814.png,ais,synthetic,ais-66416-0-2,train,ais,Classic
datasets/waterfall/ais/3fae44c04388498dad211bb46f6497b929179f2b0e5dc7e263dba70f5030cb88.png,ais,synthetic,ais-1667-0-1,train,ais,Classic
datasets/waterfall/ais/925d1224c31f0ec033b3727b5c2dcdc036fcb20a56c97e8b83eeb2f70b4aeb1b.png,ais,synthetic,ais-87305-0-2,train,ais,Classic
datasets/waterfall/ais/ecf0dc453f26e99279a1e22ea1120925ab9f80aeaf8e3807bfc040cc100e23b2.png,ais,synthetic,ais-87304-0-0,train,ais,Classic
datasets/waterfall/ais/b6721df6a5419488817a1202abcb71db6cb0ef8b4c1574cbdff1e5c8f8f05223.png,ais,synthetic,ais-73311-0-0,train,ais,Classic
datasets/waterfall/ais/107c074889590d6578f2843d3be9e46b68ac1518549de90b95144d872ebd5402.png,ais,synthetic,ais-73310-0-0,train,ais,Classic
datasets/waterfall/ais/3ac47ffa78eb51150cf71178a035ea994e96c2ce3fe609193630ea7d9eb662c5.png,ais,synthetic,ais-66417-0-2,train,ais,Classic
datasets/waterfall/ais/aa6e4f4f4a22d7b8e878aaeadfd7f272237837d3950b60c9e8d5d24f5c8d9149.png,ais,synthetic,ais-50345-0-0,train,ais,Plasma
datasets/waterfall/ais/979a0ccf55b8aa77860361f1e0286da675dbd7126a23cfbf58eaf43e47dce421.png,ais,real-old,legacy-ais-31x9,train,,
datasets/waterfall/ais/66a9977c44405c9819ca40ed1879500bf2ed5a6756af5775fe9a0ceb5cb7f007.png,ais,synthetic,ais-73311-0-1,train,ais,Classic
datasets/waterfall/ais/d992b37b620f2c83aa4d21fed89c340592376077097722c775d32cf0154bc250.png,ais,synthetic,ais-1670-0-0,train,ais,Classic
datasets/waterfall/ais/e34c60e7af25061cad2a85b42d201f35c1d12c533fae0b747e996cba72fe4236.png,ais,real-old,legacy-ais-32x9,train,,
datasets/waterfall/ais/954b16e63c9438295d3dd0a301047b6b2bc4c83f101a3303d48d2a493922d694.png,ais,synthetic,ais-66417-0-1,train,ais,Classic
datasets/waterfall/ais/03e57114008f7bcb470c4f74214059c6a975820d0e4a1344b8fd2b7b9d0715bc.png,ais,synthetic,ais-80172-0-0,train,ais,Classic
datasets/waterfall/ais/4e3b2959c5dfff2e5973090245914b68f1dc9dc1e33f90e64d7e42dec2dc9b07.png,ais,synthetic,ais-44110-0-0,train,ais,Vivid
datasets/waterfall/ais/45c00ac2a5677623fa2418319ea67c61620e3f899c6d2807c321e446005a673d.png,ais,synthetic,ais-80172-0-1,train,ais,Classic
datasets/waterfall/ais/7dfebbac1394374f5da3c7b4416e8f2cb1e10885c18c0d11a55e5814c91ca27b.png,ais,real-old,legacy-ais-31x9,train,,
datasets/waterfall/ais/7349c2b5954ae24dba0fdc8c0eaaed200e091d3d16558c0c662fa2492e423798.png,ais,real-old,legacy-ais-31x9,train,,
datasets/waterfall/ais/19dabc3d1bd125ec670c3decad4395a21dc11c79bf0e93928e376944521016cc.png,ais,synthetic,ais-83463-0-1,train,ais,Classic
datasets/waterfall/ais/ad1f740337792c2d94daa2a836632dfb081e7ee2e06438f39689953f8054d156.png,ais,real-old,legacy-ais-32x9,train,,
datasets/waterfall/ais/433366cfd2d09d9662c6be3d34e04ec715a97522a94bc1f8f1079cfcbb0fb40f.png,ais,synthetic,ais-80172-0-1,train,ais,Classic
datasets/waterfall/ais/0d74dff99a4d59f80cb71c52d0579f475c35cd9550b6fd92cd2516507ec45a11.png,ais,real-old,legacy-ais-23x8,train,,
datasets/waterfall/ais/710246649aade93b2ff4f2baa815cf24fa76aef0c8e67edc003174ec1abe0f74.png,ais,synthetic,ais-87304-0-1,train,ais,Classic
datasets/waterfall/ais/83645974d67f28fcd8ab2b4fee221ec695bd64f254734ddc3b1a4208cc8173ff.png,ais,synthetic,ais-87303-0-0,train,ais,Classic
datasets/waterfall/ais/f88157510e2527f6b6136ac5c6721f60ace4134be263d569f2546d6372531847.png,ais,synthetic,ais-87305-0-0,train,ais,Classic
datasets/waterfall/ais/b2f475d7daa5c3894d37c69b3806ab8a53cc07100515751788c6bb3645e69347.png,ais,synthetic,ais-50344-0-1,train,ais,Magma
datasets/waterfall/ais/c9ba017349b22149ae9673383058583990d0d7b15c1bd4ed312214550bd54c6e.png,ais,synthetic,ais-44111-0-0,train,ais,WebSDR
datasets/waterfall/ais/4d8f37bad4535071b010650d65083a2532e300df88d1d7300dcf0de2e1235f7f.png,ais,synthetic,ais-87303-0-1,train,ais,Classic
datasets/waterfall/ais/401d9e305515beebf124966a722d70e40dca5da86a576329691113f893cb4aad.png,ais,real-old,legacy-ais-23x8,train,,
datasets/waterfall/ais/2b465ebd6c340fd72181b999860a2b3bf4f920cb328e2de84d384685ee0674ba.png,ais,synthetic,ais-44109-0-1,train,ais,Viridis
datasets/waterfall/ais/41e491f55e16588b6ee3df2c4a6b1c48a2157de483ba1a9cfb3bc4595a1a94e4.png,ais,synthetic,ais-87305-0-1,train,ais,Classic
datasets/waterfall/ais/669c6972a3c4d8c3260937b501a4ddebaa78c634f5813180c0bcb01a7ae1d079.png,ais,real-old,legacy-ais-14x30,train,,
datasets/waterfall/ais/21351de0bcf9b19a940d0aff9637410af71d94cad7cb914f0daf93fa24c38fbe.png,ais,synthetic,ais-94729-0-1,train,ais,Classic
datasets/waterfall/ais/ed7ccf6a59ad44666c776485d99a575e22fe92316603ff64976b09e2dc3607fe.png,ais,synthetic,ais-94728-0-1,train,ais,Classic
datasets/waterfall/ais/b04159a51d3b862e1f440ae3094bc7315c867aa311bbc72efa3656074482bf68.png,ais,synthetic,ais-50343-0-1,train,ais,Inferno
datasets/waterfall/ais/edf59b750aa476469d1dc1375deb54caf2bac070371fe52f88a7e795390b4e7f.png,ais,synthetic,ais-44110-0-1,train,ais,Vivid
datasets/waterfall/ais/5f0a542ecf75c33262c7be8ee441eff97d44e606065a026fa310e2fc25f4762e.png,ais,synthetic,ais-94728-0-2,train,ais,Classic
datasets/waterfall/ais/d9e7ce694a3e1b90506e733e229f71fc142a277f3a8b55df00e82cda23a08e0d.png,ais,synthetic,ais-94730-0-2,train,ais,Classic
datasets/waterfall/ais/4e785c30541cb2dbbe66a1c5ec95fbb282de2b68713af8965b6c4d1fc2f53a4a.png,ais,synthetic,ais-73310-0-1,train,ais,Classic
datasets/waterfall/ais/f16273765c7db469f5d363dba6e8e47e6a409bcfbcbeeae6e432119a67e8e74d.png,ais,synthetic,ais-1669-0-2,train,ais,Classic
datasets/waterfall/ais/2cba44b1c685726ff30518fe029168da184165552f33404a4b6c833effd99a30.png,ais,real-old,legacy-ais-31x9,train,,
datasets/waterfall/ais/60429c3fedf9bd876c8e741dd6795343587c653f4d7ae157e7f143cdd8475bc3.png,ais,real-old,legacy-ais-31x9,train,,
datasets/waterfall/ais/d05040dd9151b7a750a5f2635bd8b05b1c7c96ca3c004c590d866697a8099ae9.png,ais,real-old,legacy-ais-31x9,train,,
datasets/waterfall/ais/8ff6ea9ded773d082f3b106f21100333df3fe9b643c2e991bebd201dd81ceb93.png,ais,synthetic,ais-94730-0-1,train,ais,Classic
datasets/waterfall/ais/b84b2c185d82486b2943bf4f14b807f887c2e32a458d7c4a7bc73b8fe55c74b7.png,ais,synthetic,ais-1670-0-2,train,ais,Classic
datasets/waterfall/ais/6e944272220c5900298224fafe9a111405294baaea315e70001d8a4ea9e2ec73.png,ais,real-old,legacy-ais-31x9,train,,
datasets/waterfall/ais/184a54ae12e210df2d0ac101db2f42dad41f9e2f4346f47b0c4a320da7ab7a88.png,ais,synthetic,ais-87305-0-2,train,ais,Classic
datasets/waterfall/ais/fb11101f83d950cd555dfc39350eb21e4d84cecd3045b7d77baaf324bf4c0c7c.png,ais,real-old,legacy-ais-23x8,train,,
datasets/waterfall/ais/62587e95fc2d8e62b81f7cb2b4170b8d807da29395998af123c9d4e6cb8efc17.png,ais,synthetic,ais-83463-0-1,train,ais,Classic
datasets/waterfall/ais/cc1ca64fb97fd351fb99c77dfd4d9db0d39330717eed0d0948e6032528ea4713.png,ais,synthetic,ais-73311-0-2,train,ais,Classic
datasets/waterfall/ais/3391a841e8421cbd79061be1e3a48653beddaeaad55fa0418f9178937d32a961.png,ais,real-old,legacy-ais-31x9,train,,
datasets/waterfall/ais/71f5c7075ce2f607422d7127cabcea061b0d285f1294d8fd85c3fc25b7dbbce6.png,ais,synthetic,ais-94729-0-2,train,ais,Classic
datasets/waterfall/ais/cc47591495d2e96288641049a86602ef84579d65c55119ab7e722d33a2b69547.png,ais,real-old,legacy-ais-28x9,train,,
datasets/waterfall/ais/c27ca67c7c3107afc30efd9be324afe65cc37dc0c660270a60c3cabd16060379.png,ais,real-old,legacy-ais-23x8,train,,
datasets/waterfall/ais/177ba2aec7ee4bed9664412dc59721df143be99b578fa6402a5f2390510f145b.png,ais,synthetic,ais-1667-0-0,train,ais,Classic
datasets/waterfall/ais/60a7c0c1a669097050ddbc8f74ca31166fa3c1aa7315085892ade1c020481f5e.png,ais,real-old,legacy-ais-23x8,train,,
datasets/waterfall/ais/ac311b6bb7ab353e7ed3278475440c4a75f6f64471f66e05002c2c9bf7e42848.png,ais,synthetic,ais-80172-0-0,train,ais,Classic
datasets/waterfall/ais/9b894052aac0e308ec7632d62fbffd506a1d8b6cab41a95e94cf5d2d3e5639fc.png,ais,real-old,legacy-ais-23x8,train,,
datasets/waterfall/ais/77805212c18947d5e74dc29db7c1de090d94b3c7e3dcd577efb79eb0e98cc9f9.png,ais,synthetic,ais-80172-0-2,train,ais,Classic
datasets/waterfall/ais/a79e7cb8379a5c01bb60541e9f67d593034fc179d88ad6893402305946c013be.png,ais,synthetic,ais-87303-0-2,train,ais,Classic
datasets/waterfall/ais/1503d4d23f480d13449665aa61332ac996a905d9575837c97f50bdb6b883e2d9.png,ais,synthetic,ais-44108-0-1,train,ais,Turbo
datasets/waterfall/ais/e34d30ecdc938e60022ae8941062fe88231eec69ebdc4e68d7939a36bd944bbb.png,ais,real-old,legacy-ais-31x9,train,,
datasets/waterfall/ais/88ff78c31997f707393af3cc0196df6a20dbd6124ec5a2268f7b8d7eeb33a4e4.png,ais,real-old,legacy-ais-28x9,train,,
datasets/waterfall/ais/b030a2aa2c120504b4b5d50cf2ad9c5bd0a110b96ff45d818c6b285306a8f604.png,ais,synthetic,ais-87303-0-2,train,ais,Classic
datasets/waterfall/ais/42450d6d879eeef23115f244b8dc9e7a39c8c719eba3d341fe2a8ee91e782e93.png,ais,real-old,legacy-ais-23x8,train,,
datasets/waterfall/ais/84e9b78fa50c1dcb9edced804fcc63c1a6ae8acc9041e4968544dc3635cae35c.png,ais,synthetic,ais-87304-0-0,train,ais,Classic
datasets/waterfall/ais/a61f6d0999e0bd617f9858ca7d8404a1ea23f8852f3670d5ae7dd521b736bfb6.png,ais,real-old,legacy-ais-26x31,train,,
datasets/waterfall/ais/4801c82ae6bcc1d4aa6bdb615e235a7f70b69d66bb87115795ba06e942e3eba0.png,ais,real-old,legacy-ais-31x9,train,,
datasets/waterfall/ais/3bed586d148d1efcad592835fcee93025a6f24025788285e5039de94948f384c.png,ais,synthetic,ais-1667-0-1,train,ais,Classic
datasets/waterfall/ais/41369f8a1d8839fcde1cf9b9c87e1f81eb1371a3b92c31fc153201f0666fc99e.png,ais,synthetic,ais-66417-0-0,train,ais,Classic
datasets/waterfall/ais/ede1f84a70e09ff2988a096f5a0f4d9d537100ec1d42304e671eb09ab5984769.png,ais,real-old,legacy-ais-23x8,train,,
datasets/waterfall/ais/dcf74185269a965d5bc5bbc313fbd6783665189a23bb7ad338454706c327aee7.png,ais,real-old,legacy-ais-31x9,train,,
datasets/waterfall/ais/0d18b8712e326035107054179486ff9005d0f2ad7aa2bc7d0b3f814c83fb1e9f.png,ais,synthetic,ais-50344-0-0,train,ais,Magma
datasets/waterfall/ais/a2da1d264307fca91254db59a88390cd9e5f4934584aa90526d55586feb48534.png,ais,real-old,legacy-ais-32x9,train,,
datasets/waterfall/ais/4469b85d7864c2076b89a269890356b63856d0af935b11a0f86776e0d7b23960.png,ais,synthetic,ais-87304-0-2,train,ais,Classic
datasets/waterfall/ais/c840ab07a7ea7048db3ea4743b989978e17fd5e65710988eb8780427c9a406d5.png,ais,synthetic,ais-44110-0-2,train,ais,Vivid
datasets/waterfall/ais/89103dfdf39a2a2a5347ae2eab9bc8db6de6590285397644a5857d6afb980b36.png,ais,real-old,legacy-ais-32x9,train,,
datasets/waterfall/ais/94dac32da6fc82d610f655d1b361417380618fe4ca3f88a2042d366c90d56d6e.png,ais,real-old,legacy-ais-23x8,train,,
datasets/waterfall/ais/997f587aebd10c193ebcca5808b213556a755c66519fff7c58c5c434e8766216.png,ais,real-old,legacy-ais-28x9,train,,
datasets/waterfall/ais/ea9e07bd6a1403ced68e0970574d194706b66b7733107f218cc799d1d3761b5b.png,ais,real-old,legacy-ais-23x8,train,,
datasets/waterfall/ais/47d597870a31ed6343c90e013ac3b0b1257d6a7ad6fcb29e78060fb7540c7b1c.png,ais,real-old,legacy-ais-32x9,train,,
datasets/waterfall/ais/60c9e4ed0697004a6c04a163a7d62b25ca8f8cad2408627b38ee2aa1dd513f71.png,ais,synthetic,ais-1670-0-0,train,ais,Classic
datasets/waterfall/ais/b53f2844765e2090853451cef59d6005a9171f3637ec6cbb37208a1acd24cd5c.png,ais,real-old,legacy-ais-10x31,train,,
datasets/waterfall/ais/0cbfa288cee432bb2ff3b90e8492c07f8defac3c5ef82fd482f5632af67ff8d0.png,ais,synthetic,ais-1668-0-1,train,ais,Classic
datasets/waterfall/ais/6c52795c37a69e8f146b20e3784772efccf51c88730738f72f8348f00393499b.png,ais,real-old,legacy-ais-31x9,train,,
datasets/waterfall/ais/d436b4fd7047e01ec00dda5072705d854726549a6ae9a8860935d9f26c4e48a8.png,ais,synthetic,ais-1669-0-0,train,ais,Classic
datasets/waterfall/ais/f2c1d4bc26f2425f11cb44f6d2c0a932931e537aae76e27236825de4d9482761.png,ais,real-old,legacy-ais-32x9,train,,
datasets/waterfall/ais/812ca10fd4936d6cc5a8bc31422806f3cccee4aa19edd3147b9a98ea3b403f04.png,ais,real-old,legacy-ais-31x9,train,,
datasets/waterfall/ais/6fb2d9df1835696b09ebcdf4190af3600776cc21b8814ee1115a2f59d8a3b7a8.png,ais,real-old,legacy-ais-23x8,train,,
datasets/waterfall/ais/5ab71730a156fbbf5fcaea993f34b190c1ae2e2bee3cb51bf3b10103380802d8.png,ais,synthetic,ais-1667-0-2,train,ais,Classic
datasets/waterfall/ais/89094ceb3912cdc1512fa9865988641d82c6bc8096121e2d9da130add417642f.png,ais,synthetic,ais-44107-0-2,train,ais,Temper Colors
datasets/waterfall/ais/501eba323680c5ccab44a0c58cfa1217e17b03a7653c41bf64c2ca520d1974dd.png,ais,synthetic,ais-73311-0-0,train,ais,Classic
datasets/waterfall/ais/0a6841243a27ca26cea362126465dd4d84994c6ae0aa3d6c859300e091adeda8.png,ais,synthetic,ais-44109-0-2,train,ais,Viridis
datasets/waterfall/ais/a9ba609924050ef9af2c10d8fbcfc8a3d0527786c06f82247e7ec0da3caf73ce.png,ais,synthetic,ais-44108-0-2,train,ais,Turbo
datasets/waterfall/ais/d6e718c1ae5482f3fd47a7e2a96583bb5e4d4589fdb6ca5d00f79b325e13709e.png,ais,synthetic,ais-1670-0-1,train,ais,Classic
datasets/waterfall/ais/8f10e788abb38016595c4453569e5b2ec2efb9e9c6a7991ab997e8c5b77dfc12.png,ais,synthetic,ais-1670-0-2,train,ais,Classic
datasets/waterfall/ais/d8af6e910ddcf366d57fc5947b84eebdab2ba4ce3f275ab0c45cd0b4a8abec94.png,ais,synthetic,ais-1668-0-0,train,ais,Classic
datasets/waterfall/ais/808d1ff2660ddcb616735a2bf97d3e8413a8b81e1524f1427d9bd9a5e007518b.png,ais,synthetic,ais-50345-0-1,train,ais,Plasma
datasets/waterfall/ais/e4fb2288af01282985ee056f9ea9a5834d5ce105172f4b5421c2bc4094f28068.png,ais,synthetic,ais-1668-0-0,train,ais,Classic
datasets/waterfall/ais/343049412d5901c4508bdf41f7b765db9f47e6894f51c05f654da89e6fa26789.png,ais,real-old,legacy-ais-23x8,train,,
datasets/waterfall/ais/d686f7663cc0176e551995e98cf2db900b4f8a3ba08414227b5e79273737974c.png,ais,real-old,legacy-ais-23x8,train,,
datasets/waterfall/ais/2924892ab64b1db6cd22c4a69138dc3137d20c8014e8c95508b461dc82d8da3d.png,ais,synthetic,ais-44107-0-1,train,ais,Temper Colors
datasets/waterfall/ais/27431da9d3b8186cc2fd63ca338fc507727a2e6685c8b16e09ef32b8bb995c48.png,ais,synthetic,ais-73310-0-1,train,ais,Classic
datasets/waterfall/ais/c91b268b1dc04711b33a2d20885c06c3dc0dd3d88cee65128f2d99f84c1dcce3.png,ais,real-old,legacy-ais-32x9,train,,
datasets/waterfall/ais/9dba58ae04936e9aa286339c1dc819384a322cf0c9ff359a58d775ef3b48358d.png,ais,real-old,legacy-ais-32x9,train,,
datasets/waterfall/ais/2c09ef61a2bdd9e275eff75aad85ebd16cb18dec908412041f9c8a9b2b7da693.png,ais,real-old,legacy-ais-23x8,train,,
datasets/waterfall/ais/e956d0fd4651b30ce6e7aa2743e855d4c1ff424f2e7512b4a975f9174aad7df6.png,ais,synthetic,ais-94730-0-2,train,ais,Classic
datasets/waterfall/ais/84f83d208e85229c5a6f14fcf03871e78e546051436c891eb2d37aa8f2a23944.png,ais,synthetic,ais-1670-0-1,train,ais,Classic
datasets/waterfall/ais/39026a9fe788e49b00c4a09ec97fdd3948520ecf3663a46ce1a03e8dea64f3ff.png,ais,synthetic,ais-66416-0-1,train,ais,Classic
datasets/waterfall/ais/ee9b2a6d1afda0fda0e127dc1236688f5f6da3d1e5be1bc287dd2e37814a70b3.png,ais,synthetic,ais-94730-0-1,train,ais,Classic
datasets/waterfall/ais/1d072b6c11257aceacde7debf0cbf6d87d78bf01575b0052710dc53f1c7ba910.png,ais,synthetic,ais-94730-0-0,train,ais,Classic
datasets/waterfall/ais/00e21926852b45c326a2a27e23b942022d4611daba316befce8a09b02db0b3e5.png,ais,synthetic,ais-94729-0-1,train,ais,Classic
datasets/waterfall/ais/de82f12ac1cc257faf7efe093097cdb3cccb199ae5ba291d879f9f2077b7f6a1.png,ais,synthetic,ais-44108-0-0,train,ais,Turbo
datasets/waterfall/ais/f4eb2f58f250f0381e100260a4fa42d9773f735a96c3521287b5b40037044dd8.png,ais,synthetic,ais-83463-0-0,train,ais,Classic
datasets/waterfall/ais/132c033df6ec8a192a2b7a9004436f308341495d9d2a323688a0f15aeb245e48.png,ais,synthetic,ais-73310-0-2,train,ais,Classic
datasets/waterfall/am/09f2c45b6d9b52ead3e2b48bc1a884b25c2aca9a7589e769f8c1cbb005a0defe.png,am,synthetic,am-73311-0-0,test,am,Classic
datasets/waterfall/am/4ead3777b48d0f66beafd9e1968ef42489b50e4c0d2b0fe653644f4d7d50b988.png,am,synthetic,am-63752-0-2,test,am,Classic
datasets/waterfall/am/75f8ec935e3cf926d623bd0e19ce0aea9347dda990e11fc853abc056311adea8.png,am,synthetic,am-80172-0-0,test,am,Classic
datasets/waterfall/am/d74139447f6742062ecfd7f3f63f7b1b038348c3bd9bcf4d491c0e25434eb0a9.png,am,synthetic,am-87305-0-2,test,am,Classic
datasets/waterfall/am/10c8a51d8b444fcd4312cc00079cfe617af503a383af234fe27e0c3c8657b96a.png,am,synthetic,am-94237-0-2,test,am,Classic
datasets/waterfall/am/ef01fe52d47ace64f0d4c768c557a65e4ca02c728edb2ef7212c432e5f7e2cc7.png,am,synthetic,am-94730-0-1,test,am,Classic
datasets/waterfall/am/b3ba1bd708b38f4d1f8e3408db2353296a98902c693aa24c800cd78cac252ec3.png,am,synthetic,am-66418-0-0,test,am,Classic
datasets/waterfall/am/eab811a3eedb0adf79bbf4cef44bd108a65b6a13a9f2e8589dd43fe7a234c07e.png,am,synthetic,am-80172-0-1,test,am,Classic
datasets/waterfall/am/1a3ff9f97bbe2db13d514922096f3a429fc67e8d2e867d9a5a0156c7e889e621.png,am,synthetic,am-83463-0-1,test,am,Classic
datasets/waterfall/am/4d3909c3a1fd98fc8e6f044337f09c430af5915df27e67a4cb6bcc1af1f1c6ac.png,am,synthetic,am-73312-0-1,test,am,Classic
datasets/waterfall/am/99074275ea732e7f664af4f948be2a55363e519b93e7d6973e6779c618ef749f.png,am,synthetic,am-94730-0-2,test,am,Classic
datasets/waterfall/am/2fadaa8186674014a28e633dad4eb3c74005d101139ff18dd007647954b6fef2.png,am,synthetic,am-73312-0-2,test,am,Classic
datasets/waterfall/am/4c79eecd5786606a94ce7f1a0b1147929385e9da5a1d957d515d5bb3b0a683bf.png,am,synthetic,am-80172-0-0,test,am,Classic
datasets/waterfall/am/b022c0d4dfbb9bd988e01e7a881a374218af177bbb7af4d8ef8dea8261e4dc16.png,am,synthetic,am-73310-0-2,test,am,Classic
datasets/waterfall/am/7de9c7852aec873a3388908a46263ce68811223222c4faad1d8020fbc28a9089.png,am,synthetic,am-66416-0-0,test,am,Classic
datasets/waterfall/am/a2790e95229c5c50fa50bdbe99fbeb9af3bd85b55394dac202eae968b1d31e4e.png,am,synthetic,am-1670-0-0,test,am,Classic
datasets/waterfall/am/894a8283c768770497168d0b055f4b7bed7ad22d27797a835fd657ce9b6a5e79.png,am,synthetic,am-44107-0-2,test,am,Grey Scale
datasets/waterfall/am/f9b23fe7eab9ceeca917dc813550597020ea9fe15bb838c9dca4a713888c3b00.png,am,synthetic,am-44110-0-2,test,am,Plasma
datasets/waterfall/am/3156007f2aada47be4028e4f44ba76baf2c676364b19cb6c9ddb127441d451ae.png,am,synthetic,am-83464-0-0,test,am,Classic
datasets/waterfall/am/9c907c0543d39e6223e1cb025a84fa5656dfab30075623d256b073292f5ea449.png,am,synthetic,am-1669-0-2,test,am,Classic
datasets/waterfall/am/ca526936fdda606a2c40696d2696cb8424dae7f00061511d6c2e70f3bf491f9a.png,am,synthetic,am-94731-0-1,test,am,Classic
datasets/waterfall/am/9ec5f54d581d186ab63eaab1bb84ef5b7c842f8756c88863fbc05c5e373b9650.png,am,synthetic,am-94728-0-1,test,am,Classic
datasets/waterfall/am/58e4df103b2dcd1baff1558f3a5641df64b6d2af7ff3d7ff9e9d9ef39dd26b4a.png,am,synthetic,am-1668-0-0,test,am,Classic
datasets/waterfall/am/a9dd582fddb2edba4d3d1f0620f87a45e897d10931817a0da7b82e5d56641d41.png,am,synthetic,am-44108-0-2,test,am,Inferno
datasets/waterfall/am/2b0340147c15ea857c6d9871ae03b7ba6763f01ba483475df9305608daf8920c.png,am,synthetic,am-94731-0-2,test,am,Classic
datasets/waterfall/am/a0de4c7ab4a5fef7fec3d5de2c6745546e751c253a882c4a352ab7087578543e.png,am,synthetic,am-1667-0-2,val,am,Classic
datasets/waterfall/am/80caff5d016f794e28a01bc143b159a6dfce72166ea3bccc6b88e0b542b78f24.png,am,synthetic,am-1668-0-2,val,am,Classic
datasets/waterfall/am/866eaa7b7492eabccf4d6c6c82c062dc9b6257d7535a46bbff392cd10951b8db.png,am,synthetic,am-94728-0-2,val,am,Classic
datasets/waterfall/am/d91dfa7310ff4453220f1aef76a9b89805880d5613f4ad75a1af401f8f04e321.png,am,synthetic,am-73311-0-2,val,am,Classic
datasets/waterfall/am/ab6de5b7ef8e9efc0a48cc573b29ee1d76416fca0ec6acd7b2c7b8a40a8572c7.png,am,synthetic,am-44111-0-0,val,am,Smoke
datasets/waterfall/am/9101094a09c5ec4e429699c535f883bf893e80255e939692af3d1d7e528a3bac.png,am,synthetic,am-73310-0-1,val,am,Classic
datasets/waterfall/am/9ac99c0f4f9353898594c6a61d6a830975642c2b95213780058ca8511ed50bef.png,am,synthetic,am-1667-0-0,val,am,Classic
datasets/waterfall/am/2373b42cc6e2ad561825b092923c000ec13ee475fdf4ddcc165d8f35260e728e.png,am,synthetic,am-87305-0-0,val,am,Classic
datasets/waterfall/am/630214948cd803eba231527a8225b98cc6fe9b2b27ebee56c57d1943c0276b88.png,am,synthetic,am-66418-0-0,val,am,Classic
datasets/waterfall/am/a974d219e102f6c7e287d3a9542bf2f2b615deef908a78660ce76b14a5006e36.png,am,synthetic,am-94730-0-0,val,am,Classic
datasets/waterfall/am/977b852c29c95d569c1e3b34ca97634aecb54071d55113e54436b49c8e0463ac.png,am,synthetic,am-50343-0-1,val,am,WebSDR
datasets/waterfall/am/f70fac8e4ba6b6c505b06640ebeae02a023d48147f9fba6e28bf45192ea6deed.png,am,synthetic,am-1667-0-1,val,am,Classic
datasets/waterfall/am/c51ace8368d2a512271e76edc849065377049d75a3d61167d7194bc43f409f58.png,am,synthetic,am-44110-0-1,val,am,Plasma
datasets/waterfall/am/4d4e8f47fc276701b25acb2db449fb0566ca6cf9b48d1186fc07f675c9c4a4e1.png,am,synthetic,am-1669-0-1,val,am,Classic
datasets/waterfall/am/b9a5fef6dea14b2de005f523b10d45f79272bdc147b1c6e3215d9fc3440258c4.png,am,synthetic,am-50345-0-1,val,am,Electric
datasets/waterfall/am/b0308d8741587a1c7dd06ca9b98ac4ab9c1fc7e094c0126f9b83735f3e146824.png,am,synthetic,am-83463-0-0,val,am,Classic
datasets/waterfall/am/79cf9734611b0d606e5ade6ab8373bcf182d71aaa4c07a0e61f1117d0af134e3.png,am,synthetic,am-44111-0-1,val,am,Smoke
datasets/waterfall/am/ff97464b9e30d03506e75e3b1b0def8ea37fac82857bcabae728280cf86bff17.png,am,synthetic,am-50343-0-0,val,am,WebSDR
datasets/waterfall/am/d217895c1dc2287568fd85597ae5179201568c3334bf97fbc147a39ac0339cf4.png,am,synthetic,am-83464-0-2,val,am,Classic
datasets/waterfall/am/684dd5e9a2c4f960810ed45b2b38230ce7d2b4dfd57bae00a534c997aa52c976.png,am,real-old,legacy-am-48x17,val,,
datasets/waterfall/am/03c06d0919b7394fda161c41370a95479ce233902fbf271db2ffc29f57b5bba7.png,am,synthetic,am-1668-0-0,val,am,Classic
datasets/waterfall/am/4af5da8f798404a9f5bef1d66086cccf0deca04c8c36a5a127060d3d0dfd651e.png,am,synthetic,am-73311-0-1,val,am,Classic
datasets/waterfall/am/f43be0e5436ddb354c505ea9f49a31ebab5b1867babecc24fd4fac60a3c8a229.png,am,synthetic,am-44108-0-1,val,am,Inferno
datasets/waterfall/am/b79d45624e76f49ec978ac7c002e40e173db8de0921115d3fb9a525918dea1ca.png,am,synthetic,am-83464-0-0,val,am,Classic
datasets/waterfall/am/058f91540e66e1ba2a3a98bb7a044cd3c26678b3c46cbe50277e188247bfdfb9.png,am,synthetic,am-73310-0-0,val,am,Classic
datasets/waterfall/am/2f467cd0cf52940bc72ea587c2e4f178a6e19308528d0b6746e8197a2c689cf2.png,am,synthetic,am-66416-0-1,train,am,Classic
datasets/waterfall/am/1cc1307ad4ec49e63468a36a0b855dc38b0887c8412add847678c48f5d5b4455.png,am,synthetic,am-65771-0-2,train,am,Classic
datasets/waterfall/am/a825c4e2f47fa1c3125775b8c382db2c133b90673ec3d28baa9d1a5c157665d7.png,am,synthetic,am-94729-0-1,train,am,Classic
datasets/waterfall/am/0b1bb008ee332639001c2225ee2b6a44bd570f2664dcdeb7694ee8ec3fdd70c0.png,am,synthetic,am-87304-0-1,train,am,Classic
datasets/waterfall/am/7886bd18570b9fa792ac3bc3bbe01551895432d6b5095e55f389dc1a3cfe9ad1.png,am,synthetic,am-94728-0-2,train,am,Classic
datasets/waterfall/am/f0f1915463ba94d910409c3e4709d7bcce372bb0e229d7db609105c23ac60d62.png,am,synthetic,am-66416-0-1,train,am,Classic
datasets/waterfall/am/4b539bc9b7071f72c806fd006093fc3fd388cf4d18c27b5335a8b79817dc4fc3.png,am,synthetic,am-94237-0-1,train,am,Classic
datasets/waterfall/am/29ccc735641d2cfbb9e2ca875eff3aae949583c169410c494413e2e3bb828520.png,am,synthetic,am-1667-0-0,train,am,Classic
datasets/waterfall/am/4b8617ac4660611dfeda2f3384b77550e239d695c2f341ac58c095d489b8ccd7.png,am,synthetic,am-73310-0-2,train,am,Classic
datasets/waterfall/am/d8698f1d2fd92f0c793779b0687efe757927f056f8b016af522661deb6f76701.png,am,synthetic,am-94730-0-2,train,am,Classic
datasets/waterfall/am/9835544a51517a106673b27e7e98513ee67ead734c93398331a99056ff178b73.png,am,synthetic,am-62774-0-2,train,am,Classic
datasets/waterfall/am/587cf6571a16f205685b61ee431f3aa2295addfd749ee4a1b1f5c63c8d9153b7.png,am,synthetic,am-63752-0-1,train,am,Classic
datasets/waterfall/am/9389797c6bf4959a730fef809c412a9276b754ff41d04e3fd1092dc2f69a7fdf.png,am,synthetic,am-94237-0-0,train,am,Classic
datasets/waterfall/am/9809b33b1c9d6400a046603cecdaa3991b1f35cb39fc9a4b42a2b3b9b039d0bb.png,am,synthetic,am-1670-0-1,train,am,Classic
datasets/waterfall/am/6599d80ad1c7b57f37fe2af3580a66627692590e584282ec4828026bc4ac15e2.png,am,synthetic,am-1667-0-2,train,am,Classic
datasets/waterfall/am/f81bd319d8fce210fbc24d3b14a018f3d4919f8d97672b682b0dbf8de42c9cd1.png,am,synthetic,am-1670-0-2,train,am,Classic
datasets/waterfall/am/3bd581c92d9a936f16ba6a3f931edf83612e6c61bb540e08b1b02ba1fcedbce7.png,am,synthetic,am-63752-0-0,train,am,Classic
datasets/waterfall/am/1c23bf46020e4ac749a59c71e34ed3ac4ce09d9e035f8abb0237c3f5d9c89fd2.png,am,synthetic,am-44107-0-0,train,am,Grey Scale
datasets/waterfall/am/3f57604b1ab773310fd8b8e2dde3dc5eb2e1361cb70b90830438656aed90e334.png,am,synthetic,am-94730-0-1,train,am,Classic
datasets/waterfall/am/b29b7fc94b423a39b53e2c91f093c25a0c514085e278699a04e732ddbc7e2d73.png,am,synthetic,am-65771-0-2,train,am,Classic
datasets/waterfall/am/c6eb82fabecf881ac3224efb0b012fc9f3c58dbad4df554db18cb264cbe066c9.png,am,synthetic,am-62356-0-0,train,am,Classic
datasets/waterfall/am/c8f1bba17a3dcae4ca6c2668e26fdf2bcf5c6de9dfaae8c8bf66887136fa5219.png,am,synthetic,am-80172-0-2,train,am,Classic
datasets/waterfall/am/4e203acb445d113644fc2d152c1f33218943bef0e9b2eaaf6a1a5d7fdc0dbeab.png,am,synthetic,am-50343-0-2,train,am,WebSDR
datasets/waterfall/am/274f5c481c1c728c2a04671840520188bbd7e604ec0dfb20ebff88a3a1474c67.png,am,synthetic,am-66418-0-2,train,am,Classic
datasets/waterfall/am/0aa9dad7ea0bed6c57953dbbd5436e8dc141f49a36c8ec2e978d32fe700af39e.png,am,synthetic,am-44111-0-2,train,am,Smoke
datasets/waterfall/am/272571c5d5f92aabf692e8e17c3afa56e2ad294e62e5b9902f1b823b1e65a23e.png,am,synthetic,am-94729-0-2,train,am,Classic
datasets/waterfall/am/50458bc7806106654d0fcc3deaedcc5605b317b65bc66e71897d835d4279a360.png,am,synthetic,am-87304-0-0,train,am,Classic
datasets/waterfall/am/1d159eb994240479e8917ccff485d8bb69a9a9bbb42755212e58dfad5f918dc5.png,am,synthetic,am-65771-0-0,train,am,Classic
datasets/waterfall/am/c589f0ee428e5f514e2263a944a42bd1e84fa0f0fc0150b23c844d16783b2f12.png,am,synthetic,am-66416-0-2,train,am,Classic
datasets/waterfall/am/2c6e439aae670b46029fd2dce7f24a6b693a1d8be63acb961cdeedc9237c4f29.png,am,synthetic,am-83463-0-0,train,am,Classic
datasets/waterfall/am/4918a560c6a89b63c267cd33383d65651d62857f4eab02184390d9e8276d84fc.png,am,synthetic,am-62774-0-0,train,am,Classic
datasets/waterfall/am/74fb47724a78d91363c2adf35f7c4e53f1d07280af3492b7e3fce2525cb3ffe2.png,am,synthetic,am-83463-0-2,train,am,Classic
datasets/waterfall/am/d417e65bc0634f7b020058e1f896bbf396c32fd0049c597926503b7c3d35bb88.png,am,synthetic,am-73311-0-2,train,am,Classic
datasets/waterfall/am/331a5709ce000d2015491958bffb1b06c0d5ab887cb31666ab9b7776ad74b4a1.png,am,synthetic,am-50345-0-2,train,am,Electric
datasets/waterfall/am/762fa4f059fdc96adaab60dcc4fa2a6013a1b7cceaf972e94928ee3a9636e903.png,am,synthetic,am-66418-0-1,train,am,Classic
datasets/waterfall/am/0a925067ecdb40317062dd864376b0ad2c876a9f6c60b2d8c4a8ce3e9a8ec6d5.png,am,synthetic,am-62774-0-1,train,am,Classic
datasets/waterfall/am/6873c891f26734941def2fd49847f5733c8f9c3f894f2bb2db3889931f68dfb6.png,am,synthetic,am-80172-0-1,train,am,Classic
datasets/waterfall/am/87dbb04944c7bd337f5fb9d72518f67333fc22116eb1520de34389ab56a9aaf8.png,am,synthetic,am-94728-0-0,train,am,Classic
datasets/waterfall/am/3ea30d5d370ac46ebc470889141fcfbf2bcc4ab18ab81fae5a25f70ca3eb1083.png,am,synthetic,am-66417-0-1,train,am,Classic
datasets/waterfall/am/92fc72647b45363d0dda51b015d5f92a8b8aedd741c7490eae3a17d827d017d4.png,am,synthetic,am-73312-0-0,train,am,Classic
datasets/waterfall/am/2182edf66156deced363d00f629a5e701d060183c152fe74d88eddf436b9f6c4.png,am,synthetic,am-94237-0-2,train,am,Classic
datasets/waterfall/am/00a07dccce517ef32d18c8d14ad6b52e84a940033d0041b53406fd0a433fbfb5.png,am,real-old,legacy-am-40x30,train,,
datasets/waterfall/am/bb953c74cffb1cb9e2c8278181dda88a3206322f2af37522befbde517dfc36d1.png,am,synthetic,am-1668-0-1,train,am,Classic
datasets/waterfall/am/0d35010928d5926cfe3dd0e364d5cf49eb8fedcd795ece10f6ee81d24422d913.png,am,synthetic,am-44108-0-0,train,am,Inferno
datasets/waterfall/am/39fa1e9e6daba9ab1cdc54073f34c3d431392406c58cbf456b1b38341062d9ee.png,am,synthetic,am-87305-0-0,train,am,Classic
datasets/waterfall/am/18e62ab896cf932e3a64aa3cb4a3c14c9f9b7e2a58dfa51bec12119b6665b2dd.png,am,synthetic,am-94729-0-0,train,am,Classic
datasets/waterfall/am/0c003fe975b154e22bec3d54a3499bae48ca78a4c23226da1a5274a31724175a.png,am,synthetic,am-73312-0-1,train,am,Classic
datasets/waterfall/am/b762eedb4c4ee17a77cc0d4ca5b58ac1e52549132f749e07b30abdaaf3a8cff2.png,am,synthetic,am-63752-0-0,train,am,Classic
datasets/waterfall/am/aed450e207663e6cb58fa3cc259ee661b30c5b73f9bffdc3659d8e183bddd768.png,am,synthetic,am-94731-0-2,train,am,Classic
datasets/waterfall/am/4448640835095d80b6fef60895f52f10d77129443c143b7d44b118c00f862f91.png,am,synthetic,am-50344-0-2,train,am,Classic Green
datasets/waterfall/am/090d7113b1ef93cae53eddb5bf6b751a3cb77645013a6a25c04754108986986f.png,am,synthetic,am-66418-0-1,train,am,Classic
datasets/waterfall/am/1b02fa7e77cb76be24c9f529d06f7ae7569b0da1b5ec457682327202d22b6e16.png,am,synthetic,am-94237-0-0,train,am,Classic
datasets/waterfall/am/855ab8400240f3078634f05f08cfd02861a7fefdb47b025cc8e42380a140ed54.png,am,synthetic,am-1668-0-2,train,am,Classic
datasets/waterfall/am/d734c8d4f14b854249305c9353fe55792ec607bd105078f645655bfbd46cfa6b.png,am,synthetic,am-62774-0-2,train,am,Classic
datasets/waterfall/am/c151b9f1b15cee0c34acd0bbfa5e00958a1e54e56905af43524554e9266545d0.png,am,synthetic,am-1670-0-2,train,am,Classic
datasets/waterfall/am/5f0c57f38c0304bd97beb24d0c80d0757e2fea227b9b07456768b278070f4a0a.png,am,synthetic,am-94237-0-1,train,am,Classic
datasets/waterfall/am/94490f7a1b74e39279541c7a7332f86f74b90c58a2f785fe2a808f7016261526.png,am,synthetic,am-1670-0-1,train,am,Classic
datasets/waterfall/am/db06dc43d5b8bf49330d59fc0403149a171345b37dc1354cdfe0e44f0d5a9ee3.png,am,synthetic,am-66417-0-1,train,am,Classic
datasets/waterfall/am/134ec060dec15158527fd1e9fed374f0fd00a7dbd87edd895c18581f4fc87c9f.png,am,synthetic,am-73311-0-1,train,am,Classic
datasets/waterfall/am/b7ec6508abe862f0c4e51dee685046a248a176f976331cee154cd86e6ac50016.png,am,synthetic,am-87304-0-2,train,am,Classic
datasets/waterfall/am/15ecbc814df085499b04609af5bbb2c3db991c0da1951382900dd09e08ffb891.png,am,synthetic,am-63752-0-1,train,am,Classic
datasets/waterfall/am/4bca4394cb77a9756bab5397681573c895f231395a8a7e94bc6aa64ed1be5fd9.png,am,synthetic,am-73311-0-0,train,am,Classic
datasets/waterfall/am/0d5d9011cc1b535126117a875423941dce6f5142cdb9dd9f9353e45a7cc59a98.png,am,synthetic,am-73310-0-0,train,am,Classic
datasets/waterfall/am/18449554e91427185a2a8cc31aac21e26eb91855889bc82dd948b29ec02e50de.png,am,synthetic,am-66418-0-2,train,am,Classic
datasets/waterfall/am/9b273c5a7eab5771febf8b0af22d9292b487a89ec8a3f84d2211f089f6ad81e4.png,am,synthetic,am-62356-0-0,train,am,Classic
datasets/waterfall/am/48a20f470d3c6bf0f3cd01bcccd199051ff32a608b238fc7e66328198c1d3fcf.png,am,real-old,legacy-am-10x31,train,,
datasets/waterfall/am/5e9da8ade68a30335c6402cee21d817f026c7be93b966f5a2e25c40708918749.png,am,synthetic,am-65771-0-0,train,am,Classic
datasets/waterfall/am/738a6f06c35f1d39da1404dd6904429bd273720109baad7a93613abc6cec3981.png,am,synthetic,am-44107-0-1,train,am,Grey Scale
datasets/waterfall/am/3826148898e02ebdca5067a2d50c74fd15882a6a29f2851ee0f56534005376c0.png,am,synthetic,am-94728-0-1,train,am,Classic
datasets/waterfall/am/3bb68385255ac810e98df93497f643260bf42e98d1bb83232cac4f02b38f79bc.png,am,synthetic,am-83464-0-2,train,am,Classic
datasets/waterfall/am/55c2a57bd06c9c46d41c0402aeb7f58655f362e931a63abcc4205ae4cff4d6ce.png,am,synthetic,am-1669-0-2,train,am,Classic
datasets/waterfall/am/d7a5173fdc4e81866448ebeef7821fd82e1214b022eab79d53e0b38d5b007f8a.png,am,synthetic,am-83463-0-1,train,am,Classic
datasets/waterfall/am/7910515735dfe20b431093dc8555ceb662c501dcdeb69adaf87cadcf815e7b06.png,am,synthetic,am-83464-0-1,train,am,Classic
datasets/waterfall/am/679ba44fd39e764aee96d17484c3ca3f615275ac30d0a953e94ffdeb218bbce1.png,am,synthetic,am-94729-0-0,train,am,Classic
datasets/waterfall/am/af1c901f7d68c168c93c61884af326e1cefb58b6e11166e747ebe5f6d6135ee2.png,am,synthetic,am-73312-0-2,train,am,Classic
datasets/waterfall/am/c025d7d88cf783f8a06355619ef0a64fdc279d912c505b7581393154e725376e.png,am,synthetic,am-50345-0-0,train,am,Electric
datasets/waterfall/am/37e12766ab2f77148c3f53a5ac077851e68186625d9f8e0730406c1609707074.png,am,synthetic,am-66417-0-0,train,am,Classic
datasets/waterfall/am/6fdf5d9a960473b2f5325727f14d882569a01a5b5b23bd038b71e5e1c7662159.png,am,synthetic,am-83464-0-1,train,am,Classic
datasets/waterfall/am/214128603be95cdeac51ca5b09d89f9a5a3116074498ca93d858823a7d530ed4.png,am,synthetic,am-94729-0-1,train,am,Classic
datasets/waterfall/am/5818e9f963107d85b3a7fdaa403f0ad784fb26e9928911c9739394055344859b.png,am,synthetic,am-66417-0-0,train,am,Classic
datasets/waterfall/am/c1c4248c1f1942a40f0be9eb727cfab3066fc03526b924b1616459643bc89ef1.png,am,synthetic,am-83463-0-2,train,am,Classic
datasets/waterfall/am/047f2c2b9659be7a78e22dbe575ccacf98c33069fda56e5ec127d50cc9e5163b.png,am,synthetic,am-50344-0-0,train,am,Classic Green
datasets/waterfall/am/132135dcc2496c7610f459ad0136aaea8b02636c6031c876789a8ee24cc1ac2f.png,am,synthetic,am-66417-0-2,train,am,Classic
datasets/waterfall/am/13e4dc9d5b26130672f8b046eb5f19675b07f4f21d7013e14b0becc85a86d1d1.png,am,real-old,legacy-am-43x17,train,,
datasets/waterfall/am/cea917d63093d7e8a44d96f11bdf1c38b805fe9779fe9b4a93ac2544bb9774ec.png,am,synthetic,am-87305-0-1,train,am,Classic
datasets/waterfall/am/d4579c1117ca61d466420b123bcb04b021bc04f39e8a4acd4698eb38db3488ff.png,am,synthetic,am-73310-0-1,train,am,Classic
datasets/waterfall/am/78da8c0d3caa99c4c36ec2ba7b92c86727358e504ed4ced85b09d572b8828f00.png,am,synthetic,am-63752-0-2,train,am,Classic
datasets/waterfall/am/af0aa3d42842ddc14dc432803ea153862e3eb7d28457d1e76436efbf19076300.png,am,synthetic,am-44110-0-0,train,am,Plasma
datasets/waterfall/am/d23331dcdfe64de02dc325365f65cca39549ae3742391a332992e2032b1c2806.png,am,synthetic,am-94728-0-0,train,am,Classic
datasets/waterfall/am/49adfbd00cbb711794fbdb69a865a8da626f859d134ced1949178c36c46e7ed8.png,am,real-old,legacy-am-41x30,train,,
datasets/waterfall/am/2825d19b6a2ab4468c1efbbdd3b910e4609efc99a9e690e0a99b471f73cee604.png,am,real-old,legacy-am-39x17,train,,
datasets/waterfall/am/8cc25ea87af0c0e23451583de7d6418deec7cc7df382b7bd7ae54f4b3289da09.png,am,real-old,legacy-am-50x17,train,,
datasets/waterfall/am/dd388d62ae943d2459251fb5bdf717fd0c7f2bb426079183f661f381a45a9767.png,am,synthetic,am-94730-0-0,train,am,Classic
datasets/waterfall/am/2ed57a64dd202dc1f29560fff4333a82ad5427edb28acae486a377a6fc57f1be.png,am,synthetic,am-1669-0-1,train,am,Classic
datasets/waterfall/am/7c3eca7c09975d7cfbc09cfa5213d713cc39b6209560e899050eb9f5ebcb1c32.png,am,synthetic,am-65771-0-1,train,am,Classic
datasets/waterfall/am/dd66c77aef83d025ad4e76c042ffb9ca85e2b2ced76bec5346aa8317bb77a415.png,am,synthetic,am-66416-0-0,train,am,Classic
datasets/waterfall/am/087205359aef85108e42d55e7999d73232f1b94ec0f49d889837c1546b0d8c98.png,am,synthetic,am-87304-0-2,train,am,Classic
datasets/waterfall/am/c3b5fa71a92bc7211f024f34d6581b5b691a1812645bb52d1d1e140451b452e5.png,am,synthetic,am-62774-0-1,train,am,Classic
datasets/waterfall/am/f590b33132764a76f20fa25c426bfd23642451aaf95c53a9800f385a7fa21f19.png,am,real-old,legacy-am-45x17,train,,
datasets/waterfall/am/424d79bd3882ca1c1e91f92998af1815a08b10cb66cf9453cdf5e544b5b34029.png,am,synthetic,am-94729-0-2,train,am,Classic
datasets/waterfall/am/54197d33741cdcbfb37847183935c016ad7587f8ef9970bb53e0b46adc09f042.png,am,synthetic,am-62774-0-0,train,am,Classic
datasets/waterfall/am/61c8d6d38ac181170cad6795e192e3ba025c4b8fd4c496b5dafb95c84a41557b.png,am,synthetic,am-87305-0-1,train,am,Classic
datasets/waterfall/am/0308721f1ea6aa2690eb5f17bef6b9a2f876c21cb817779342a763267c324530.png,am,synthetic,am-1669-0-0,train,am,Classic
datasets/waterfall/am/29bdc8eef5fddf847563186696cc873fe75516119eb1166e3ad879e6826e9def.png,am,synthetic,am-87305-0-2,train,am,Classic
datasets/waterfall/am/28f2467c4b20629d858c010f5561e8de2f16eb27cb3a88a4d6a9ba677d7a9007.png,am,synthetic,am-65771-0-1,train,am,Classic
datasets/waterfall/am/54584d62e174d728355af4408b187d87f83f03d30a666f79bcd17236effed35b.png,am,synthetic,am-1670-0-0,train,am,Classic
datasets/waterfall/am/101a3ad3485d4ac74c620e9ba1715e04d0ad49058f9461149fcdc708aa09ae86.png,am,synthetic,am-66417-0-2,train,am,Classic
datasets/waterfall/am/90a4ee46e1fe4d81f6c79b18dd5a5373fe682d334d9ee9f923b2595adf4275a1.png,am,synthetic,am-66416-0-2,train,am,Classic
datasets/waterfall/am/b2dfb974d95ed83d55dd60519e28a94abbe8c972c99917742a3eae10c5e1a0c0.png,am,synthetic,am-73312-0-0,train,am,Classic
datasets/waterfall/am/9413d2d56e81150996d8faa677306fd160471484ee3b372567c2baf769e31069.png,am,synthetic,am-94731-0-1,train,am,Classic
datasets/waterfall/am/ca4f26b494b9f63a2a05c253194360ed16db9740f2633d7f6a1e4fb7f02387a7.png,am,synthetic,am-87304-0-1,train,am,Classic
datasets/waterfall/am/701b68336539d67ebe07d3e0b809bbd4541bf5eb4d37831c38e01ec1f9da8bd8.png,am,synthetic,am-94731-0-0,train,am,Classic
datasets/waterfall/am/7199f4a27dc0036aa1146db0eb826bcb7b9243573ce8d1e6decd67a4d1782548.png,am,synthetic,am-1667-0-1,train,am,Classic
datasets/waterfall/am/16d615b34fa95393e942627e612c2aa05e705e2dfa536f0270183981c786ae5a.png,am,synthetic,am-1669-0-0,train,am,Classic
datasets/waterfall/am/09cf499fa2a6dd1841e2eddbd6a696a09b679f15b9d0afe8dbbc374f3abdeca4.png,am,synthetic,am-80172-0-2,train,am,Classic
datasets/waterfall/am/b1b7359960b10393f337fe80386ac8ef7468b8d5d3d6fd8663b79d155f069456.png,am,synthetic,am-87304-0-0,train,am,Classic
datasets/waterfall/am/e288d6e8c183723bb13e7292c4ae196981d073dddc6db9bc11b2cd5f89148d57.png,am,synthetic,am-94731-0-0,train,am,Classic
datasets/waterfall/am/357540ba0dfb126bf272abf76d38d90ac5933ef3fd80633ab84067c72b50eb04.png,am,synthetic,am-1668-0-1,train,am,Classic
datasets/waterfall/am/7bd9a7d0b2c6d37b122f4b55f3cab4b4aa3846f5c81b93ae777e65622591d6dc.png,am,real-old,legacy-am-36x19,train,,
datasets/waterfall/automatic-picture-transmission/e2482de735fd9619b4ef4459bdac72e065a1c62b2f6f206f7244a1f73672c33a.png,automatic-picture-transmission,synthetic,automatic-picture-transmission-44107-0-1,test,automatic-picture-transmission,WebSDR
datasets/waterfall/automatic-picture-transmission/96b53a350f82b45823d7b27ed8ce77aff47d96c659207813fd3f47680abd2408.png,automatic-picture-transmission,real-old,legacy-automatic-picture-transmission-27x11,test,,
datasets/waterfall/automatic-picture-transmission/36a289af7d65c5567a616035336935a63d5ad6f3f49372c123da472b8bcb7e41.png,automatic-picture-transmission,real-old,legacy-automatic-picture-transmission-27x11,test,,
datasets/waterfall/automatic-picture-transmission/37a80ff372bb01ad0e3842e50d9da38a1f198c444874e78c0d1eedf17bbb6522.png,automatic-picture-transmission,synthetic,automatic-picture-transmission-73312-0-1,test,automatic-picture-transmission,Classic
datasets/waterfall/automatic-picture-transmission/99d1b79563f5ccb59645071fcf9fb3635e1e48c3723de749dac9eb40825da730.png,automatic-picture-transmission,synthetic,automatic-picture-transmission-73312-0-2,test,automatic-picture-transmission,Classic
datasets/waterfall/automatic-picture-transmission/9945a52d5bb428d3dafb1041252ecf0b2d1fcb6877fd1aeec8de265ebf66e1b9.png,automatic-picture-transmission,synthetic,automatic-picture-transmission-83464-0-0,test,automatic-picture-transmission,Classic
datasets/waterfall/automatic-picture-transmission/3696da176e6c0f70ba9bfda7952abc65be5d1391e44d69f5b852185958970c77.png,automatic-picture-transmission,synthetic,automatic-picture-transmission-87305-0-1,test,automatic-picture-transmission,Classic
datasets/waterfall/automatic-picture-transmission/3695fc4089ae8952f950c368331c2f2c94ea6552e663a2871744fb70537b4787.png,automatic-picture-transmission,synthetic,automatic-picture-transmission-94730-0-0,test,automatic-picture-transmission,Classic
datasets/waterfall/automatic-picture-transmission/f437b9d9e154b037bf79ab3e49626f457ac81f5f859145c75b327df0f76a98d2.png,automatic-picture-transmission,synthetic,automatic-picture-transmission-80172-0-0,test,automatic-picture-transmission,Classic
datasets/waterfall/automatic-picture-transmission/f249a5ba7e4567a3153e97dba0bbbbf7a0962a54448cb2b17a4129627e0134e0.png,automatic-picture-transmission,synthetic,automatic-picture-transmission-1670-0-0,test,automatic-picture-transmission,Classic
datasets/waterfall/automatic-picture-transmission/22b64d65aec6d3a02c2fdb03cffd042f8701ee3a4245062e2d67f39e8ca476e0.png,automatic-picture-transmission,synthetic,automatic-picture-transmission-87303-0-0,test,automatic-picture-transmission,Classic
datasets/waterfall/automatic-picture-transmission/0aea3be7dacb8338c6d75a4618e37ca70145179a34befdd7907f97924ec82313.png,automatic-picture-transmission,synthetic,automatic-picture-transmission-1667-0-0,test,automatic-picture-transmission,Classic
datasets/waterfall/automatic-picture-transmission/ccb3f455c4189c475c49a29dca32adf7fa0883698c5ff6582a853ae61cdeae39.png,automatic-picture-transmission,real-old,legacy-automatic-picture-transmission-27x11,test,,
datasets/waterfall/automatic-picture-transmission/96f0a34632cdb3558f9a233e440071c20a143a0230c8f5f51eb1556170df3d88.png,automatic-picture-transmission,synthetic,automatic-picture-transmission-73311-0-1,test,automatic-picture-transmission,Classic
datasets/waterfall/automatic-picture-transmission/e2c5d51f9e61a0e4cd3e04faff8cb2a4b3e2e244ed25b57624210ca74f8290f4.png,automatic-picture-transmission,synthetic,automatic-picture-transmission-1669-0-1,test,automatic-picture-transmission,Classic
datasets/waterfall/automatic-picture-transmission/8b5d3482e113407a9943b990988c746d5d827f0747b1566b53430f877461c2be.png,automatic-picture-transmission,synthetic,automatic-picture-transmission-83464-0-1,test,automatic-picture-transmission,Classic
datasets/waterfall/automatic-picture-transmission/2b1b6a2ffb55664661a12158242267cfac8e48b159807fc9fb293130689a483c.png,automatic-picture-transmission,real-old,legacy-automatic-picture-transmission-19x9,test,,
datasets/waterfall/automatic-picture-transmission/12fb336312453248afaf3518667aaceb48ebd77033f2ce3ce8990fbb72bb6cb9.png,automatic-picture-transmission,synthetic,automatic-picture-transmission-94730-0-0,test,automatic-picture-transmission,Classic
datasets/waterfall/automatic-picture-transmission/a7875d22218bb7090899a5f5a8e544e06bb66b6d1556eb50eb505891f7b30918.png,automatic-picture-transmission,synthetic,automatic-picture-transmission-66417-0-2,test,automatic-picture-transmission,Classic
datasets/waterfall/automatic-picture-transmission/6fa74c91541c4602758b3ab442a1f4747a4ce0bc4baef30e8f77ed9ec989ea83.png,automatic-picture-transmission,real-old,legacy-automatic-picture-transmission-29x6,test,,
datasets/waterfall/automatic-picture-transmission/eb09c4461f8ed74c6f7431aeab368e9cc725bada2c501c8ad770352ff659a5de.png,automatic-picture-transmission,synthetic,automatic-picture-transmission-1668-0-2,test,automatic-picture-transmission,Classic
datasets/waterfall/automatic-picture-transmission/1305e9a24c790470601267127a437a30ee8350a302ed968427effccf03dbcb2f.png,automatic-picture-transmission,synthetic,automatic-picture-transmission-1670-0-2,test,automatic-picture-transmission,Classic
datasets/waterfall/automatic-picture-transmission/98048e16c2b98cb5113af45b2d04c2665dce58cc786f72aec44b451318f3c576.png,automatic-picture-transmission,synthetic,automatic-picture-transmission-94730-0-2,test,automatic-picture-transmission,Classic
datasets/waterfall/automatic-picture-transmission/f176333c17b05d87dfa55383b9ccec6eb9ab646bab7f1a60eb171e976d68f6a3.png,automatic-picture-transmission,synthetic,automatic-picture-transmission-73311-0-2,test,automatic-picture-transmission,Classic
datasets/waterfall/automatic-picture-transmission/e76932743c3f278dafe16941ae899fd15028b2cf345b8c33440ee0198f3d979b.png,automatic-picture-transmission,synthetic,automatic-picture-transmission-50345-0-2,test,automatic-picture-transmission,Viridis
datasets/waterfall/automatic-picture-transmission/26266a07e6b254cd4e9f683fea999bb74910b3d9e9d2d0f96ea90d6d601bd3db.png,automatic-picture-transmission,synthetic,automatic-picture-transmission-44109-0-1,test,automatic-picture-transmission,Electric
datasets/waterfall/automatic-picture-transmission/36c50bd24c9e1353982e0f56f778ae0521abcc6899ff8c7a28cc5ac34ec89a89.png,automatic-picture-transmission,synthetic,automatic-picture-transmission-44108-0-0,val,automatic-picture-transmission,Classic Green
datasets/waterfall/automatic-picture-transmission/bdcb818ac2d8e0f55ec02d6ed75f63db312bfd8f69a159b58bd79ff93381a7f8.png,automatic-picture-transmission,real-old,legacy-automatic-picture-transmission-33x7,val,,
datasets/waterfall/automatic-picture-transmission/992d6b59e63f1cfc92cba25c9dbb931b62f2e8bcbf32493a84c5f5ab0218d5f0.png,automatic-picture-transmission,synthetic,automatic-picture-transmission-87303-0-1,val,automatic-picture-transmission,Classic
datasets/waterfall/automatic-picture-transmission/150828994c259f85cb3a90632e3357237b38c9eb66f7cecdc1463f5c07c8f5d4.png,automatic-picture-transmission,synthetic,automatic-picture-transmission-1668-0-1,val,automatic-picture-transmission,Classic
datasets/waterfall/automatic-picture-transmission/f365ac635e6f6d7c81d9e2eb272dbfac50bb97154717056a30adbd833d14338b.png,automatic-picture-transmission,synthetic,automatic-picture-transmission-87304-0-1,val,automatic-picture-transmission,Classic
datasets/waterfall/automatic-picture-transmission/a7041f7184f2d10d361e48ee739d53bc90022fb81d655b8a7315e039e5d635b4.png,automatic-picture-transmission,synthetic,automatic-picture-transmission-50343-0-1,val,automatic-picture-transmission,Temper Colors
datasets/waterfall/automatic-picture-transmission/bd4e16ade3b290e26b59d41695bfc62704fb9cd1525209daa8ff5db9b01753bf.png,automatic-picture-transmission,synthetic,automatic-picture-transmission-1668-0-0,val,automatic-picture-transmission,Classic
datasets/waterfall/automatic-picture-transmission/840c69a2f2216a3a73fb10a28cc42659ce8084dc8ef6b12bead802c00d1279a5.png,automatic-picture-transmission,real-old,legacy-automatic-picture-transmission-33x9,val,,
datasets/waterfall/automatic-picture-transmission/c332a485b70d6cc67c87b52c7b1f3439e73b6510aa07139b9b4e6b4d441bcb24.png,automatic-picture-transmission,synthetic,automatic-picture-transmission-83464-0-2,val,automatic-picture-transmission,Classic
datasets/waterfall/automatic-picture-transmission/a53ca9de14294dfe2ac6bbdb5f7cb4508f61f13a0c6ddd0128ad5e4d75accb2d.png,automatic-picture-transmission,synthetic,automatic-picture-transmission-87305-0-0,val,automatic-picture-transmission,Classic
datasets/waterfall/automatic-picture-transmission/0c54608a5d9510c09b09e308379a99f0e975aff841a4786a75b5a75ae5ee9ebf.png,automatic-picture-transmission,synthetic,automatic-picture-transmission-1669-0-0,val,automatic-picture-transmission,Classic
datasets/waterfall/automatic-picture-transmission/0a40c741a0a56499eaa2c05618d1606da0f9a044595661e81b7389c97002cfd9.png,automatic-picture-transmission,synthetic,automatic-picture-transmission-87303-0-2,val,automatic-picture-transmission,Classic
datasets/waterfall/automatic-picture-transmission/1a8599c0215fc11bcedfdd7c11e08ff87cf0305bb120b74da60cb097721b0278.png,automatic-picture-transmission,synthetic,automatic-picture-transmission-73312-0-0,val,automatic-picture-transmission,Classic
datasets/waterfall/automatic-picture-transmission/b72d2fc6aacba2e5622b83547bf0fdce29e87f018a2b6fbb85f20ba664c2aa9c.png,automatic-picture-transmission,synthetic,automatic-picture-transmission-87304-0-1,val,automatic-picture-transmission,Classic
datasets/waterfall/automatic-picture-transmission/db3e98178dba1587928358a0be6ebe04054c5cf906a5ce3fc3468f145b1c8f63.png,automatic-picture-transmission,synthetic,automatic-picture-transmission-94730-0-2,val,automatic-picture-transmission,Classic
datasets/waterfall/automatic-picture-transmission/620d0e95a52954baafeea4b0115399ef2fd582ac3057c9408e5ad2ac6d0e3cdd.png,automatic-picture-transmission,synthetic,automatic-picture-transmission-73311-0-2,val,automatic-picture-transmission,Classic
datasets/waterfall/automatic-picture-transmission/63b623825203584dd1058b1db5d3a7ce424668c4eedfee93eb4427afc76eb975.png,automatic-picture-transmission,synthetic,automatic-picture-transmission-66418-0-0,val,automatic-picture-transmission,Classic
datasets/waterfall/automatic-picture-transmission/0a4077b1ad6b5ba385975d5445dbb85d514322f78fae54863a4abac2826c3afd.png,automatic-picture-transmission,synthetic,automatic-picture-transmission-50345-0-1,val,automatic-picture-transmission,Viridis
datasets/waterfall/automatic-picture-transmission/e19d2b3815f85bc1aa83ca95b5b9b807b9c65057062574b7d341a7212da3e784.png,automatic-picture-transmission,synthetic,automatic-picture-transmission-44109-0-2,val,automatic-picture-transmission,Electric
datasets/waterfall/automatic-picture-transmission/717611279c76854233d40127e340b97d8b3d8dece5ee593909171de8c9bd6b26.png,automatic-picture-transmission,synthetic,automatic-picture-transmission-1670-0-1,val,automatic-picture-transmission,Classic
datasets/waterfall/automatic-picture-transmission/54ed18343204b040e424cccbe7171e945c3e7865e645d670cbcd8138e0991aac.png,automatic-picture-transmission,synthetic,automatic-picture-transmission-1669-0-1,val,automatic-picture-transmission,Classic
datasets/waterfall/automatic-picture-transmission/3100ecaa05e00a9ef7582bc985141abcdce62b5081a16050c6fbadadf7144f3a.png,automatic-picture-transmission,real-old,legacy-automatic-picture-transmission-37x9,val,,
datasets/waterfall/automatic-picture-transmission/07c993b3e0f5f1240192a324524e7e23dfe1b223710bdfc5aaee2cc2ceb918c1.png,automatic-picture-transmission,synthetic,automatic-picture-transmission-87304-0-2,val,automatic-picture-transmission,Classic
datasets/waterfall/automatic-picture-transmission/463c183d3a04ee77f11006cbe441a3c81e539109ceadd068e8f6961173e30eb6.png,automatic-picture-transmission,synthetic,automatic-picture-transmission-73311-0-0,val,automatic-picture-transmission,Classic
datasets/waterfall/automatic-picture-transmission/6b31b317ebba2384c1bbcfb261268bafc7aea665ea163b40d855b63cc804ed05.png,automatic-picture-transmission,synthetic,automatic-picture-transmission-50344-0-1,val,automatic-picture-transmission,Turbo
datasets/waterfall/automatic-picture-transmission/28ea1caba172808e8088425ed463dcd99372fdb9c437749f62eb1a8696615999.png,automatic-picture-transmission,synthetic,automatic-picture-transmission-83463-0-1,val,automatic-picture-transmission,Classic
datasets/waterfall/automatic-picture-transmission/1a2a80c2e9bc0024c9e19582d66d70d591e344759e2e379fe609d29d83cc2d9c.png,automatic-picture-transmission,synthetic,automatic-picture-transmission-73310-0-1,train,automatic-picture-transmission,Classic
datasets/waterfall/automatic-picture-transmission/de4a56bb8122e38ff576db116151f3f52a96ded0c5212acc23d171a45073bb45.png,automatic-picture-transmission,synthetic,automatic-picture-transmission-1667-0-1,train,automatic-picture-transmission,Classic
datasets/waterfall/automatic-picture-transmission/0ed18c47047656b631f7fd45d834ecfca7e9b69b6300be647c4dd424bfdb2879.png,automatic-picture-transmission,synthetic,automatic-picture-transmission-50343-0-0,train,automatic-picture-transmission,Temper Colors
datasets/waterfall/automatic-picture-transmission/0499f56e5d6d426bb2f1df178375f01aa4ba7ec58893b6b0f1f654ca921814a6.png,automatic-picture-transmission,synthetic,automatic-picture-transmission-94728-0-2,train,automatic-picture-transmission,Classic
datasets/waterfall/automatic-picture-transmission/4eec00b9de6c74d6f37df68574979c36048c8e1841c395b039c3cef3c4935f44.png,automatic-picture-transmission,synthetic,automatic-picture-transmission-83464-0-2,train,automatic-picture-transmission,Classic
datasets/waterfall/automatic-picture-transmission/b4b3a47e712948fc4f35983dd191280c936d11478a0f279297b189a37e04e240.png,automatic-picture-transmission,synthetic,automatic-picture-transmission-44108-0-2,train,automatic-picture-transmission,Classic Green
datasets/waterfall/automatic-picture-transmission/3f0582ad53052c82b5b7434b0fc85bd8bed9999a0dfdcc1baca94f89b0656841.png,automatic-picture-transmission,synthetic,automatic-picture-transmission-73311-0-1,train,automatic-picture-transmission,Classic
datasets/waterfall/automatic-picture-transmission/57299504e12dd8af5a172411b0e5325ba31b83c495df4f31c0f4570c5e91a918.png,automatic-picture-transmission,synthetic,automatic-picture-transmission-87303-0-0,train,automatic-picture-transmission,Classic
datasets/waterfall/automatic-picture-transmission/d110d9723033daf2fd7d10e155d237f94dbc12fef38bf3b0710d95fc6962f0dd.png,automatic-picture-transmission,synthetic,automatic-picture-transmission-94730-0-1,train,automatic-picture-transmission,Classic
datasets/waterfall/automatic-picture-transmission/1d4c2cc2a48f6701c1bd7fc833322fa079dabcecec9da8868967aec9cb61d0ca.png,automatic-picture-transmission,synthetic,automatic-picture-transmission-87305-0-0,train,automatic-picture-transmission,Classic
datasets/waterfall/automatic-picture-transmission/6a8ae4d7f8cd8d249d6af2aa1430eb5319b33c8e98205892175fa963192c0fca.png,automatic-picture-transmission,synthetic,automatic-picture-transmission-83463-0-0,train,automatic-picture-transmission,Classic
datasets/waterfall/automatic-picture-transmission/52395435130339c2f8eedb061fe8d21ff39582ec1fa2bc47cc4f11775ae2b8be.png,automatic-picture-transmission,synthetic,automatic-picture-transmission-1669-0-2,train,automatic-picture-transmission,Classic
datasets/waterfall/automatic-picture-transmission/be914dd24bf792cf2041c925cd77ea21fd9d35a13dcdab6524ea695cc76a6b81.png,automatic-picture-transmission,synthetic,automatic-picture-transmission-1667-0-2,train,automatic-picture-transmission,Classic
datasets/waterfall/automatic-picture-transmission/adf9f2bb41453c17c6d76702b9c947774b3bc3fd1380e0e2f8b8188b56fa5436.png,automatic-picture-transmission,synthetic,automatic-picture-transmission-50344-0-0,train,automatic-picture-transmission,Turbo
datasets/waterfall/automatic-picture-transmission/3668975d519671fd701b05633adc61401815b29529234974c118c2fd3625e16f.png,automatic-picture-transmission,real-old,legacy-automatic-picture-transmission-27x11,train,,
datasets/waterfall/automatic-picture-transmission/f07e8b462a9dcbcb2c0464ef224db7bb4b7b24a72a6ba79de636e2cb685e7171.png,automatic-picture-transmission,real-old,legacy-automatic-picture-transmission-27x11,train,,
datasets/waterfall/automatic-picture-transmission/bbb3098cfc2daec44953d07a94dde8dce1ac9ff02567f6ba06e5d79de056e1bb.png,automatic-picture-transmission,real-old,legacy-automatic-picture-transmission-27x11,train,,
datasets/waterfall/automatic-picture-transmission/eb72bdb6fb4e221b76129e0309b3af374a16394ddfc4df69f082e692d089b214.png,automatic-picture-transmission,synthetic,automatic-picture-transmission-1667-0-1,train,automatic-picture-transmission,Classic
datasets/waterfall/automatic-picture-transmission/393baea5e3c5344f38c2ff5ad3f8b9875d3d3897ee7f0f8d7d0ad137188f6686.png,automatic-picture-transmission,real-old,legacy-automatic-picture-transmission-18x8,train,,
datasets/waterfall/automatic-picture-transmission/5e4a51f0d1a33231eab2d75829fb552447166bb45a53444686ec36a9196504d0.png,automatic-picture-transmission,synthetic,automatic-picture-transmission-1668-0-1,train,automatic-picture-transmission,Classic
datasets/waterfall/automatic-picture-transmission/31eaefa708637a6ad8d9ab96bb6748f82cf62b82617ab7b1989d64a4bec31c89.png,automatic-picture-transmission,synthetic,automatic-picture-transmission-83463-0-2,train,automatic-picture-transmission,Classic
datasets/waterfall/automatic-picture-transmission/ae8a2417369022369347f864151e5a778e213a8fdd2d76dfeebbaaaf55ab5514.png,automatic-picture-transmission,synthetic,automatic-picture-transmission-44108-0-1,train,automatic-picture-transmission,Classic Green
datasets/waterfall/automatic-picture-transmission/0491b84044eda12a34570a8be805854bca522e495d401844d02c2bea3c8f8f69.png,automatic-picture-transmission,synthetic,automatic-picture-transmission-50345-0-0,train,automatic-picture-transmission,Viridis
datasets/waterfall/automatic-picture-transmission/4eded42c406acca12805cb6715f60a8a97ebb1f7a973c21651b762999c80a3f1.png,automatic-picture-transmission,real-old,legacy-automatic-picture-transmission-30x9,train,,
datasets/waterfall/automatic-picture-transmission/caebcb5333fc61ef9760428d1e35ce279c62671511eb3dff471d30217d451efa.png,automatic-picture-transmission,synthetic,automatic-picture-transmission-80172-0-2,train,automatic-picture-transmission,Classic
datasets/waterfall/automatic-picture-transmission/e04ded0405c9a90254e6704e8351119ddfc727d318881196bc68149397a83947.png,automatic-picture-transmission,real-old,legacy-automatic-picture-transmission-67x18,train,,
datasets/waterfall/automatic-picture-transmission/4af80a6349eba60acbdda94ffd2e9f6119eaf5e284d59e0ab596fc67d5292e80.png,automatic-picture-transmission,synthetic,automatic-picture-transmission-83464-0-1,train,automatic-picture-transmission,Classic
datasets/waterfall/automatic-picture-transmission/9affc7ac294a175ac1b57c971e171772e3661d04dd4b2a87e3a3afbea2976ac8.png,automatic-picture-transmission,synthetic,automatic-picture-transmission-66417-0-1,train,automatic-picture-transmission,Classic
datasets/waterfall/automatic-picture-transmission/cd9749d3450de94a1e44095b31290e677582a40b5e74f8b54ad9c53904b79d86.png,automatic-picture-transmission,synthetic,automatic-picture-transmission-83463-0-1,train,automatic-picture-transmission,Classic
datasets/waterfall/automatic-picture-transmission/45e5f5b5a3a1ecfa272c94153d05d85887057968df534d7d67de73d41f0b46e6.png,automatic-picture-transmission,synthetic,automatic-picture-transmission-94730-0-1,train,automatic-picture-transmission,Classic
datasets/waterfall/automatic-picture-transmission/b3dc5706f728b47f7b7c63cfb6796221ebe10adf2201b9e4aea055e23f68a9d0.png,automatic-picture-transmission,synthetic,automatic-picture-transmission-87304-0-0,train,automatic-picture-transmission,Classic
datasets/waterfall/automatic-picture-transmission/8a6cfe19f5982d245fc8a8e6b232eea1fb630c0ff97f7b54f26f5d25b1da1e5f.png,automatic-picture-transmission,synthetic,automatic-picture-transmission-73312-0-0,train,automatic-picture-transmission,Classic
datasets/waterfall/automatic-picture-transmission/f2a1efd35c35257f33eb1ab4fbb634789c969b9fa19713396fb3495718625faa.png,automatic-picture-transmission,synthetic,automatic-picture-transmission-66417-0-1,train,automatic-picture-transmission,Classic
datasets/waterfall/automatic-picture-transmission/d04cba7eac6477c84faad94cc7ffe202ae98edd0ad5a265bc89ff330e0d0608f.png,automatic-picture-transmission,synthetic,automatic-picture-transmission-66417-0-0,train,automatic-picture-transmission,Classic
datasets/waterfall/automatic-picture-transmission/c46adde85e7803eb7f8347f003d636a2779afaf1f36a1241edded099c37b0149.png,automatic-picture-transmission,real-old,legacy-automatic-picture-transmission-27x11,train,,
datasets/waterfall/automatic-picture-transmission/e1f81ac20307e615c6d9dbedc0b58831ed9b3ba75e95bb970be72986632a0cd6.png,automatic-picture-transmission,synthetic,automatic-picture-transmission-73312-0-2,train,automatic-picture-transmission,Classic
datasets/waterfall/automatic-picture-transmission/69113645e611dea64afd0c66cfaf82463f379b11e67cd87316cc3a6efae4a836.png,automatic-picture-transmission,synthetic,automatic-picture-transmission-94729-0-0,train,automatic-picture-transmission,Classic
datasets/waterfall/automatic-picture-transmission/d3b1dd7e7e74d2f3c398b14d8b078ec7380468e80e225c7147a80df6ecfa663a.png,automatic-picture-transmission,synthetic,automatic-picture-transmission-66416-0-2,train,automatic-picture-transmission,Classic
datasets/waterfall/automatic-picture-transmission/3e516ef1915d1bb21dc73b45d7165b45ac955bb08867d5dc5c382318b67ce284.png,automatic-picture-transmission,synthetic,automatic-picture-transmission-66416-0-1,train,automatic-picture-transmission,Classic
datasets/waterfall/automatic-picture-transmission/a51e21d1360fd37ca347a276062d5aeb013a033c7fedda40e95fc523cbc14c81.png,automatic-picture-transmission,synthetic,automatic-picture-transmission-66416-0-0,train,automatic-picture-transmission,Classic
datasets/waterfall/automatic-picture-transmission/85cd3b1fb5d360eb474a145a4efa5ed4e56e6b48e1752b31c518dcd82fcb69e2.png,automatic-picture-transmission,real-old,legacy-automatic-picture-transmission-27x11,train,,
datasets/waterfall/automatic-picture-transmission/2e693a31ad9acf1723913c03ba6bc1528bc22be96e719f89756b93929dd72acd.png,automatic-picture-transmission,synthetic,automatic-picture-transmission-73310-0-0,train,automatic-picture-transmission,Classic
datasets/waterfall/automatic-picture-transmission/c752bf8d9d74d3d8b5960674dd91658c51204c155c7c453f93536999e2aed733.png,automatic-picture-transmission,real-old,legacy-automatic-picture-transmission-19x9,train,,
datasets/waterfall/automatic-picture-transmission/c514dda841e07cb87453a29a482237fa616495f20d27b21773f92ce44d9810f8.png,automatic-picture-transmission,synthetic,automatic-picture-transmission-94729-0-1,train,automatic-picture-transmission,Classic
datasets/waterfall/automatic-picture-transmission/907b2bf962147d2e19f3ad42954aa9ebed129e320d00983b181363dbac57c69e.png,automatic-picture-transmission,real-old,legacy-automatic-picture-transmission-27x11,train,,
datasets/waterfall/automatic-picture-transmission/5c69ead0ea488b1ad67e9190ca099bbbf18f765aefa387c3bd50a24cf1777c7a.png,automatic-picture-transmission,synthetic,automatic-picture-transmission-44110-0-0,train,automatic-picture-transmission,GQRX
datasets/waterfall/automatic-picture-transmission/c795e7675d41b72e9145fb1380dd5698f23200a74b055d6cf3dec5318b083225.png,automatic-picture-transmission,synthetic,automatic-picture-transmission-73310-0-2,train,automatic-picture-transmission,Classic
datasets/waterfall/automatic-picture-transmission/55d6d61a8ee36178528ead19edadacdc9ec2e188b36dd6eecf5e07802de0960a.png,automatic-picture-transmission,real-old,legacy-automatic-picture-transmission-19x9,train,,
datasets/waterfall/automatic-picture-transmission/03605f1f9e7dc525bd4a5e9cee69870d1920257d7f9078c4b654c04cb689c119.png,automatic-picture-transmission,synthetic,automatic-picture-transmission-66418-0-1,train,automatic-picture-transmission,Classic
datasets/waterfall/automatic-picture-transmission/482dffff45b95c24f6ac1814b838c9f43f86610411b06b07fb46457acd272487.png,automatic-picture-transmission,synthetic,automatic-picture-transmission-87305-0-2,train,automatic-picture-transmission,Classic
datasets/waterfall/automatic-picture-transmission/a64a4f5abab5d5b29935740c1416e54ee50a9f1955da4c2fd8d673410523e0bf.png,automatic-picture-transmission,real-old,legacy-automatic-picture-transmission-27x11,train,,
datasets/waterfall/automatic-picture-transmission/b279a9cb6e9f0c28cd5c9b062dd7b754f148d6c739a0f4fbcb9f98ba786d2608.png,automatic-picture-transmission,real-old,legacy-automatic-picture-transmission-30x9,train,,
datasets/waterfall/automatic-picture-transmission/df4f129d4518a34399634dcbd59109a5f079872d51c551d6c93ea8154c02f892.png,automatic-picture-transmission,synthetic,automatic-picture-transmission-1669-0-2,train,automatic-picture-transmission,Classic
datasets/waterfall/automatic-picture-transmission/f62a34f752daf7cb5a124e6a8fefd53a0f0cc169dbb943df52da68b2a6eabe28.png,automatic-picture-transmission,real-old,legacy-automatic-picture-transmission-27x11,train,,
datasets/waterfall/automatic-picture-transmission/9a1729a0faed3e0d1186671f7f2b7d869764c7d2c988b82980ffac6a5668b23f.png,automatic-picture-transmission,synthetic,automatic-picture-transmission-87305-0-1,train,automatic-picture-transmission,Classic
datasets/waterfall/automatic-picture-transmission/31d15313a9e540d38caaf4188ae70c1e0c240a7639e2de92799c2a0ed8ee2776.png,automatic-picture-transmission,synthetic,automatic-picture-transmission-73310-0-0,train,automatic-picture-transmission,Classic
datasets/waterfall/automatic-picture-transmission/4da426627f13199945f1f7e772b521a2ac28ded2be24adb075a870b7d236ba24.png,automatic-picture-transmission,synthetic,automatic-picture-transmission-66417-0-2,train,automatic-picture-transmission,Classic
datasets/waterfall/automatic-picture-transmission/0d0f5f24c62acc265c28ab664a20cd0f4e1cd9926110ca81c63280190473ef5d.png,automatic-picture-transmission,synthetic,automatic-picture-transmission-1669-0-0,train,automatic-picture-transmission,Classic
datasets/waterfall/automatic-picture-transmission/6ae74dd461bc9ff7b73ef686e28916a436f51f8c04ae91dde63680bb5a79be46.png,automatic-picture-transmission,synthetic,automatic-picture-transmission-87303-0-2,train,automatic-picture-transmission,Classic
datasets/waterfall/automatic-picture-transmission/6240bcb998f103fad804cf26cde7bba4e4170e1ec2cac828c632593f9bced5f0.png,automatic-picture-transmission,synthetic,automatic-picture-transmission-66418-0-0,train,automatic-picture-transmission,Classic
datasets/waterfall/automatic-picture-transmission/12e84f537f6c35aa5d96a2b7a4c2f21e381c23da8c3f4eda7f9e12c6eb9cdcba.png,automatic-picture-transmission,synthetic,automatic-picture-transmission-1670-0-0,train,automatic-picture-transmission,Classic
datasets/waterfall/automatic-picture-transmission/8bb6c9f730266cc05781c3c09d17e442b2def9b0bb455094b0d645181a1755c2.png,automatic-picture-transmission,real-old,legacy-automatic-picture-transmission-29x9,train,,
datasets/waterfall/automatic-picture-transmission/93bb6be7adcea4e853ba39ed150c313e9cbb4aa56e8dc358dce2d4f3cd639b9b.png,automatic-picture-transmission,synthetic,automatic-picture-transmission-80172-0-2,train,automatic-picture-transmission,Classic
datasets/waterfall/automatic-picture-transmission/f6393df1adf66a93c5300ae4abbcf3f6f68d55bcd4f72efd6da2eab6feaf9f62.png,automatic-picture-transmission,synthetic,automatic-picture-transmission-94729-0-0,train,automatic-picture-transmission,Classic
datasets/waterfall/automatic-picture-transmission/e9c112689a5d77a7e40743cca75a2cabe3c01aaf08d02199f5049198113bf1c0.png,automatic-picture-transmission,synthetic,automatic-picture-transmission-73312-0-1,train,automatic-picture-transmission,Classic
datasets/waterfall/automatic-picture-transmission/2f6fcc196be5969be82e89d4dc93c58fef5acdc21710bbe41fd661ca70b37c14.png,automatic-picture-transmission,synthetic,automatic-picture-transmission-66418-0-1,train,automatic-picture-transmission,Classic
datasets/waterfall/automatic-picture-transmission/155f53498c7823dcab5f421a5ef8058b1daaeb40fe32f91685ad017d52988423.png,automatic-picture-transmission,real-old,legacy-automatic-picture-transmission-27x11,train,,
datasets/waterfall/automatic-picture-transmission/f57212c6c2a51d87687d0eb66ddf13bb185eaecaa1bcfeb5c47905df53eccfee.png,automatic-picture-transmission,real-old,legacy-automatic-picture-transmission-15x3,train,,
datasets/waterfall/automatic-picture-transmission/107da80e02d5f8b5bb609372736ec89eeb8db0ff8b293e1b774ee0f2a984f176.png,automatic-picture-transmission,synthetic,automatic-picture-transmission-94728-0-2,train,automatic-picture-transmission,Classic
datasets/waterfall/automatic-picture-transmission/9e9c3d9a8f3470af716135a0631e8a7f8eae4da345534b0a49e8aca1622fba53.png,automatic-picture-transmission,synthetic,automatic-picture-transmission-83463-0-0,train,automatic-picture-transmission,Classic
datasets/waterfall/automatic-picture-transmission/e5e813a625bdfcab0227dae69568396c9e3ea64a096bc2a8ae2b17659eb3216e.png,automatic-picture-transmission,synthetic,automatic-picture-transmission-50343-0-2,train,automatic-picture-transmission,Temper Colors
datasets/waterfall/automatic-picture-transmission/b12e90cf21fe0b72c9dbdb18599c12b5de5368b818dab356f2b85aa2f6e7f1fd.png,automatic-picture-transmission,synthetic,automatic-picture-transmission-1668-0-0,train,automatic-picture-transmission,Classic
datasets/waterfall/automatic-picture-transmission/5edd0892bdf8b2825abee7b704de69d7fbb511267533d5d17a06ee754263cb4d.png,automatic-picture-transmission,synthetic,automatic-picture-transmission-94729-0-1,train,automatic-picture-transmission,Classic
datasets/waterfall/automatic-picture-transmission/f7d43b2db74c6467e2f53d244b01fe4fc61e7334835f81161ea652b6b14f0b7b.png,automatic-picture-transmission,synthetic,automatic-picture-transmission-1670-0-1,train,automatic-picture-transmission,Classic
datasets/waterfall/automatic-picture-transmission/9e98c2508de41195720b607101ce154014c38abb7ba562a9ad317a7677325461.png,automatic-picture-transmission,synthetic,automatic-picture-transmission-66417-0-0,train,automatic-picture-transmission,Classic
datasets/waterfall/automatic-picture-transmission/8f1fc9ddb00c7ba30c16ec42ff118a0ed2fd128f84cf144dba6cabb5835feb92.png,automatic-picture-transmission,real-old,legacy-automatic-picture-transmission-18x8,train,,
datasets/waterfall/automatic-picture-transmission/0d172bd542dad0d172e36d4ca0b87ec55c180e738d2b833d68b818b58db427aa.png,automatic-picture-transmission,synthetic,automatic-picture-transmission-87305-0-2,train,automatic-picture-transmission,Classic
datasets/waterfall/automatic-picture-transmission/2bd96628feee35ae35079987d8aea3ca360b1857f281e5b2d2e6a9293d174af3.png,automatic-picture-transmission,synthetic,automatic-picture-transmission-1668-0-2,train,automatic-picture-transmission,Classic
datasets/waterfall/automatic-picture-transmission/7387b84cda901e7f37804cb49a18052806fe9ef3d091db5c8c467c4f0efe43d5.png,automatic-picture-transmission,synthetic,automatic-picture-transmission-87304-0-0,train,automatic-picture-transmission,Classic
datasets/waterfall/automatic-picture-transmission/a4dcd48f025b7cce3890d6fefd22785f32f96081e49941872e6cc30127f3c79e.png,automatic-picture-transmission,synthetic,automatic-picture-transmission-66418-0-2,train,automatic-picture-transmission,Classic
datasets/waterfall/automatic-picture-transmission/1c302b0f68f4553f2af7aa954b1d2a3fb80b8965e1b9658501bea648f5229754.png,automatic-picture-transmission,synthetic,automatic-picture-transmission-94728-0-0,train,automatic-picture-transmission,Classic
datasets/waterfall/automatic-picture-transmission/7262b5cf026ac677bc48515a3da137819412258c829701854e0093b55b519b69.png,automatic-picture-transmission,real-old,legacy-automatic-picture-transmission-18x8,train,,
datasets/waterfall/automatic-picture-transmission/e57810082df206a63c079c3277d53c711a7ff67efa5189843f4130a3e7c41514.png,automatic-picture-transmission,synthetic,automatic-picture-transmission-1667-0-2,train,automatic-picture-transmission,Classic
datasets/waterfall/automatic-picture-transmission/069da16b87762f18ab696b1828ac409f5e4f9de9a3393ee80237fddc58a06324.png,automatic-picture-transmission,real-old,legacy-automatic-picture-transmission-18x8,train,,
datasets/waterfall/automatic-picture-transmission/7e0c98264a0b20ff7f7e96e7d3dc4652b0dcd1ed9f5bfb0b6c3b6ee77d99b5f2.png,automatic-picture-transmission,synthetic,automatic-picture-transmission-301-0-0,train,automatic-picture-transmission,Classic
datasets/waterfall/automatic-picture-transmission/2d91b584122752a2a7b356577b25aa64f15daf88bacbe3bd4a18cf8fe0714910.png,automatic-picture-transmission,synthetic,automatic-picture-transmission-50344-0-2,train,automatic-picture-transmission,Turbo
datasets/waterfall/automatic-picture-transmission/1890c9b6b62465ca0a7ea9b81165ac775677f8ac2cd49e9d6f87d746bb48030b.png,automatic-picture-transmission,real-old,legacy-automatic-picture-transmission-7x15,train,,
datasets/waterfall/automatic-picture-transmission/003bbdfcd1fa191047684d3cefc1b582f6324612c13f84c19552f4a7780f7962.png,automatic-picture-transmission,synthetic,automatic-picture-transmission-73311-0-0,train,automatic-picture-transmission,Classic
datasets/waterfall/automatic-picture-transmission/0b8bfeea0b881f9efe2eee59d088dfe3b3b07a53d770e7ae457c297f50b09edb.png,automatic-picture-transmission,synthetic,automatic-picture-transmission-83463-0-2,train,automatic-picture-transmission,Classic
datasets/waterfall/automatic-picture-transmission/c96b0223114762b1bd8f1c60939e3eb1a1b56e094c2f4d4a6cdab375a47e69a6.png,automatic-picture-transmission,real-old,legacy-automatic-picture-transmission-7x15,train,,
datasets/waterfall/automatic-picture-transmission/55e214cfe4701e26c500d0b226fc479f1c1609c389c90101406b734cad0af1c2.png,automatic-picture-transmission,real-old,legacy-automatic-picture-transmission-21x9,train,,
datasets/waterfall/automatic-picture-transmission/99dad41675b97a53aa477534195392203d63d6829f2969cabd275cee2309063d.png,automatic-picture-transmission,synthetic,automatic-picture-transmission-87304-0-2,train,automatic-picture-transmission,Classic
datasets/waterfall/automatic-picture-transmission/16ddc1a3115a4357516f29f45e9bf4cc97dd6bb9f940d9178cc95f4418fb8e93.png,automatic-picture-transmission,real-old,legacy-automatic-picture-transmission-27x11,train,,
datasets/waterfall/automatic-picture-transmission/3af2b7274ac0e1faf96e181ae3a807a60bf883446b81fc4f013eb23fd997698e.png,automatic-picture-transmission,real-old,legacy-automatic-picture-transmission-27x11,train,,
datasets/waterfall/automatic-picture-transmission/4362e67959d327543c0e6dda6566804486e4026cd856046e9ad671e19416b825.png,automatic-picture-transmission,synthetic,automatic-picture-transmission-94728-0-0,train,automatic-picture-transmission,Classic
datasets/waterfall/automatic-picture-transmission/981e9850d692bb2a89a34a35ed8caf7e712a3828d397fe78b0c1195f4dae1c69.png,automatic-picture-transmission,real-old,legacy-automatic-picture-transmission-27x11,train,,
datasets/waterfall/automatic-picture-transmission/7664e63545867d4bcfcd647c3350a7e8200416f3649078bf331532548cbc8a7a.png,automatic-picture-transmission,synthetic,automatic-picture-transmission-83464-0-0,train,automatic-picture-transmission,Classic
datasets/waterfall/automatic-picture-transmission/f910fc30ab3a1f36fa863ad33a0d20062c8458e68e6f69f7655dcbf923d3d945.png,automatic-picture-transmission,real-old,legacy-automatic-picture-transmission-27x11,train,,
datasets/waterfall/automatic-picture-transmission/17674eb17496b6fd5f71545f99e0b0bb3869062c34dcd17de9a10040ae886b3d.png,automatic-picture-transmission,synthetic,automatic-picture-transmission-94728-0-1,train,automatic-picture-transmission,Classic
datasets/waterfall/automatic-picture-transmission/467a112d2f74333f3c47daba7b08aa4127f8d8594b0f6e13da75111d9bbc2f8f.png,automatic-picture-transmission,real-old,legacy-automatic-picture-transmission-27x11,train,,
datasets/waterfall/automatic-picture-transmission/1d1b9afa27c8246a8173ec32af2e30b43d61628d285ddba250f84ccbab7f9291.png,automatic-picture-transmission,synthetic,automatic-picture-transmission-94729-0-2,train,automatic-picture-transmission,Classic
datasets/waterfall/automatic-picture-transmission/2cd7b67d3eb1b7ca40bded823de799a14dd5a57f9a7969fb34d03c2e46b6d758.png,automatic-picture-transmission,synthetic,automatic-picture-transmission-44107-0-2,train,automatic-picture-transmission,WebSDR
datasets/waterfall/automatic-picture-transmission/e7c0b3cf61ba0bc7ed4a2ea3a23262242608adb96f59663130a6a3b09d0265c8.png,automatic-picture-transmission,synthetic,automatic-picture-transmission-1670-0-2,train,automatic-picture-transmission,Classic
datasets/waterfall/automatic-picture-transmission/ad9e639f309130068a02dea242d4cee7769ce31a2d78d5a31b08f455cdb3f152.png,automatic-picture-transmission,synthetic,automatic-picture-transmission-80172-0-0,train,automatic-picture-transmission,Classic
datasets/waterfall/automatic-picture-transmission/1f72e643dbe691cca02fdfa1bd17324304e9fe6509c982ac6a45c2784fc0a9cf.png,automatic-picture-transmission,real-old,legacy-automatic-picture-transmission-33x6,train,,
datasets/waterfall/automatic-picture-transmission/f5c0d0bb5d08baa5607fca6b533b046c6812fde63f716fd7856e7958f6eff0a2.png,automatic-picture-transmission,synthetic,automatic-picture-transmission-94729-0-2,train,automatic-picture-transmission,Classic
datasets/waterfall/automatic-picture-transmission/ba858a00fd945c1c7a4b20e9360bef829211aed1d346a8dc99714e4c5e7cdb8a.png,automatic-picture-transmission,synthetic,automatic-picture-transmission-94728-0-1,train,automatic-picture-transmission,Classic
datasets/waterfall/automatic-picture-transmission/b3b4b46c9f1d36bb057677e0762aaa4320c65c30a9b608aaae90f267be85b655.png,automatic-picture-transmission,synthetic,automatic-picture-transmission-73310-0-2,train,automatic-picture-transmission,Classic
datasets/waterfall/automatic-picture-transmission/93f5a14435656f1ae6808456170bbaff457352c321def620d6a28ee93906db45.png,automatic-picture-transmission,synthetic,automatic-picture-transmission-80172-0-1,train,automatic-picture-transmission,Classic
datasets/waterfall/automatic-picture-transmission/39cbbf68e9c7b7b0af3eb6f558d3e237f0638436decd11396e40905fe82090c3.png,automatic-picture-transmission,synthetic,automatic-picture-transmission-44107-0-0,train,automatic-picture-transmission,WebSDR
datasets/waterfall/automatic-picture-transmission/13bac315333e0a022c375994b52f285dd7d2b8381c58ac8143f078e862a287fd.png,automatic-picture-transmission,synthetic,automatic-picture-transmission-44110-0-1,train,automatic-picture-transmission,GQRX
datasets/waterfall/automatic-picture-transmission/ecccbe0ae8fbf1b6cd467065d75d9200a1d17da9a3f0b4a0a266c3e81a1d935f.png,automatic-picture-transmission,synthetic,automatic-picture-transmission-80172-0-1,train,automatic-picture-transmission,Classic
datasets/waterfall/automatic-picture-transmission/8cbf68b38f26f985e2abdc0b3c6bfbd186430c2021f8ec3257967661d1273e14.png,automatic-picture-transmission,real-old,legacy-automatic-picture-transmission-27x7,train,,
datasets/waterfall/automatic-picture-transmission/ed124c19bc6b47d1eeca16840dcf060c9baa6730dcf2069d899af23a8b291bd4.png,automatic-picture-transmission,synthetic,automatic-picture-transmission-1667-0-0,train,automatic-picture-transmission,Classic
datasets/waterfall/automatic-picture-transmission/7ec9135a39edaeda432804245e96191258cd70052ac6ca8ee1132ef3b30529fa.png,automatic-picture-transmission,synthetic,automatic-picture-transmission-87303-0-1,train,automatic-picture-transmission,Classic
datasets/waterfall/automatic-picture-transmission/b5ab7d9320fd6b8a91abbd7578f86f53d8abec5ef17391b0cc04d08467e3a1a8.png,automatic-picture-transmission,synthetic,automatic-picture-transmission-66418-0-2,train,automatic-picture-transmission,Classic
datasets/waterfall/automatic-picture-transmission/d1fa6e33e686c4221f6733f963fd8f2ee70604cdbddddee8d1ffce067b77dfbc.png,automatic-picture-transmission,synthetic,automatic-picture-transmission-44110-0-2,train,automatic-picture-transmission,GQRX
datasets/waterfall/automatic-picture-transmission/0bd2953d60380295403c50e909488e56e056441021fb34bb2fc9143412a6b658.png,automatic-picture-transmission,synthetic,automatic-picture-transmission-44109-0-0,train,automatic-picture-transmission,Electric
datasets/waterfall/automatic-picture-transmission/0e0cbb42a1333d93c30d3944cca682256dc886f68318bd4a4c675a1ab4aef6b4.png,automatic-picture-transmission,synthetic,automatic-picture-transmission-73310-0-1,train,automatic-picture-transmission,Classic
datasets/waterfall/bluetooth/d81dc5f8b2bff8b00e5fea6d9f42a4304429f81b7ca52fa62d6e7950e8d2ef38.png,bluetooth,real-ota,bluetooth-esp32-2481000000,test,,Vivid
datasets/waterfall/bluetooth/56772450e0417b0e4fa49067271404d5b0de95fedc1c1fdb6033655aa834ed02.png,bluetooth,real-ota,bluetooth-esp32-2479500000,test,,Classic
datasets/waterfall/bluetooth/020a352fe70038597853e9c2f48655a608fff6a8401e5d37352c2152ef8fd776.png,bluetooth,real-ota,bluetooth-esp32-2480000000,test,,Classic
datasets/waterfall/bluetooth/ac416b35ac5ab1b961b6b239acefd86efdde707ec1299a734ca3d43b851acb7a.png,bluetooth,real-old,legacy-bluetooth-18x8,test,,
datasets/waterfall/bluetooth/7290ced5c5f96adfa7212e8c1c6d53b913967bcf18a4009ed945c8245309a0d1.png,bluetooth,real-old,legacy-bluetooth-39x11,test,,
datasets/waterfall/bluetooth/6fd281a947b67060139c0de9f4b7760e45484f0b99253dda36f47176197d570d.png,bluetooth,real-old,legacy-bluetooth-33x12,test,,
datasets/waterfall/bluetooth/71c498cdb59d6bd00f69cd47cf08cfc8986da65e4f78ef90efa194244a1a0f19.png,bluetooth,real-old,legacy-bluetooth-19x8,test,,
datasets/waterfall/bluetooth/2f1f2fca6d51671dce714fe6b372350cc2da04d184afcbd7c2565cbc9a1b2d42.png,bluetooth,real-ota,bluetooth-esp32-2479500000,test,,Classic
datasets/waterfall/bluetooth/f38ddcfed1786ce45983ca59a291b0a1b0c2b59de400493e5e98e5343316a41d.png,bluetooth,real-ota,bluetooth-esp32-2480000000,test,,Classic
datasets/waterfall/bluetooth/10cbad332d5af21ad378a10fef36efc5bfb54d7df20d461f83c362bc6be6f3a8.png,bluetooth,real-ota,bluetooth-esp32-2481000000,test,,Classic
datasets/waterfall/bluetooth/5c22a55039e90f55ddadd4b32b3d90b6a819e00c68b24c63887468d5053c2709.png,bluetooth,real-ota,bluetooth-esp32-2480500000,test,,Classic
datasets/waterfall/bluetooth/fbd13713db9c02c7f70ca039f9f93d28b432e5cf88dcf26518455d3bfa514a3a.png,bluetooth,synthetic,bluetooth-50345-0-1,test,bluetooth,Magma
datasets/waterfall/bluetooth/70a044af604a91a2eda06a04f13dc78b70ec38f19cfa26ab21c9d8c6487f7be5.png,bluetooth,synthetic,bluetooth-50343-0-0,test,bluetooth,Grey Scale
datasets/waterfall/bluetooth/cf0cb154867d8d5707f12e0049108140ca58ee1cb26a631c205dc8c819808309.png,bluetooth,real-old,legacy-bluetooth-39x11,test,,
datasets/waterfall/bluetooth/0ec6b6d9d36487cc38e59bcc792ee15cbed4db963a3d898ce6f350075d6f9c3f.png,bluetooth,real-ota,bluetooth-esp32-2480000000,test,,Classic
datasets/waterfall/bluetooth/bb6e1aa3ba6ec73d012d0bf4924b04830c9e638ec8e552fdaecdecee2205f017.png,bluetooth,real-old,legacy-bluetooth-19x9,test,,
datasets/waterfall/bluetooth/196b4d7afcbe5e78e04c79f3f08eb464ef6e786d4ed3c6fcdd973e7232005d15.png,bluetooth,real-ota,bluetooth-esp32-2480000000,test,,Classic
datasets/waterfall/bluetooth/b0683d31baab85cc59ede80dc37160188054791dd8f5af69808851dff55e57fb.png,bluetooth,real-old,legacy-bluetooth-39x11,test,,
datasets/waterfall/bluetooth/a679ed25b82b165fce76d3b68c167cdf38e25f702a1b644b52f5dfae684ebb6b.png,bluetooth,real-old,legacy-bluetooth-18x9,test,,
datasets/waterfall/bluetooth/8c2c58bcda863861a35ccd205849633721201a8fd189772fcef02f1a55b7eb19.png,bluetooth,real-ota,bluetooth-esp32-2480500000,test,,Classic
datasets/waterfall/bluetooth/be092e3d7fafb8c84a8a5b18e99ee8a7f5e92b565a88b0ce3d90222b80fd3c75.png,bluetooth,real-old,legacy-bluetooth-33x12,test,,
datasets/waterfall/bluetooth/2de60cedd8838d618d2218c977f6824b9f579eabfe284723a5dfe3d318dcc1b2.png,bluetooth,real-old,legacy-bluetooth-39x11,val,,
datasets/waterfall/bluetooth/1ab503f71a802930bcef7f1cd41468807be9c66c0a5e89cf0c4ed791bf12f80a.png,bluetooth,real-ota,bluetooth-esp32-2479500000,val,,Turbo
datasets/waterfall/bluetooth/db19c589a25ea14429dedac148691355dfa7f757a8f58f52b2af2a1850cd21bb.png,bluetooth,real-ota,bluetooth-esp32-2480000000,val,,Classic
datasets/waterfall/bluetooth/47944b447bbc5b1bfefec5d15d862d25d3121f1e35cdb64a88f5a0d23d463267.png,bluetooth,real-old,legacy-bluetooth-39x11,val,,
datasets/waterfall/bluetooth/9fcf2475618b1171792651c6c8fa9d6d671c41128bd6825398526811ae287dbc.png,bluetooth,real-ota,bluetooth-esp32-2480000000,val,,Classic
datasets/waterfall/bluetooth/750a176b203cb4da4554bca3d85239d375e5d1a4f7924f983605985ab3dcf9cc.png,bluetooth,real-ota,bluetooth-esp32-2481000000,val,,Classic
datasets/waterfall/bluetooth/a8c45bfe5f7cc9574b929d056fa75d33e3bb91999c2008e6ae98b93dbfb1ee31.png,bluetooth,real-ota,bluetooth-esp32-2480000000,val,,Classic
datasets/waterfall/bluetooth/7c6feca180904c90a9aba2844e78072f00fb5ea32e06913cbb83f0edd6283c66.png,bluetooth,real-old,legacy-bluetooth-19x9,val,,
datasets/waterfall/bluetooth/e7a868890695299e2296c7ccbfcca4c76cff9ff5aea77cd1b51a3f19a375ed2d.png,bluetooth,real-ota,bluetooth-esp32-2481000000,val,,Classic
datasets/waterfall/bluetooth/1657a0e41aef3b5356fd35be0154b4cbbb77d8c8d60aca43859f654d0c12495b.png,bluetooth,real-ota,bluetooth-esp32-2479500000,val,,Turbo
datasets/waterfall/bluetooth/ca6a43951a43816f7fdfd48043bc53df52513762ecb8885f3a0d5577bff5bb35.png,bluetooth,real-ota,bluetooth-esp32-2479500000,val,,Classic
datasets/waterfall/bluetooth/deb931b170aa29765744424af0cf4a6750b75a95a01a93fc9fcef812cff59d84.png,bluetooth,real-old,legacy-bluetooth-23x11,val,,
datasets/waterfall/bluetooth/3b9e6505b29e7d92bd3b333149adccea36dd97c48e700be39b142a59c1f3da3a.png,bluetooth,real-ota,bluetooth-esp32-2480500000,val,,Classic
datasets/waterfall/bluetooth/6b72bfc36fdfcd72a662b6a73bf7ea02dd44f6f9809305b4b6e86d99b7f55705.png,bluetooth,real-old,legacy-bluetooth-32x7,val,,
datasets/waterfall/bluetooth/b7ce39a6f756ba0e256f724b2f70f3b44c6570f09112109bfa9ce6830fc96afc.png,bluetooth,real-old,legacy-bluetooth-23x12,val,,
datasets/waterfall/bluetooth/dd2d7cfe429c1026c89f7b378b024817d7fe6db5c217a4a32356555d69cac7af.png,bluetooth,real-ota,bluetooth-esp32-2481000000,val,,Vivid
datasets/waterfall/bluetooth/4169a04ce58eee1d4563696ab7ce1dd7672aa55b132cc27e594be404e9148bd0.png,bluetooth,real-old,legacy-bluetooth-39x11,val,,
datasets/waterfall/bluetooth/af4d15dced00a40198be31059c083c74a8016987c907a10eb0604ebdb8aaa918.png,bluetooth,real-old,legacy-bluetooth-39x11,val,,
datasets/waterfall/bluetooth/3991c6535c5c4c99cef6c3564db90e41194de26861aeb3b2fa15d29a50d3b07e.png,bluetooth,real-old,legacy-bluetooth-39x11,val,,
datasets/waterfall/bluetooth/836c8486c9d3a4813af574f6694dfab4dd704c423bab723e28a3cff37be7ee0e.png,bluetooth,synthetic,bluetooth-50344-0-2,val,bluetooth,Inferno
datasets/waterfall/bluetooth/7bc04264b20ef211f86604a45d8fdc8b308007a7f3b6abbb375646a694364467.png,bluetooth,real-old,legacy-bluetooth-31x9,val,,
datasets/waterfall/bluetooth/f27d74404b848c669a554042769bef79a13045ba168db1a1ba3dabf2613c2a2d.png,bluetooth,real-old,legacy-bluetooth-39x11,train,,
datasets/waterfall/bluetooth/2436c702d00c7d981fe857b88878252ed5ccb3ff70dd62f3f0acbc6e2e5d941e.png,bluetooth,real-ota,bluetooth-esp32-2480000000,train,,Classic
datasets/waterfall/bluetooth/840cfaf9941c27e9a1dc6e463468155bc915892bf4df9a2846b3558d4b85db09.png,bluetooth,real-old,legacy-bluetooth-7x7,train,,
datasets/waterfall/bluetooth/edd5f8c6bc54f2930b185b6386e692fa1ba642f72e62819f022bf168534693c6.png,bluetooth,real-old,legacy-bluetooth-33x12,train,,
datasets/waterfall/bluetooth/5c3b24e0f38137b4c315b8216510a6787180206176739fabd2b17ed546c333c7.png,bluetooth,real-ota,bluetooth-esp32-2480500000,train,,Classic
datasets/waterfall/bluetooth/4399efaef41256f617387aa75a72766b09cf877d2fe6682ea62633c644b85168.png,bluetooth,real-old,legacy-bluetooth-39x11,train,,
datasets/waterfall/bluetooth/c967e0d3a366cccf746ff8f12eb5853c4b9057645ab3dd7c353530f12f4e021e.png,bluetooth,real-old,legacy-bluetooth-39x11,train,,
datasets/waterfall/bluetooth/45c8a2b2ce423292a22ec3f6eeb71ba05c191197bee52e95851e19e0d37ba3d2.png,bluetooth,real-old,legacy-bluetooth-39x11,train,,
datasets/waterfall/bluetooth/d9c2e0498a4aa0bf650bc106407ba529c21f2db0504159d94afe4ec634f2323f.png,bluetooth,real-ota,bluetooth-esp32-2480000000,train,,Classic
datasets/waterfall/bluetooth/30d3b1c29b358d6f84a4ef92b63f1b9265a00ef157f644cb312083ab602b3603.png,bluetooth,real-old,legacy-bluetooth-39x11,train,,
datasets/waterfall/bluetooth/c39d7f2acecbc93f8c2f60d0bd4492160d98f9301bbaa5d8c91c4cce7d412081.png,bluetooth,real-old,legacy-bluetooth-18x9,train,,
datasets/waterfall/bluetooth/fa27a87bff58e56716f41b07a7ddab84d62eefdae5eac2cc7f6a6f3320a24de4.png,bluetooth,real-ota,bluetooth-esp32-2479500000,train,,Classic
datasets/waterfall/bluetooth/b2a608e821bef1ff540a25dcc1516da6ee1d8cd05623b040e58c47dcc6a386f7.png,bluetooth,real-old,legacy-bluetooth-33x12,train,,
datasets/waterfall/bluetooth/28a624916abc640dd43262c30b053aa5fca88324237137fa8fed40c084053353.png,bluetooth,real-old,legacy-bluetooth-39x11,train,,
datasets/waterfall/bluetooth/e95655fc0c7bf87952595009bbab4d126059de311282641a0eec2ced70e067fb.png,bluetooth,real-old,legacy-bluetooth-33x12,train,,
datasets/waterfall/bluetooth/a0edd84a6c78647ac290e14f35624399b20318733cb8a6a3c2b865fe9235cb5e.png,bluetooth,real-ota,bluetooth-esp32-2480000000,train,,Classic
datasets/waterfall/bluetooth/aa448f25c4e67427b227320f1c3eeb73bfa676a1f0db16919de10f19d5e284e6.png,bluetooth,real-ota,bluetooth-esp32-2480000000,train,,Classic
datasets/waterfall/bluetooth/ffecfe8cbb207264d1377cb826a59e1718ffb96f1914a524fe5694df143144c1.png,bluetooth,real-ota,bluetooth-esp32-2479500000,train,,Classic
datasets/waterfall/bluetooth/71aa16c4074c9fd5e392f42bdb802d0c02f3b38c601b2fea464f087d82a94e5e.png,bluetooth,real-ota,bluetooth-esp32-2480000000,train,,Classic
datasets/waterfall/bluetooth/cefd8e31073d64ed84220ff4f73599801fd1e31c959af0e102f7db9ce8788475.png,bluetooth,real-ota,bluetooth-esp32-2479500000,train,,Turbo
datasets/waterfall/bluetooth/f7c67437082a90f49cebd8f2f41d9b51584389331582909cfaad94b30058bcf8.png,bluetooth,real-ota,bluetooth-esp32-2480000000,train,,Classic
datasets/waterfall/bluetooth/305473a350525b7415ac06cb5f28b25e4e0417d7ce8ddc24e08341eb084d8d51.png,bluetooth,real-old,legacy-bluetooth-33x12,train,,
datasets/waterfall/bluetooth/bd9cfa4bce1ca453b122cbc0462a090dc8b3f4d3f52c2b5e3b5cbf700f7b633a.png,bluetooth,real-ota,bluetooth-esp32-2480000000,train,,Classic
datasets/waterfall/bluetooth/3da1d946b239beed4af70606ea6217c9079517964708d17d53dd9a74e8369afe.png,bluetooth,real-old,legacy-bluetooth-5x9,train,,
datasets/waterfall/bluetooth/a0044d61f227114c4b7e647b282c54d6e620f73519371ca05197204698ca01be.png,bluetooth,real-old,legacy-bluetooth-18x9,train,,
datasets/waterfall/bluetooth/d3bb615f789b09d3cab9f8fbfd26e39e179127cd1f498665f714b0be65d92b97.png,bluetooth,real-ota,bluetooth-esp32-2481000000,train,,Classic
datasets/waterfall/bluetooth/2d375f51b76420d7f26a1bed542e5fc9aa02c996ae3f4999f01e379b88cfb8c0.png,bluetooth,real-ota,bluetooth-esp32-2481000000,train,,Vivid
datasets/waterfall/bluetooth/0cd938eeb9f32dffca1c426514dfc258275017d4cd29cca5f1a10478219d161c.png,bluetooth,real-old,legacy-bluetooth-33x12,train,,
datasets/waterfall/bluetooth/10f9a30cccaf0aad45882b11520935407f1fdd5b8072145950e652be3ca55761.png,bluetooth,real-old,legacy-bluetooth-23x11,train,,
datasets/waterfall/bluetooth/9e6f4d4f9261742d8e19212c90bfac26eda612e00913421ecc37c7128cb817c9.png,bluetooth,real-old,legacy-bluetooth-18x9,train,,
datasets/waterfall/bluetooth/e5c8f7a72aa51592ceb47cee3527021573d645c2fe2de68a870b5914f5ccace6.png,bluetooth,real-ota,bluetooth-esp32-2480500000,train,,Inferno
datasets/waterfall/bluetooth/c3c27eb004faf56c55587c22a4e233538978a0c9437b126d1ea4d90d731ff3e0.png,bluetooth,real-old,legacy-bluetooth-39x11,train,,
datasets/waterfall/bluetooth/5568b307547159a4b8aca5ab1c591de522a0cdf860c406067cc6dc8872970864.png,bluetooth,synthetic,bluetooth-50343-0-2,train,bluetooth,Grey Scale
datasets/waterfall/bluetooth/a965006d07119a56a512ac8e4927edbeacd22eb6d30fe99c6c71a1679f60fa1b.png,bluetooth,real-ota,bluetooth-esp32-2481000000,train,,Classic
datasets/waterfall/bluetooth/b776efc26d74796e328bb5c8d185dcf7d75252e97c51a99adcb6c0376131bb9b.png,bluetooth,real-old,legacy-bluetooth-33x12,train,,
datasets/waterfall/bluetooth/b167b7d2cdd5b7bcfdc5a4e54051109b33f508cf78af1c45b277fa9c373f2a3a.png,bluetooth,real-ota,bluetooth-esp32-2481000000,train,,Classic
datasets/waterfall/bluetooth/6e514dd0d1c48ada14f67c22ea5100b86a8df699b7c2f899e100fcdbd14ae76e.png,bluetooth,real-old,legacy-bluetooth-39x11,train,,
datasets/waterfall/bluetooth/27092847d2a96c4b6a959f5a840fe6699692135925d1ab9b1e08531086ce8c8f.png,bluetooth,real-ota,bluetooth-esp32-2480500000,train,,Classic
datasets/waterfall/bluetooth/d219aa4d8e05bcdfff5ebac75899bd59c38ccade93207c5582d94e0145c5df89.png,bluetooth,real-ota,bluetooth-esp32-2480000000,train,,Classic
datasets/waterfall/bluetooth/32c4f347336f1d4db2f6fe418d57f717715fee5840c83e4fdfaeffb4f9155d2a.png,bluetooth,real-old,legacy-bluetooth-39x11,train,,
datasets/waterfall/bluetooth/f726b40248a5387baf1cb8a22d60f3551c839b335b87bf5db4d9c92e84c7435a.png,bluetooth,real-old,legacy-bluetooth-33x12,train,,
datasets/waterfall/bluetooth/85052c7e987d654f515a186d94b52bdef513e3564d425dd1cb2e7f5ea3063c0c.png,bluetooth,real-old,legacy-bluetooth-39x11,train,,
datasets/waterfall/bluetooth/3431f1cf20267d59a8876e7c9c18f5ad377c142596acd182f3342153bc94c20d.png,bluetooth,real-ota,bluetooth-esp32-2479500000,train,,Classic
datasets/waterfall/bluetooth/171e704937dab060b445812a75b7792cf09b52e00cecb86c657ac0f55ffde1d0.png,bluetooth,real-ota,bluetooth-esp32-2480500000,train,,Classic
datasets/waterfall/bluetooth/f3560f0dfa62f99b5b86dc6667825305166793034c492897a3ff425bf8f8993b.png,bluetooth,real-ota,bluetooth-esp32-2480500000,train,,Classic
datasets/waterfall/bluetooth/5e5387b3fe3dea3c9afdd63ff0b0e1eedf0143d260283ac11122b8c04f94397b.png,bluetooth,synthetic,bluetooth-50343-0-1,train,bluetooth,Grey Scale
datasets/waterfall/bluetooth/6e3b7dc2ecae646fade8450bcecbb9f81ee5419ed1a7e3079633aafb4bc11e61.png,bluetooth,real-old,legacy-bluetooth-33x12,train,,
datasets/waterfall/bluetooth/0d966d488cad36970806198b424edbefb7b8c56b59e81599b791aec58a6e365f.png,bluetooth,real-old,legacy-bluetooth-39x11,train,,
datasets/waterfall/bluetooth/12876f9141bb6e93fc673440634a2f1698ce1a8beb85f457d2c0d50bf4f610c5.png,bluetooth,real-old,legacy-bluetooth-33x12,train,,
datasets/waterfall/bluetooth/f49cb0438a149fd369ff5f3d0eb617a40816c10c833396c43d7c2efefa1c4069.png,bluetooth,real-ota,bluetooth-esp32-2480500000,train,,Inferno
datasets/waterfall/bluetooth/5b5867cf0dc4fb3f91da1961453080a23dcd2d3540cb029cb037410c6c4bdf94.png,bluetooth,real-old,legacy-bluetooth-39x11,train,,
datasets/waterfall/bluetooth/ab1e3ad2af2b8a80bf948242a6b801b1c45f546243d6b454592c6e0fdd80a117.png,bluetooth,real-old,legacy-bluetooth-31x9,train,,
datasets/waterfall/bluetooth/68df16fcb52569710073b8dd9323d7c97d0971f5ff5af03991a9b4818445ffa8.png,bluetooth,real-old,legacy-bluetooth-32x11,train,,
datasets/waterfall/bluetooth/7fabadf4fb323d1fea00257581f5674829b65211dc3b127c512ecd14f44128a6.png,bluetooth,real-ota,bluetooth-esp32-2479500000,train,,Classic
datasets/waterfall/bluetooth/6b445714c3d336aaa144eeca985a043d99ceb1ede7908f019e65becf1de7dc91.png,bluetooth,real-ota,bluetooth-esp32-2480000000,train,,Classic
datasets/waterfall/bluetooth/b43942da695c62de0f7bd2aa4ae1119bad80c6b57e85a02bc6bb8fd252b9f791.png,bluetooth,real-ota,bluetooth-esp32-2480500000,train,,Classic
datasets/waterfall/bluetooth/ef7c461e6a5270365d47ba521da0dccd9b0878c41d67a8c3b232b3a0bdfe695c.png,bluetooth,real-ota,bluetooth-esp32-2480000000,train,,Classic
datasets/waterfall/bluetooth/545f671b19e753c2e48dae6e6a0f8359306223d970aad6b2bdfc4c24a2fe6f3e.png,bluetooth,real-ota,bluetooth-esp32-2480000000,train,,Classic
datasets/waterfall/bluetooth/a9122b58fd7ec8d85e101b424f8ef6a2215003314b9df2ecc57196593a9a79ba.png,bluetooth,real-ota,bluetooth-esp32-2479500000,train,,Classic
datasets/waterfall/bluetooth/e6179a495d787affa18f3628f8c3c72061ac70f287a620883dd4527e6bd19842.png,bluetooth,real-ota,bluetooth-esp32-2480500000,train,,Inferno
datasets/waterfall/bluetooth/61808fbecefae07539a67f8fa1efe194c7783d34f0a0987f019850491cb0adae.png,bluetooth,real-ota,bluetooth-esp32-2481000000,train,,Classic
datasets/waterfall/bluetooth/81b9426246de2220c9a817b7a592eae6b352ee7a95c4aabef09e87b4963211d3.png,bluetooth,real-ota,bluetooth-esp32-2481000000,train,,Classic
datasets/waterfall/bluetooth/cb2f8d6e607aa12b213cd01359cac213a4350f2a4cb6659652e19d095fbc1a5c.png,bluetooth,real-ota,bluetooth-esp32-2480000000,train,,Classic
datasets/waterfall/bluetooth/3958bd946414961d294798ca87eb1a7d9d6b7d00eee4524d0dac8292b88d4719.png,bluetooth,real-ota,bluetooth-esp32-2480500000,train,,Classic
datasets/waterfall/bluetooth/c57a6e53d283b3c453739d2c863046ee6d04b3fb88aace34a6a08e53c7873e7c.png,bluetooth,real-ota,bluetooth-esp32-2480000000,train,,Classic
datasets/waterfall/bluetooth/67c536969e826d029ff441fe26dc2fa9ad6f2f495fae496b8ca4940ad4d55488.png,bluetooth,real-old,legacy-bluetooth-39x11,train,,
datasets/waterfall/bluetooth/5057cdb9c5b0b14112f862b0eb7e51e379e417e758ec9c4711e530e0bf3bccd4.png,bluetooth,real-ota,bluetooth-esp32-2481000000,train,,Classic
datasets/waterfall/bluetooth/dfaa8f5f54b5fac409ff39029942f01a93799be194673b5491df7e0a471b574b.png,bluetooth,real-ota,bluetooth-esp32-2480500000,train,,Classic
datasets/waterfall/bluetooth/bb16035c200b3d35f544358bdf4e09a21f9ad25e9160aff52fd641c050abb858.png,bluetooth,real-ota,bluetooth-esp32-2480500000,train,,Classic
datasets/waterfall/bluetooth/34b0228a34f62652ea1649c9d516e30f0255bf6f94c767e1f226827276e1aec7.png,bluetooth,real-ota,bluetooth-esp32-2480000000,train,,Classic
datasets/waterfall/bluetooth/511bfe10ead26aecd94acb2a8e4eb39cc9514013512936b94ef70a7c5fc8ea9a.png,bluetooth,real-old,legacy-bluetooth-39x11,train,,
datasets/waterfall/bluetooth/81b1aaea79a2c899a951bed0212607d475a286a49f1a242b64358fa682a8dd95.png,bluetooth,synthetic,bluetooth-50345-0-0,train,bluetooth,Magma
datasets/waterfall/bluetooth/de12d699429de606a1b1a652954b309a3b6bdc517efb949f2b95c19271b57fc4.png,bluetooth,real-ota,bluetooth-esp32-2479500000,train,,Classic
datasets/waterfall/bluetooth/2eed394003e36254a58c968a6e806594086ced29b06b04a6e2c1c4a26279cbef.png,bluetooth,real-old,legacy-bluetooth-33x10,train,,
datasets/waterfall/bluetooth/d632866c3f7ae4b811d607df3c93bce4d2ef01e784953aa81bb4c19ac3c1b338.png,bluetooth,real-ota,bluetooth-esp32-2479500000,train,,Turbo
datasets/waterfall/bluetooth/342b4aa07d5966ac97d40242a524cc0ac618e7bab4c4cbc0f1d778e1637b7fe2.png,bluetooth,real-ota,bluetooth-esp32-2479500000,train,,Classic
datasets/waterfall/bluetooth/f81c3cf90027ea855fce3e002c3b191ddc717daba247593c3cd81edace2f81e6.png,bluetooth,real-old,legacy-bluetooth-33x12,train,,
datasets/waterfall/bluetooth/589005945365bbafe4172b11d7629370d075e25b1de05dd5ca5b0649810e7d8d.png,bluetooth,synthetic,bluetooth-50344-0-1,train,bluetooth,Inferno
datasets/waterfall/bluetooth/d42a5006026022e3bd37b3b42c65291e9605b1980b60a034e225b266a465499c.png,bluetooth,real-ota,bluetooth-esp32-2479500000,train,,Turbo
datasets/waterfall/bluetooth/b0728845035a681ecb2c5f1bdc9d12a7dcba6d8587ccf05a9a87b0451ee0d38e.png,bluetooth,real-old,legacy-bluetooth-33x12,train,,
datasets/waterfall/bluetooth/a28ea2422c2123bf310f0986b3b23f30f0240420cdd8c18d0b4e41010eb01428.png,bluetooth,real-ota,bluetooth-esp32-2479500000,train,,Classic
datasets/waterfall/bluetooth/e4890ec94e16a45812dcf0d95fded8ce7231454fdb6bfa6e9ac86631f29c4b50.png,bluetooth,real-ota,bluetooth-esp32-2480000000,train,,Classic
datasets/waterfall/bluetooth/98c080826ddb938e925f838ddf30c8246d20e588f887d969b7d8f5b240cb07c8.png,bluetooth,real-old,legacy-bluetooth-33x12,train,,
datasets/waterfall/bluetooth/f8a5469a9381382a9bde7cf2bf65c4e25ca0a1d31128966d7f8fcf5f58ceb8c8.png,bluetooth,real-old,legacy-bluetooth-31x9,train,,
datasets/waterfall/bluetooth/48a4ca2843049f08562d59bc52f6a7011e467ce839b88d5e03829360c3805591.png,bluetooth,real-old,legacy-bluetooth-33x10,train,,
datasets/waterfall/bluetooth/f187f2ebcf738d30ea7001959afb789c049fd6a05860119f99d6f1104c359cb3.png,bluetooth,real-ota,bluetooth-esp32-2481000000,train,,Classic
datasets/waterfall/bluetooth/a7ba633877a46c628b5acd917373cbe31e8e4214236639794ed625bf798a47ac.png,bluetooth,real-ota,bluetooth-esp32-2480000000,train,,Classic
datasets/waterfall/bluetooth/8e3473e87155ec81ba6af63d12dd95e1feb20cf2cd88371a72fd31664f129c59.png,bluetooth,real-old,legacy-bluetooth-33x12,train,,
datasets/waterfall/bluetooth/10661efde2fa7206a02cf50d70074015d2f1f1c49b349c1e6c88a1ca42705c57.png,bluetooth,real-ota,bluetooth-esp32-2481000000,train,,Classic
datasets/waterfall/bluetooth/8cb07b4c76bf30003f2a56af55b49808799034d306f6f3a88ecd746110be1549.png,bluetooth,real-ota,bluetooth-esp32-2480500000,train,,Classic
datasets/waterfall/bluetooth/34e2a01a349c958dbfc29b0c53206621f709c9091ba8f7cd26d67a9f67ffc100.png,bluetooth,real-ota,bluetooth-esp32-2480000000,train,,Classic
datasets/waterfall/bluetooth/aa692e05ae1e593911b6f1ed826ff6141c431eeb0a5b0cd955270518143d3507.png,bluetooth,synthetic,bluetooth-50345-0-2,train,bluetooth,Magma
datasets/waterfall/bluetooth/1de0c2ae21232ed3b05de480555584d01218f1b2d8a81ca3160021967027b844.png,bluetooth,real-ota,bluetooth-esp32-2479500000,train,,Classic
datasets/waterfall/bluetooth/debb29c329997ae6cd68c09eaaac6a29b334c4f16fa9016dc943019b3699393f.png,bluetooth,real-old,legacy-bluetooth-39x11,train,,
datasets/waterfall/bluetooth/ff0c904c7bba2f3c143079c1bd1965aa387cf0a4923dafaea21ea8be69055dbc.png,bluetooth,real-ota,bluetooth-esp32-2479500000,train,,Turbo
datasets/waterfall/bluetooth/228d609695d1f3816561064a5d10259a2009b232ad23a9e7589bead60184d145.png,bluetooth,real-ota,bluetooth-esp32-2481000000,train,,Classic
datasets/waterfall/bluetooth/a51849b53f5408f97c2ec6243a44cfb1c2089b05382925e5767d0c585ac32cdb.png,bluetooth,real-old,legacy-bluetooth-39x10,train,,
datasets/waterfall/bluetooth/cf05cb822341e78bf51bfaa73e587729eb9e7547bc86038ac10d281010cce55b.png,bluetooth,synthetic,bluetooth-50344-0-0,train,bluetooth,Inferno
datasets/waterfall/bluetooth/dae369e9551269efe5ccb0af8c4119948092dc1019d0ad3c421811694b61637b.png,bluetooth,real-old,legacy-bluetooth-23x11,train,,
datasets/waterfall/cellular/715eb5c7d8b9a1213a40629522801d1791eeb7bb9cb94eb7bd783bbd90cfd111.png,cellular,real-old,legacy-cellular-31x9,test,,
datasets/waterfall/cellular/3ac5ef4f64a07bdeec617bc57f5b7bf400ec3fe925257d4c5c88fa7e9b6d0cd2.png,cellular,real-old,legacy-cellular-34x12,test,,
datasets/waterfall/cellular/591f57e2d4efa951a312bca79b42312149ed872d5b4c1f57dc72479bbc264122.png,cellular,real-ota,cellular-1960000000,test,,GQRX
datasets/waterfall/cellular/f9d9ea1daf83dfa9d97a2a56e76b5474d3eb8470c5d3a830ed13538b1bfb6910.png,cellular,synthetic,cellular-83463-0-0,test,cellular,Classic
datasets/waterfall/cellular/47caa05f085e3903099237fa04f4d35e740489bd9a6381c0cd8a77fa64387ce1.png,cellular,synthetic,cellular-73310-0-1,test,cellular,Classic
datasets/waterfall/cellular/4630496b43bbe8d21f4a14fb3410a916d8b3fd82a0dd8c4484c8589ac63d7c6e.png,cellular,real-ota,cellular-885000000,test,,Classic
datasets/waterfall/cellular/f3ced23da31c810c6e4a6b1e75ee3d470de900708c2d1bec3921fbd93bbf222a.png,cellular,real-ota,cellular-739000000,test,,Classic
datasets/waterfall/cellular/3ea153166922aeaeac507d567e5161b7e83d1607528c3eb562e1cbd727d13b33.png,cellular,synthetic,cellular-66417-0-1,test,cellular,Classic
datasets/waterfall/cellular/ba7abd085c41cfd3a662d282f26787376d0aa4cf6f7e73e470d8df444863aded.png,cellular,synthetic,cellular-87303-0-2,test,cellular,Classic
datasets/waterfall/cellular/b3ad049d13a803638f5785661dcf8c7755ec5f26b41228e0e2a86904c4c65d76.png,cellular,real-ota,cellular-885000000,test,,Classic
datasets/waterfall/cellular/3cb2f523b3e4582a963cb3abe0f49c12c57655f60cd85785cc1249b181e3c782.png,cellular,synthetic,cellular-50345-0-1,test,cellular,Inferno
datasets/waterfall/cellular/7c3165bac1cb2c87f89f00582846150c493f598feaefe04c1040162b24051d3e.png,cellular,real-old,legacy-cellular-16x12,test,,
datasets/waterfall/cellular/1cc8169c412d031c9d8ad09eebf76a4d81623bc1a5bfbf62b59f20d7605e6ad4.png,cellular,real-old,legacy-cellular-34x12,test,,
datasets/waterfall/cellular/b58670ee8c9b240123a7554bcaa2d408697264c80d16788132fdc8667729b6cc.png,cellular,real-ota,cellular-2140000000,test,,Classic
datasets/waterfall/cellular/752acbcdd754d1c163c7eb8d73872e3e2907c56b97b352aebc0060bd7a2f6be2.png,cellular,synthetic,cellular-50343-0-1,test,cellular,GQRX
datasets/waterfall/cellular/6f944feca2d4728f432302efbe78ab553e32353486e6a0f5adae80683e66a5e4.png,cellular,synthetic,cellular-66416-0-1,test,cellular,Classic
datasets/waterfall/cellular/b06e019ef80613a801411c962842cd0f6e173838586aaf18f885c125e20d4877.png,cellular,synthetic,cellular-50344-0-0,test,cellular,Grey Scale
datasets/waterfall/cellular/bd295646b0997f48a62c9156626753f11c955150e211211eea418fc0d43377d6.png,cellular,real-ota,cellular-1960000000,test,,Classic
datasets/waterfall/cellular/86368f754c3edc89e63029e3a58d80cbb3859f5b2817c5e57a583bc6ac749f5d.png,cellular,real-ota,cellular-763000000,test,,Classic
datasets/waterfall/cellular/1b2eebd3f6fe27f12c58aa6326235bcc5bc77f70455c5df7310bd3c9a39ce70b.png,cellular,real-ota,cellular-751000000,test,,Classic
datasets/waterfall/cellular/120b9a41deb8af3e2acedddd83d7a36a95d52211f573b2bffadde210c8de5eb4.png,cellular,real-old,legacy-cellular-8x10,test,,
datasets/waterfall/cellular/39946bd446a055ea75310e89d1a8622a003071348871e98953590180eed67e33.png,cellular,synthetic,cellular-44109-0-0,test,cellular,Temper Colors
datasets/waterfall/cellular/770f0137940a574e2e45aa1da3f35b77149a45ecff010222f16f991cbf2146be.png,cellular,real-ota,cellular-2120000000,test,,Classic
datasets/waterfall/cellular/feae886a2dad5ce63132fd9a8a5398e6e4ee5ce4219249e0ae47b7158d461a62.png,cellular,synthetic,cellular-44109-0-2,test,cellular,Temper Colors
datasets/waterfall/cellular/cbed0ca91f484af15d0e2a28c0fc037204b2aad1b76059337f4fb0676fc295dd.png,cellular,real-ota,cellular-2140000000,test,,Classic
datasets/waterfall/cellular/cdf663f89fb736fe2d9d1fe7fc9fc66be6b1416a379c0dee56db91d637ce9e66.png,cellular,real-ota,cellular-751000000,val,,Classic
datasets/waterfall/cellular/f2e8595545f5b8545280aa5694d2331b5dce2cbbafe968e1f6d1df8de65cfb47.png,cellular,real-ota,cellular-751000000,val,,Classic
datasets/waterfall/cellular/4e03e5ebf7eebc52ff759060f6969eeba14da5cb4d9471b09ab98c0bb1195e6d.png,cellular,real-old,legacy-cellular-21x9,val,,
datasets/waterfall/cellular/01ba2979e339a8ac137ed307a2a0c66a769734ce5e87c02304932aa354e76a69.png,cellular,synthetic,cellular-83463-0-1,val,cellular,Classic
datasets/waterfall/cellular/fb7e7fa707c4af8de4bc965737b7b4d76500c04f060e1428fe7c0970164d5881.png,cellular,synthetic,cellular-66416-0-2,val,cellular,Classic
datasets/waterfall/cellular/30fc62c9c62e0fda687efe8e90263101d9ee03636c5669a311bdc53ee2c82716.png,cellular,real-ota,cellular-2140000000,val,,Classic
datasets/waterfall/cellular/40c0d1d81f44ac95bc7a484ed573bcbc48f8ba7a9d8eb5dea8232d79030ade76.png,cellular,synthetic,cellular-66416-0-0,val,cellular,Classic
datasets/waterfall/cellular/2703852857fe1f36e6645ef1c4bcd24ae9a016b7e53f89d5e0a59934730c7048.png,cellular,synthetic,cellular-80172-0-2,val,cellular,Classic
datasets/waterfall/cellular/2a374c6a1eb4c1f9f7543633128eb0859fb1e67a72bfa861a7a177e7d57e5e02.png,cellular,real-old,legacy-cellular-21x9,val,,
datasets/waterfall/cellular/1d3a42abbf4bf2ec1ddb9c785315bf82f22c018ee21ba14a9dab187a88dd1fe2.png,cellular,real-old,legacy-cellular-34x12,val,,
datasets/waterfall/cellular/1e58227fb0aa326ae4fb9c80e2d88f8196e836b622676d7f49e2a6d7066e59c9.png,cellular,real-old,legacy-cellular-18x12,val,,
datasets/waterfall/cellular/cc3c8704fc988836d476a0866bda8d6e8d0a29a74f807bfcecca06461f2f42b8.png,cellular,real-ota,cellular-875000000,val,,Classic
datasets/waterfall/cellular/aa26d174d5b009f9300c664ffc14b72814a3edff8b1c1c359314cb6a6d858fcd.png,cellular,real-old,legacy-cellular-34x12,val,,
datasets/waterfall/cellular/651498dc038aed32d6e59f7329c7a00ab22ff32a042f0f6557fc53b30fb46f64.png,cellular,synthetic,cellular-73310-0-2,val,cellular,Classic
datasets/waterfall/cellular/8a1b8f0d64952688e5cbb5a0bd40addc0c874834edf092c4127e34fe2e180406.png,cellular,real-old,legacy-cellular-13x12,val,,
datasets/waterfall/cellular/202abaa83bb75dcb3ea764fb3c6ceb7c8eee6601f4b4affec89f5627c50eb5d0.png,cellular,synthetic,cellular-83463-0-2,val,cellular,Classic
datasets/waterfall/cellular/6d9fb306958739a73bef55a84a8dafb5ead5f1f9f7d96d0377657f65ad918034.png,cellular,synthetic,cellular-80172-0-2,val,cellular,Classic
datasets/waterfall/cellular/f5d0af0dbaed9e593f4649c625fd4614132710a9b3b4b243e04593b9abb14a2a.png,cellular,real-old,legacy-cellular-21x9,val,,
datasets/waterfall/cellular/da0d048ce373c57a60b37df10e9511d3bdcd1fe0d18957c11aeda4d4153156e0.png,cellular,real-old,legacy-cellular-16x12,val,,
datasets/waterfall/cellular/21b49ace66f950ee0e38d1727f1711e425959c2f795846f081701e3238e22ed7.png,cellular,real-ota,cellular-763000000,val,,Classic
datasets/waterfall/cellular/4745ab3e17f3ec77d17fa36a0dcd21f8f19ca51ff97b32d237bf8e9076cf9c0f.png,cellular,real-ota,cellular-885000000,val,,Classic
datasets/waterfall/cellular/680b897b7ff76cfa51fcbc69cd55d236d4f9ba3056510b668227e4a76b214382.png,cellular,synthetic,cellular-80172-0-1,val,cellular,Classic
datasets/waterfall/cellular/8c366e27514474b870c2231ad6d4a8695a47494616316e46502271238cf4e574.png,cellular,synthetic,cellular-87303-0-0,val,cellular,Classic
datasets/waterfall/cellular/e24302525a219b4a05d78bf9fd05323edee38a174c754c5f1ab3a7a00a8c39b3.png,cellular,synthetic,cellular-73310-0-0,val,cellular,Classic
datasets/waterfall/cellular/7cb1427e60061d4558e60ebfb8790baf0083abea5d878d04ec7c473007f8384e.png,cellular,synthetic,cellular-50344-0-1,val,cellular,Grey Scale
datasets/waterfall/cellular/086fcba4695bf440b237527ac7093a366ecac35b29588b9c8a84e7461895fa80.png,cellular,synthetic,cellular-66417-0-2,train,cellular,Classic
datasets/waterfall/cellular/aed812c7f72555a418f39ec4c7e89d3fa6377d92d340dc94d3d283df47d99ef3.png,cellular,real-old,legacy-cellular-13x12,train,,
datasets/waterfall/cellular/33398219bcf0231ea6bc9c58f3b74cd95676c37613e8f1be595902c98cd7a7a4.png,cellular,real-ota,cellular-763000000,train,,Classic
datasets/waterfall/cellular/48b5daf476df048a34371e52650e54cfa0fded41b3a5988ff221fa32e360ca1a.png,cellular,real-old,legacy-cellular-18x12,train,,
datasets/waterfall/cellular/45e0952e456e05790bc35ffee757172044d44e5445f6b818cdefc4b3a3a40254.png,cellular,real-old,legacy-cellular-13x12,train,,
datasets/waterfall/cellular/771b4143db9e17989368eb292d5f460cd60a008d7a30634d695d6338d87b4bc2.png,cellular,real-old,legacy-cellular-16x12,train,,
datasets/waterfall/cellular/d7919d31082a3d4829579c7f33fd9bff4a4d6445bf7f6c42f9a249bec7d23e68.png,cellular,synthetic,cellular-66417-0-0,train,cellular,Classic
datasets/waterfall/cellular/f99a38456045327d81a06d0ee68fde6c44f9a2b041cb949591695aa57e8ea6c0.png,cellular,real-old,legacy-cellular-34x12,train,,
datasets/waterfall/cellular/291774eaf1f30165b59d4cd01fb3516db2619bfaa40f72b65de327559075835a.png,cellular,synthetic,cellular-66417-0-1,train,cellular,Classic
datasets/waterfall/cellular/ed4db0f7a3b8d1f203a489d731c9521f035e9c724167245e173b52d76d6e5b59.png,cellular,real-ota,cellular-2660000000,train,,Grey Scale
datasets/waterfall/cellular/e3874758a3b682260a44c07e3f1b2d308ecce1c145d7a111ccb0c6767bf68a4c.png,cellular,synthetic,cellular-83463-0-0,train,cellular,Classic
datasets/waterfall/cellular/948edee525873657876984312ec5d58ab73b8925e0bb829d101b1d2b349108e3.png,cellular,synthetic,cellular-87303-0-0,train,cellular,Classic
datasets/waterfall/cellular/6332e4761310590c6a3a37eced1ee5ce9927bf94758c648f81090ead8701ebac.png,cellular,synthetic,cellular-73311-0-2,train,cellular,Classic
datasets/waterfall/cellular/66e3c1bf59f63fc5718e9c12d2423afff7875e00d101a14d45012c0974098507.png,cellular,real-old,legacy-cellular-13x12,train,,
datasets/waterfall/cellular/233aac58133ecdcad6cf56504cc4e9e4066187b67cb924feae53677dcb98f86c.png,cellular,real-old,legacy-cellular-34x12,train,,
datasets/waterfall/cellular/94b8b16dadaf66cb3d0917fc23793012786d2cd1232236b6c51418864bb0d28f.png,cellular,real-ota,cellular-875000000,train,,Classic
datasets/waterfall/cellular/e5511516ec113b4989a5cbea71882d51e6740aa4096879c138140eae62215f5e.png,cellular,real-ota,cellular-885000000,train,,Classic
datasets/waterfall/cellular/636a5674075a55aeff0943c3fc5be27e1b0332242831d2e4a69f232dd1cc1cd0.png,cellular,synthetic,cellular-44108-0-1,train,cellular,Smoke
datasets/waterfall/cellular/e2e6acdafaa289ab23bfa462a3623a5d8ae1e786702abd90b5aa81b7ac59a831.png,cellular,synthetic,cellular-87303-0-2,train,cellular,Classic
datasets/waterfall/cellular/ca8117eefa7b23ed5f216175321f72bba292e2cb0c0d13bfbab9c539bb08002e.png,cellular,synthetic,cellular-50345-0-2,train,cellular,Inferno
datasets/waterfall/cellular/14ef53134838bcfff4d43a80f5a8b2292cc41d67098a11ef1145e40c0024e16e.png,cellular,synthetic,cellular-80172-0-0,train,cellular,Classic
datasets/waterfall/cellular/69f127fb47998288b5a14f7de0d654e964577a9f7759bde052a0d330a98f8744.png,cellular,real-ota,cellular-739000000,train,,Classic
datasets/waterfall/cellular/56f108b42652e6e22e7c63875adf5a37b045eec2cee0ad8ebece0ccb2f582c13.png,cellular,real-old,legacy-cellular-34x12,train,,
datasets/waterfall/cellular/61277c9815bd843d84006eafcb9c386bdca1102b261d1fc0ffaf271b09d504ef.png,cellular,synthetic,cellular-87303-0-1,train,cellular,Classic
datasets/waterfall/cellular/93272b3864bdb8641cfccbdc9d445da99d01ccdefe30029cb6480b0436eef3cb.png,cellular,real-ota,cellular-2660000000,train,,Grey Scale
datasets/waterfall/cellular/228034260c0177e23b400d80e1a9a8198fec15bb8b2f4aa2ef2d2a1044713fad.png,cellular,synthetic,cellular-44108-0-2,train,cellular,Smoke
datasets/waterfall/cellular/072def37f162bcbef67664085c86bf82c7f645c40eda7a65239318480b9432bc.png,cellular,synthetic,cellular-50343-0-0,train,cellular,GQRX
datasets/waterfall/cellular/9444fad1373ac7359afcef7b2aecb63a4913bdbc2a1d6f4357f91d97a3821fe1.png,cellular,real-ota,cellular-1960000000,train,,GQRX
datasets/waterfall/cellular/acab0f587199c527a83fe6830b2a2099f31914c722d6b62bead7a8c72877b684.png,cellular,real-old,legacy-cellular-26x11,train,,
datasets/waterfall/cellular/e9d0274af2e1a6831e2a523bb4854ea8754b3c09c182570dbc89b6e855daac02.png,cellular,real-old,legacy-cellular-34x12,train,,
datasets/waterfall/cellular/7d60acb66f2b80bcadab54729f285bc503fd1c40b4272dd026933fa6fe4ba51f.png,cellular,real-old,legacy-cellular-34x12,train,,
datasets/waterfall/cellular/8f940a2db6d42996f3e656fab87e105d40acea524af328bcba1a0061f9dbc82b.png,cellular,real-ota,cellular-875000000,train,,Classic
datasets/waterfall/cellular/5d1d1a5edec6995defa24db1923a840628824d71ee5b596f7583b0cca705add2.png,cellular,real-old,legacy-cellular-31x17,train,,
datasets/waterfall/cellular/4c59a75f1830e2a7e573bdbda2ef2e7002ab807bee3c94d868607094b8961e29.png,cellular,real-ota,cellular-763000000,train,,Classic
datasets/waterfall/cellular/fa9edc1c42380297089497f1bc924af9899d8ceb3499f7007d3ff0ed37460d37.png,cellular,real-old,legacy-cellular-8x17,train,,
datasets/waterfall/cellular/10bb6f53dadc11c4e38b111646d695268286314cca518c1faa343fdbe86fc785.png,cellular,real-ota,cellular-1940000000,train,,Classic
datasets/waterfall/cellular/91772e216e40b5fffa0803fd7dd353d04621d83d65ca63e37d4b710a3a2356fe.png,cellular,real-old,legacy-cellular-34x12,train,,
datasets/waterfall/cellular/3834ad5eff6c068be7e142958c56f1975e954338405e578ebef06ba47310361c.png,cellular,real-old,legacy-cellular-34x12,train,,
datasets/waterfall/cellular/4c3e581f9759a2785a25ddcae7d6f2fd55f9b0d07ded78d300a0f74f420d1fff.png,cellular,synthetic,cellular-50344-0-2,train,cellular,Grey Scale
datasets/waterfall/cellular/32d7daeeac4a29663f51d9eac93ca3303617eab3d33c1d26f0fb0b4b03c6b8fa.png,cellular,synthetic,cellular-66416-0-2,train,cellular,Classic
datasets/waterfall/cellular/55e36e600dc864d0400d088a78354b0e16dc26c5a33d0784364da00d99ee83c6.png,cellular,real-old,legacy-cellular-34x12,train,,
datasets/waterfall/cellular/71ffb2d394aea13a08ec59d99ab378b5caabbe9ae6f9dedaeb1563464faefaaf.png,cellular,real-ota,cellular-875000000,train,,Classic
datasets/waterfall/cellular/8e5e92f4326b5a5e225af3df0a08aa5f92d55d52952feb4cadef4182986a4075.png,cellular,synthetic,cellular-87303-0-1,train,cellular,Classic
datasets/waterfall/cellular/aaf2fe22f47ba8d824f6f29bf63b6529b4ac634060dd39d2d1ce1306a8f89e4c.png,cellular,synthetic,cellular-73310-0-0,train,cellular,Classic
datasets/waterfall/cellular/31336d3058d759cbc4176e2da43c9c30df184b18f41b685fdc068409a1d1ce4c.png,cellular,real-old,legacy-cellular-7x10,train,,
datasets/waterfall/cellular/f57b0699279930da74de2f3a9b9998e20fd3e38f868ea048e5549fff66ce49c1.png,cellular,real-ota,cellular-2140000000,train,,Classic
datasets/waterfall/cellular/8ce3dfc0b523cde202fa2b56ec176388679860345a70c3579c515baa001eaa50.png,cellular,synthetic,cellular-73311-0-0,train,cellular,Classic
datasets/waterfall/cellular/7dce74275ed2e39d8a9c615bec79c1a6c69d2bba766d9a9b6462f69d05444a9a.png,cellular,synthetic,cellular-83463-0-1,train,cellular,Classic
datasets/waterfall/cellular/09eb5b5b11aa5df0e3dd611ddc3dcc0653017a499b68f7df21852528383aa10a.png,cellular,synthetic,cellular-83463-0-2,train,cellular,Classic
datasets/waterfall/cellular/c14c698c16f54024fc5fb97813281eacc68d2cf0fee67b54da313c83e6c2b17b.png,cellular,synthetic,cellular-44109-0-1,train,cellular,Temper Colors
datasets/waterfall/cellular/b9cf863ed948f208cf7208811750e1ef80a05362ab67d159373e111d496c0cc9.png,cellular,real-old,legacy-cellular-34x12,train,,
datasets/waterfall/cellular/81209ca1ba66f616cabc38a8d1639171351021dd939227862895c3081d63fbc2.png,cellular,real-old,legacy-cellular-33x12,train,,
datasets/waterfall/cellular/2c50d38176392223a210752cf964b58a3df813f58801c6a6667ba1548f6b3336.png,cellular,real-old,legacy-cellular-16x12,train,,
datasets/waterfall/cellular/202dc5654bcdf2ada1a7920edcd6cf8b9c0692ed766beae11d893980d72365b6.png,cellular,real-ota,cellular-885000000,train,,Classic
datasets/waterfall/cellular/7a178109506fc4925ee05f312a7c899ae6c989cbf8b714e96a00659baaafbfd3.png,cellular,real-ota,cellular-751000000,train,,Classic
datasets/waterfall/cellular/8b6928a482e88623d152e01944575866fb119fce4a5bdc3bb5cde150415969d5.png,cellular,real-old,legacy-cellular-25x12,train,,
datasets/waterfall/cellular/63d56981f1c2b78ec072f3d58eb08c472eb474796e71656d7abf68326757c91b.png,cellular,real-old,legacy-cellular-16x12,train,,
datasets/waterfall/cellular/c24f964ee23727235e8f53bdfad26675821b2025a2fc19644d903bfcf3bf8226.png,cellular,real-ota,cellular-875000000,train,,Classic
datasets/waterfall/cellular/2868ab37a43a94d37ddb866e335f80e36bb79042aca615c2a476614aad5eddf1.png,cellular,real-old,legacy-cellular-17x17,train,,
datasets/waterfall/cellular/8fa2d8c52a4c62ab74ecfd04d9f7b193f447a59c51497afb0bc2dd9d0fa8430a.png,cellular,synthetic,cellular-73311-0-1,train,cellular,Classic
datasets/waterfall/cellular/effaa0317dfc7f3dfc3c97b9545bb701ced699ece2b7e39069ca8cc125f5d150.png,cellular,real-ota,cellular-2140000000,train,,Classic
datasets/waterfall/cellular/b268a2a2dda0ba3b8e0ee10dc51718607debd29378ca9b57f32b9b9d9b28532a.png,cellular,real-ota,cellular-885000000,train,,Classic
datasets/waterfall/cellular/47cf33bade5b8857eb0e9e702b882ff55d610981ab5a3c665531f8d2dc345027.png,cellular,real-old,legacy-cellular-33x12,train,,
datasets/waterfall/cellular/e42ed4f424f8ae7330525dc8e764fa5f4af727385929a1dc9ab5a14d36c81cbb.png,cellular,real-ota,cellular-763000000,train,,Classic
datasets/waterfall/cellular/425f15030ec06af2b5f1cb6a8fdbaae4e42bb57912b6cbf9d1dd2f4a1fd14f8f.png,cellular,real-old,legacy-cellular-34x12,train,,
datasets/waterfall/cellular/45086843bdbd6ae9b62ac184a38ffd4c86c83fbc7e3872e820306255972b3d0b.png,cellular,synthetic,cellular-73310-0-2,train,cellular,Classic
datasets/waterfall/cellular/fa29f58c776d841fccfce2572e6325cafc6fb742f5af4c26e3ef38a9409911c0.png,cellular,real-ota,cellular-739000000,train,,Classic
datasets/waterfall/cellular/dae07a4f694caae2285cb30d4423abd2763a28b4c32b8759b3f49136e83855c8.png,cellular,real-ota,cellular-2120000000,train,,Classic
datasets/waterfall/cellular/4d136631a71c19a61e0c0804cbfe5a0e25f4ad46ca4d717c28b018ba45115351.png,cellular,real-old,legacy-cellular-31x9,train,,
datasets/waterfall/cellular/3ad3434741eb828c677cfcc040cf2d8be2f3d08ab99ff9e83c17c00c40ee44df.png,cellular,real-old,legacy-cellular-16x12,train,,
datasets/waterfall/cellular/fb3dc5fcaadbb5a461278090eb4e1124f4b67592c715bc8cff03d9dddeff6370.png,cellular,synthetic,cellular-80172-0-0,train,cellular,Classic
datasets/waterfall/cellular/a8ad12e9e17390a99a0075557436509f9bbac24641311c512137fbbd8c86bafb.png,cellular,synthetic,cellular-66416-0-0,train,cellular,Classic
datasets/waterfall/cellular/3c7bd66bca5c3d9cd3389c9b84f6267e32e4d5db31c1a1ae1544600dd78c9381.png,cellular,synthetic,cellular-73310-0-1,train,cellular,Classic
datasets/waterfall/cellular/35b43581cba1c2ce82d9b1e52af6885c08bc5640be82fa1670ffd0a9e0da501d.png,cellular,real-old,legacy-cellular-16x12,train,,
datasets/waterfall/cellular/fa360a6f9715b9816c4be46bad520e7d303b6ed6b1b20ddaaa854602dec9481f.png,cellular,real-ota,cellular-2120000000,train,,Classic
datasets/waterfall/cellular/c5d9074084f39ceab8a45953d583341946b0dd7dfeff4c1354814199143764a6.png,cellular,real-old,legacy-cellular-20x12,train,,
datasets/waterfall/cellular/ba6897f1c05e3affd0f4dfe1a575f6fe3423e8d88e41afddedac831e767802e8.png,cellular,synthetic,cellular-44108-0-0,train,cellular,Smoke
datasets/waterfall/cellular/2c9a5e4acbdc22207066a8e3877667b1e1f9fa86e1c7645502162d03a1014075.png,cellular,real-old,legacy-cellular-19x12,train,,
datasets/waterfall/cellular/4b5ab5052b9b73978654d89c41706998a69dbbfafedd530c97c188534176944a.png,cellular,real-ota,cellular-2660000000,train,,Inferno
datasets/waterfall/cellular/38c2fe83d5f5584482566ee3eb78ec85d5b17b986b8909f7d060a9ab76760822.png,cellular,real-ota,cellular-763000000,train,,Classic
datasets/waterfall/cellular/f47256b7469aa7b50b6489af48142c59f90abaafc17de67f8147b4ad8313e40d.png,cellular,real-old,legacy-cellular-16x12,train,,
datasets/waterfall/cellular/9880dd3f5a6014ad5705a24281fc355269c13661c6d604992206f5f6ab3024d5.png,cellular,real-old,legacy-cellular-9x17,train,,
datasets/waterfall/cellular/0af88a6fc4428b76bb37e06696a38e7eb2936abb786dbb7f0896defe7c1e4493.png,cellular,synthetic,cellular-50343-0-2,train,cellular,GQRX
datasets/waterfall/cellular/21be389ef6212d1b811f05d5342342b51bffdf5a9afef5bde94d4dac004cb5e2.png,cellular,real-old,legacy-cellular-16x12,train,,
datasets/waterfall/cellular/1960c63790513dc09f058bad07681cba37954a2bd0b292da00fb521f9886438d.png,cellular,real-old,legacy-cellular-25x17,train,,
datasets/waterfall/cellular/e7726ac0455b7be9180643bc3e24e318cf1f794c67593ddf016b626ba5160b73.png,cellular,real-old,legacy-cellular-34x12,train,,
datasets/waterfall/cellular/73b43b201ec9b4b27c3f3d4a5a733756d39a3742c972a6720bbe79617f5c7f96.png,cellular,real-ota,cellular-2660000000,train,,Grey Scale
datasets/waterfall/cellular/02f78e6aa8987d91de5168948a02e3060d8a0182945f399fb1e0069433677b9b.png,cellular,real-old,legacy-cellular-34x12,train,,
datasets/waterfall/cellular/5c11053d6e669b5a68b296c8d84522407e77a28059599ad6d3ba2ce7e45f5958.png,cellular,real-old,legacy-cellular-20x12,train,,
datasets/waterfall/cellular/a87dba6c1c729b2c812b21fa6e3cfd1931325370bb75ee70ac4e5a2bc6affe5e.png,cellular,real-old,legacy-cellular-19x12,train,,
datasets/waterfall/cellular/aeee5d20724f53412666ecde33b89ab3a2770ba204e5e4ac7134393f8c4adccd.png,cellular,synthetic,cellular-66417-0-0,train,cellular,Classic
datasets/waterfall/cellular/15d9a20dae8294d51eac2b50a8e9713b55bc4ce9c0c57bd398f234447b84a19c.png,cellular,synthetic,cellular-50345-0-0,train,cellular,Inferno
datasets/waterfall/cellular/2a392bf33e2de1cfa6af0c776b103d5113517b962600727eef5a478c49c3e93e.png,cellular,real-old,legacy-cellular-13x12,train,,
datasets/waterfall/cellular/29efe4c436dd8d2e5eb8570d15ab654eac32f43609ff51c2bedf03c4df92f5d0.png,cellular,real-old,legacy-cellular-8x17,train,,
datasets/waterfall/cellular/f2c062111d6f83410ca4fc946d53a427a45d4d7ca0b6b6db32be555db7a68f48.png,cellular,synthetic,cellular-73311-0-1,train,cellular,Classic
datasets/waterfall/cellular/5531a2753ee625d7618aae8a310350bc881d588996815baed924f1891cf187cc.png,cellular,real-old,legacy-cellular-34x12,train,,
datasets/waterfall/cellular/a312181ee58c3a395fce323fa57e8a2f30165b915dd752593c98330dce6e469d.png,cellular,real-ota,cellular-1960000000,train,,Classic
datasets/waterfall/cellular/b108fe3dc876f1472573816a268f60c7cf17a49ba518edd28ab5c77556ab2857.png,cellular,real-old,legacy-cellular-34x12,train,,
datasets/waterfall/cellular/16e4786757e50c4b0ce3708e102301a6f67d80dd264bb810f5d3248265c99ea4.png,cellular,real-ota,cellular-875000000,train,,Classic
datasets/waterfall/cellular/5c8e2d83c42f24ada0890845886d6bb318390140a8461e6667e1216b8903b2ec.png,cellular,synthetic,cellular-66416-0-1,train,cellular,Classic
datasets/waterfall/cellular/843e223e7173e702bfaa6e6f12ae143b248cb7dd9018a6482c64963e30cef57b.png,cellular,synthetic,cellular-73311-0-2,train,cellular,Classic
datasets/waterfall/cellular/0a077ef609916b40a7ba9af854ac2fd0af35f43e0492fc02c662a47f378c42df.png,cellular,real-old,legacy-cellular-19x12,train,,
datasets/waterfall/cellular/a769041f5831f51330a93a1a04ac73aebff3d45d46818806e559597ca7df5721.png,cellular,synthetic,cellular-66417-0-2,train,cellular,Classic
datasets/waterfall/cellular/57f5e7a97048c1390de7cb843062276f385ce8735b9ad3c69dca0057f1e32da7.png,cellular,synthetic,cellular-73311-0-0,train,cellular,Classic
datasets/waterfall/cellular/ff9e7d04a381e7fa512f0f8160eba20877abdfa397213abadd1bdddbca73c894.png,cellular,real-old,legacy-cellular-31x9,train,,
datasets/waterfall/cellular/ac872364b0413cfa31f7f053b3f35e896ef1b1c7a82dbda6dce9782a31fbeebe.png,cellular,real-old,legacy-cellular-13x12,train,,
datasets/waterfall/cellular/3dbfa7f56f285b2a1e143ed1970a12e28682ef74c2250ac67a52284e2c574ee3.png,cellular,real-ota,cellular-739000000,train,,Classic
datasets/waterfall/cellular/d98da0d00159ecffef4b25ef981e800e0fb151745937a2d35ef3d30c6813473d.png,cellular,real-ota,cellular-751000000,train,,Classic
datasets/waterfall/cellular/6918337105993192e8a33b634b19600c66666035256288d01949e11004b89092.png,cellular,synthetic,cellular-80172-0-1,train,cellular,Classic
datasets/waterfall/cellular/1b88c7e12b52a3d44c8c8707431f45cd379846247ea00d8f7b05c85bd045179b.png,cellular,real-old,legacy-cellular-18x12,train,,
datasets/waterfall/cellular/979a30081139d92089599558c11169c23cfa6f1c7955660956443ff5b5fa7f0e.png,cellular,real-ota,cellular-739000000,train,,Classic
datasets/waterfall/cellular/ef52edd866d4fe201ca57244007ee3a098f0c1759b9f4a105714382bc7a957fb.png,cellular,real-ota,cellular-739000000,train,,Classic
datasets/waterfall/cellular/b71eb95d5586f373428fe865ee6828a6c098a35bc1dd1e76144d649260b47a34.png,cellular,real-old,legacy-cellular-13x12,train,,
datasets/waterfall/cellular/8006b95e6b01945dbbda902aaa308e4147397694ee550e5b7babc2f09dac3ed1.png,cellular,real-ota,cellular-751000000,train,,Classic
datasets/waterfall/digital-audio-broadcasting/2e30921c3d3853a643414e8d973b6eaa76ed0d821b3cbdd66f0382cc3d1d61c3.png,digital-audio-broadcasting,synthetic,digital-audio-broadcasting-1668-0-2,test,digital-audio-broadcasting,Classic
datasets/waterfall/digital-audio-broadcasting/392f9d8425a09e18495301087a403521bae5fe87fa9f92f389e01fd0b521bd39.png,digital-audio-broadcasting,synthetic,digital-audio-broadcasting-87306-0-0,test,digital-audio-broadcasting,Classic
datasets/waterfall/digital-audio-broadcasting/7502aa4651862938e303da48f5fdadc9299ac9f7d9803aa1e0a01aed35f10a16.png,digital-audio-broadcasting,synthetic,digital-audio-broadcasting-87306-0-1,test,digital-audio-broadcasting,Classic
datasets/waterfall/digital-audio-broadcasting/336d3ba215b8426f93ae0fa78307d114fad959e3209d42e62c0916990d34c3b0.png,digital-audio-broadcasting,synthetic,digital-audio-broadcasting-94731-0-0,test,digital-audio-broadcasting,Classic
datasets/waterfall/digital-audio-broadcasting/f98e70847135819b6436abbb8b5055177a31f0d98bc373e40916e4f98219c869.png,digital-audio-broadcasting,synthetic,digital-audio-broadcasting-94729-0-1,test,digital-audio-broadcasting,Classic
datasets/waterfall/digital-audio-broadcasting/360d81e9f8d6e949c71b3c7511d51f6edde0a7e05c2725182fa7fadc6b342f22.png,digital-audio-broadcasting,synthetic,digital-audio-broadcasting-1667-0-0,test,digital-audio-broadcasting,Classic
datasets/waterfall/digital-audio-broadcasting/9d1c589495c8337474ff0c026e048f7ba7ea474c4eb7d612749e5fd8efd5d59b.png,digital-audio-broadcasting,synthetic,digital-audio-broadcasting-87303-0-2,test,digital-audio-broadcasting,Classic
datasets/waterfall/digital-audio-broadcasting/9a9e48001dbac7081a1b7600326fae1c1ac841cd44c5bb1bba45a722f53ff26d.png,digital-audio-broadcasting,synthetic,digital-audio-broadcasting-44109-0-2,test,digital-audio-broadcasting,Smoke
datasets/waterfall/digital-audio-broadcasting/6af45da331677054456cf4df2ddc735cc8debfd19c9d6112e096a7bbdda2f71f.png,digital-audio-broadcasting,synthetic,digital-audio-broadcasting-44108-0-0,test,digital-audio-broadcasting,Plasma
datasets/waterfall/digital-audio-broadcasting/1f2be1dc0709faa37cb4cd419fa75d791ee29ab31c984251e2d33127509c145c.png,digital-audio-broadcasting,synthetic,digital-audio-broadcasting-50344-0-2,test,digital-audio-broadcasting,GQRX
datasets/waterfall/digital-audio-broadcasting/32537a01e06425a1f0a3b944ac5407d1866f560411e94b873c5805d8270feed4.png,digital-audio-broadcasting,synthetic,digital-audio-broadcasting-94730-0-1,test,digital-audio-broadcasting,Classic
datasets/waterfall/digital-audio-broadcasting/04e8d6070d42a66b5cfc4a7f60866e38f07d8741daafd92327588445a62a54c2.png,digital-audio-broadcasting,synthetic,digital-audio-broadcasting-94728-0-0,test,digital-audio-broadcasting,Classic
datasets/waterfall/digital-audio-broadcasting/63dbe3fb445a8e7f904e07daddba0e19946680f79a426f5ef9940fcfd4ee1103.png,digital-audio-broadcasting,synthetic,digital-audio-broadcasting-1667-0-0,test,digital-audio-broadcasting,Classic
datasets/waterfall/digital-audio-broadcasting/80a1332134508c9cdb481987a4910398216036d6b0149250bd4fbe0ac96c6935.png,digital-audio-broadcasting,synthetic,digital-audio-broadcasting-80172-0-1,test,digital-audio-broadcasting,Classic
datasets/waterfall/digital-audio-broadcasting/33ecb99979429486d9b59f80a6c27ab908c7367be29573d47e576e5f09ea9d49.png,digital-audio-broadcasting,synthetic,digital-audio-broadcasting-73312-0-0,test,digital-audio-broadcasting,Classic
datasets/waterfall/digital-audio-broadcasting/9f1e28653c40815dce48ee29d90ce74a0fe1241dd6cabdb8bdaf92220cfcd1ad.png,digital-audio-broadcasting,synthetic,digital-audio-broadcasting-87304-0-1,test,digital-audio-broadcasting,Classic
datasets/waterfall/digital-audio-broadcasting/4b9c174e5b5c4c0c3f60574d60983dbaf1300ff3ac269139ec8cbf840597be97.png,digital-audio-broadcasting,real-old,legacy-digital-audio-broadcasting-33x12,test,,
datasets/waterfall/digital-audio-broadcasting/089be4afc1decce1a95c7ec78089a258494b475973242736fae10d9655e01e5c.png,digital-audio-broadcasting,synthetic,digital-audio-broadcasting-73312-0-1,test,digital-audio-broadcasting,Classic
datasets/waterfall/digital-audio-broadcasting/81e50d7ebab9a0414fc3abc0f729c05ceb3d7dfae5553dcf3cf156824adf3b79.png,digital-audio-broadcasting,synthetic,digital-audio-broadcasting-73311-0-0,test,digital-audio-broadcasting,Classic
datasets/waterfall/digital-audio-broadcasting/1170473b598a594ef474899edd70558f36234ee01017b7f18e775c0f05f9a822.png,digital-audio-broadcasting,synthetic,digital-audio-broadcasting-87305-0-1,test,digital-audio-broadcasting,Classic
datasets/waterfall/digital-audio-broadcasting/77b133a2e24b846a24d0271b5e8a16308ee3533e7d9dcb6d39225a217ca68a03.png,digital-audio-broadcasting,synthetic,digital-audio-broadcasting-50343-0-2,test,digital-audio-broadcasting,Electric
datasets/waterfall/digital-audio-broadcasting/c2ee7c9e3321d1a1dfadf4394c4f6ce8541a53b5104fc5546110c818c59f0b4b.png,digital-audio-broadcasting,synthetic,digital-audio-broadcasting-94730-0-2,test,digital-audio-broadcasting,Classic
datasets/waterfall/digital-audio-broadcasting/8e750f292f9d7a3c6641132324f0503c52eace6afb4138727b97ca1c0ab77afc.png,digital-audio-broadcasting,synthetic,digital-audio-broadcasting-50345-0-1,test,digital-audio-broadcasting,Grey Scale
datasets/waterfall/digital-audio-broadcasting/121cb4e7b9e0c112291528d3d6cb9be45d66d63f1f844b071fdf89e16b8060d8.png,digital-audio-broadcasting,synthetic,digital-audio-broadcasting-1668-0-1,test,digital-audio-broadcasting,Classic
datasets/waterfall/digital-audio-broadcasting/e60179f5d132aa3032c72dd234c6a72fa33545a1f78e0ae2b5f3ecc324d1816d.png,digital-audio-broadcasting,synthetic,digital-audio-broadcasting-94731-0-1,test,digital-audio-broadcasting,Classic
datasets/waterfall/digital-audio-broadcasting/feeb2c46b95d6da280421090bf4245e66faa19cbe5a0bbddb975c810b5ab1876.png,digital-audio-broadcasting,synthetic,digital-audio-broadcasting-73310-0-2,val,digital-audio-broadcasting,Classic
datasets/waterfall/digital-audio-broadcasting/268817bf12fefe7a177fff5038fd8f4b5c388a89d8e422707886676480522ed8.png,digital-audio-broadcasting,synthetic,digital-audio-broadcasting-94731-0-0,val,digital-audio-broadcasting,Classic
datasets/waterfall/digital-audio-broadcasting/51cbc61773bf0fef96c2be2b6db1341362ac092fe678e60eb9f5bfbb912d5472.png,digital-audio-broadcasting,real-old,legacy-digital-audio-broadcasting-32x12,val,,
datasets/waterfall/digital-audio-broadcasting/c63e2aecf0bfb809e4284556b00d00cbc1dee89a1138aec37da292a6e975a766.png,digital-audio-broadcasting,synthetic,digital-audio-broadcasting-1669-0-1,val,digital-audio-broadcasting,Classic
datasets/waterfall/digital-audio-broadcasting/3063a080ed78571fad6b0002af05f2797640363ce1f3799e1fcf92aea5567a0f.png,digital-audio-broadcasting,synthetic,digital-audio-broadcasting-66418-0-1,val,digital-audio-broadcasting,Classic
datasets/waterfall/digital-audio-broadcasting/51189ca1eda55666a6a5b572378132f59b8bb600450ab6fcd9dcd13bc8f28020.png,digital-audio-broadcasting,synthetic,digital-audio-broadcasting-87305-0-2,val,digital-audio-broadcasting,Classic
datasets/waterfall/digital-audio-broadcasting/1dfd70918104eb49fe243ec94bc7c6ba9195808d65c49bc69975c2867eeb513c.png,digital-audio-broadcasting,real-old,legacy-digital-audio-broadcasting-33x12,val,,
datasets/waterfall/digital-audio-broadcasting/2581b2038b01592a76e7762d7d5760a25fdd5d78aa1e5f0c944d774af167451d.png,digital-audio-broadcasting,synthetic,digital-audio-broadcasting-94731-0-1,val,digital-audio-broadcasting,Classic
datasets/waterfall/digital-audio-broadcasting/94a844446bd12962b1bf9f0d6d1acadd06ecdf7fc84004e7bdb8071b661f4911.png,digital-audio-broadcasting,synthetic,digital-audio-broadcasting-66417-0-1,val,digital-audio-broadcasting,Classic
datasets/waterfall/digital-audio-broadcasting/c4e8d0b9c29c3e25df6a628913ec69c6e42eb57dad98590de92fd2d72e5b2f0c.png,digital-audio-broadcasting,real-old,legacy-digital-audio-broadcasting-33x12,val,,
datasets/waterfall/digital-audio-broadcasting/ad6eeba78250b546314dfd01814f5fc8516561276d352dda7c861ea1c31c03fb.png,digital-audio-broadcasting,synthetic,digital-audio-broadcasting-94729-0-1,val,digital-audio-broadcasting,Classic
datasets/waterfall/digital-audio-broadcasting/a57c13536fd43e3f2403709a6fd7b0ca21b349d6541526e12afc651bed23cf10.png,digital-audio-broadcasting,synthetic,digital-audio-broadcasting-73312-0-2,val,digital-audio-broadcasting,Classic
datasets/waterfall/digital-audio-broadcasting/a4f4d22060c6c0ce1ea03584323951f572fd247d45f6f1c0c7b2b044550cd8b2.png,digital-audio-broadcasting,real-old,legacy-digital-audio-broadcasting-33x12,val,,
datasets/waterfall/digital-audio-broadcasting/a29bd67a82fa364598d67b8ad536488f8501a440bf16fa95840a6349772fa1dc.png,digital-audio-broadcasting,synthetic,digital-audio-broadcasting-83464-0-2,val,digital-audio-broadcasting,Classic
datasets/waterfall/digital-audio-broadcasting/c05a52154930e9f7934aa59ef17959f21a418dcc84ca63b9e2b54d5deccd39b2.png,digital-audio-broadcasting,synthetic,digital-audio-broadcasting-66417-0-0,val,digital-audio-broadcasting,Classic
datasets/waterfall/digital-audio-broadcasting/9612bbadd49091b6ec2a37c9fca41ce8f488bf097b5d6414744ce66b31f744af.png,digital-audio-broadcasting,real-old,legacy-digital-audio-broadcasting-33x12,val,,
datasets/waterfall/digital-audio-broadcasting/a33d18d9d343b105188a746e2000e99889714e2339fb73cdbacee2bcb7341d90.png,digital-audio-broadcasting,synthetic,digital-audio-broadcasting-80172-0-2,val,digital-audio-broadcasting,Classic
datasets/waterfall/digital-audio-broadcasting/1dee657c526675516495368e011f1f21748fa5f1c959415d7a51e314dc819e1c.png,digital-audio-broadcasting,synthetic,digital-audio-broadcasting-94728-0-1,val,digital-audio-broadcasting,Classic
datasets/waterfall/digital-audio-broadcasting/85381fd1833841f37ab0028e86d41a000f9c4f5230c72420bbe8040ca532ca5b.png,digital-audio-broadcasting,synthetic,digital-audio-broadcasting-66417-0-1,val,digital-audio-broadcasting,Classic
datasets/waterfall/digital-audio-broadcasting/75f4b4f2c1b5bb3f252397088cd6876955ac0aa7eec6748e15a415b3e9655b23.png,digital-audio-broadcasting,synthetic,digital-audio-broadcasting-66417-0-2,val,digital-audio-broadcasting,Classic
datasets/waterfall/digital-audio-broadcasting/4658650855738082357955ae3180775d82af3a5b1a852a6127a69d9a2413b046.png,digital-audio-broadcasting,synthetic,digital-audio-broadcasting-80172-0-1,val,digital-audio-broadcasting,Classic
datasets/waterfall/digital-audio-broadcasting/57b109428ded96ed5c931d7128418e37c82a9db1397f7511858d30f4fc1654cd.png,digital-audio-broadcasting,synthetic,digital-audio-broadcasting-66417-0-2,val,digital-audio-broadcasting,Classic
datasets/waterfall/digital-audio-broadcasting/c41d5521ffdf84e1f5b97d6e8c1f15578dee1161750787b4f3698038fea52115.png,digital-audio-broadcasting,synthetic,digital-audio-broadcasting-66418-0-2,val,digital-audio-broadcasting,Classic
datasets/waterfall/digital-audio-broadcasting/48c0bd8e9a6880daaeac8480d799dc7a5ab97cc1b1388b55718da7a88bbdf347.png,digital-audio-broadcasting,synthetic,digital-audio-broadcasting-83464-0-1,val,digital-audio-broadcasting,Classic
datasets/waterfall/digital-audio-broadcasting/a368a3acb98bbdfa48f92f8cfea00b56a30602c39515eca74239797029c9ed93.png,digital-audio-broadcasting,synthetic,digital-audio-broadcasting-94728-0-2,val,digital-audio-broadcasting,Classic
datasets/waterfall/digital-audio-broadcasting/1b1003769ffcd1a49d20fd8920494e82ee9bf84cc207e6662f87c97be099066d.png,digital-audio-broadcasting,synthetic,digital-audio-broadcasting-80172-0-0,train,digital-audio-broadcasting,Classic
datasets/waterfall/digital-audio-broadcasting/3f79381c5096437b94106455b163a12b0859deb30a383762fd9cefaff47b5609.png,digital-audio-broadcasting,synthetic,digital-audio-broadcasting-50345-0-2,train,digital-audio-broadcasting,Grey Scale
datasets/waterfall/digital-audio-broadcasting/e5b6fc7dcac862d29a86e521669e34fbf6d6a5d15059cc9cc0c86b51facfa4cc.png,digital-audio-broadcasting,synthetic,digital-audio-broadcasting-83463-0-2,train,digital-audio-broadcasting,Classic
datasets/waterfall/digital-audio-broadcasting/79764d310e6b0a1f6ca903e04e7d962221687d6d9ab31cc24e000d0882d7c05e.png,digital-audio-broadcasting,synthetic,digital-audio-broadcasting-1668-0-0,train,digital-audio-broadcasting,Classic
datasets/waterfall/digital-audio-broadcasting/8482e3503fd5a8b7db3779cb7430d2a9c76a75f80cfa467ed3a0170c32302248.png,digital-audio-broadcasting,synthetic,digital-audio-broadcasting-94730-0-1,train,digital-audio-broadcasting,Classic
datasets/waterfall/digital-audio-broadcasting/bac64c182f796242dfb1f1d111ec7b446833a1d9bb29d3fbab89723829c011dd.png,digital-audio-broadcasting,synthetic,digital-audio-broadcasting-1668-0-2,train,digital-audio-broadcasting,Classic
datasets/waterfall/digital-audio-broadcasting/59b9bfae966338d483538dded51e680be5c0843bc1a3d91b884d6d11b2c914cf.png,digital-audio-broadcasting,synthetic,digital-audio-broadcasting-73311-0-1,train,digital-audio-broadcasting,Classic
datasets/waterfall/digital-audio-broadcasting/8a3705ef64323d3f06c992a6a1e5d316d063c42a35dbb7d90dbe87a7baf3ee3f.png,digital-audio-broadcasting,real-old,legacy-digital-audio-broadcasting-33x12,train,,
datasets/waterfall/digital-audio-broadcasting/e7f3a3ca2e0f877954f9d58271e51c897095ab33d57bf96d1f8cc495e1cf2eb6.png,digital-audio-broadcasting,synthetic,digital-audio-broadcasting-94729-0-0,train,digital-audio-broadcasting,Classic
datasets/waterfall/digital-audio-broadcasting/f01d7a9a222a713546ed4563720e19dea162360232cf0499e70d6139de20b0c8.png,digital-audio-broadcasting,synthetic,digital-audio-broadcasting-73311-0-0,train,digital-audio-broadcasting,Classic
datasets/waterfall/digital-audio-broadcasting/02c406eced73472b2391d1d8d74d8d4aaa3e74ca07b23a7de04fa1b6f66c2ab4.png,digital-audio-broadcasting,synthetic,digital-audio-broadcasting-1668-0-1,train,digital-audio-broadcasting,Classic
datasets/waterfall/digital-audio-broadcasting/df54bcc68e449cf4767f555834e43262d129d6adc6501897493c53d36875c400.png,digital-audio-broadcasting,real-old,legacy-digital-audio-broadcasting-33x12,train,,
datasets/waterfall/digital-audio-broadcasting/55560c6664a049aa421706f72cfa59b300b99aab35ec29e7f9c3f031e1cbb2d4.png,digital-audio-broadcasting,synthetic,digital-audio-broadcasting-80172-0-0,train,digital-audio-broadcasting,Classic
datasets/waterfall/digital-audio-broadcasting/4d447b99070e304f7e1a8009018490a3f8c28c0ef3f8cecb437f1a8b2d00cfbd.png,digital-audio-broadcasting,synthetic,digital-audio-broadcasting-66416-0-1,train,digital-audio-broadcasting,Classic
datasets/waterfall/digital-audio-broadcasting/819058234000b654c9a3cf3afd6daa67445f4d4f9b333fc30ac4e6f2d65971eb.png,digital-audio-broadcasting,synthetic,digital-audio-broadcasting-87304-0-2,train,digital-audio-broadcasting,Classic
datasets/waterfall/digital-audio-broadcasting/34162804d72a53022ed521bcc47efe2484f7e357cbb9449934a558ac393dfd2c.png,digital-audio-broadcasting,synthetic,digital-audio-broadcasting-80172-0-2,train,digital-audio-broadcasting,Classic
datasets/waterfall/digital-audio-broadcasting/31e5692a9bf54eca69e0d28914e3d92369a5cac2522a9901d1b3b56c6ca3c934.png,digital-audio-broadcasting,synthetic,digital-audio-broadcasting-44109-0-0,train,digital-audio-broadcasting,Smoke
datasets/waterfall/digital-audio-broadcasting/346b6841a5f43c506cba09cb5d3195d33ccbd3f4d9302a4f3d59dd7d83ea3c61.png,digital-audio-broadcasting,synthetic,digital-audio-broadcasting-50345-0-0,train,digital-audio-broadcasting,Grey Scale
datasets/waterfall/digital-audio-broadcasting/02d6e5afaeb34175c2215c10a78060040a5b6e967e0e0c06c8c4ecdeb0c541ea.png,digital-audio-broadcasting,synthetic,digital-audio-broadcasting-83464-0-0,train,digital-audio-broadcasting,Classic
datasets/waterfall/digital-audio-broadcasting/d1fb96b1db324d79c078b3cd92c48da4d25c1b288fd9f8964acb4c10fd0d7045.png,digital-audio-broadcasting,synthetic,digital-audio-broadcasting-66417-0-0,train,digital-audio-broadcasting,Classic
datasets/waterfall/digital-audio-broadcasting/a404faf46f5e4de84aa98801471ae70a34032380dce02985c9fc26d577abecbb.png,digital-audio-broadcasting,synthetic,digital-audio-broadcasting-44110-0-2,train,digital-audio-broadcasting,Temper Colors
datasets/waterfall/digital-audio-broadcasting/630be8ed734472a2c9c303fe20eeaea5be8ddf0ea3ec7555d734bf1be33bdc63.png,digital-audio-broadcasting,synthetic,digital-audio-broadcasting-94729-0-2,train,digital-audio-broadcasting,Classic
datasets/waterfall/digital-audio-broadcasting/1dfd46f8de77d88897a8ac1866e73dcb56cc38f86611eca475f3869dd9e699d0.png,digital-audio-broadcasting,real-old,legacy-digital-audio-broadcasting-33x12,train,,
datasets/waterfall/digital-audio-broadcasting/f3f45addacd815cda0b98018b99ec62cc6516e82e12ca108f0dd58ea895ca19b.png,digital-audio-broadcasting,real-old,legacy-digital-audio-broadcasting-33x12,train,,
datasets/waterfall/digital-audio-broadcasting/1ed1a4b3d572ad8043a50f49a3b613a6df5a51e241836d29ea0dfec5a43ef7c1.png,digital-audio-broadcasting,synthetic,digital-audio-broadcasting-66418-0-1,train,digital-audio-broadcasting,Classic
datasets/waterfall/digital-audio-broadcasting/7277de96e19cb4bb4d630fa4168f4920b588ff7d86423d005b7735affd2ccf8f.png,digital-audio-broadcasting,synthetic,digital-audio-broadcasting-73312-0-1,train,digital-audio-broadcasting,Classic
datasets/waterfall/digital-audio-broadcasting/5ad691021b7feef6ca25b5a6f9024aea6a5729aa35d7be25e3483742b015a841.png,digital-audio-broadcasting,real-old,legacy-digital-audio-broadcasting-33x12,train,,
datasets/waterfall/digital-audio-broadcasting/28117c34e5cc25877cabd4c8c5cd9fc51f20f4326515d24c66e89625b1840c75.png,digital-audio-broadcasting,synthetic,digital-audio-broadcasting-94728-0-2,train,digital-audio-broadcasting,Classic
datasets/waterfall/digital-audio-broadcasting/b21297fcc8d2819ffe76de2e1a52c65fdfa099f423e55dae478ec5be12f8f1fd.png,digital-audio-broadcasting,synthetic,digital-audio-broadcasting-83464-0-2,train,digital-audio-broadcasting,Classic
datasets/waterfall/digital-audio-broadcasting/d100cdc1046bafe1014e7e7e2fe741b52054af277209741fcb97ab469019b115.png,digital-audio-broadcasting,synthetic,digital-audio-broadcasting-87306-0-2,train,digital-audio-broadcasting,Classic
datasets/waterfall/digital-audio-broadcasting/07e43bd45d3f2130a88ae6a2edbdd4368f95f497a18456fb5423b62a7d6d6425.png,digital-audio-broadcasting,synthetic,digital-audio-broadcasting-87306-0-0,train,digital-audio-broadcasting,Classic
datasets/waterfall/digital-audio-broadcasting/19726db04ce2ce7f725ba1fb0835341bf18c20e833c159bac2022da6f0ed6af1.png,digital-audio-broadcasting,synthetic,digital-audio-broadcasting-83464-0-0,train,digital-audio-broadcasting,Classic
datasets/waterfall/digital-audio-broadcasting/19804eefd87b989faaa995b20e2a11bc30458a7e9fd13924844446409f16f2f9.png,digital-audio-broadcasting,synthetic,digital-audio-broadcasting-1670-0-0,train,digital-audio-broadcasting,Classic
datasets/waterfall/digital-audio-broadcasting/3d29299f6ef082898f6fb2700d98cff4734aaf2c3ee6ae6af9835c85f3f894a8.png,digital-audio-broadcasting,synthetic,digital-audio-broadcasting-73310-0-1,train,digital-audio-broadcasting,Classic
datasets/waterfall/digital-audio-broadcasting/840c2d43b38503c53774401071cfff7596d8521e9b38eecf7439bbaafbc66a75.png,digital-audio-broadcasting,real-old,legacy-digital-audio-broadcasting-33x12,train,,
datasets/waterfall/digital-audio-broadcasting/49cda1a5b13acdfa82728a1f55a16b587aeb3f65d857091d1fac4344c407f887.png,digital-audio-broadcasting,real-old,legacy-digital-audio-broadcasting-33x12,train,,
datasets/waterfall/digital-audio-broadcasting/a6d427e76d6d0c7107b335b263eaa681ea4ad5882283b33dbe7fb0b908c40d64.png,digital-audio-broadcasting,real-old,legacy-digital-audio-broadcasting-33x12,train,,
datasets/waterfall/digital-audio-broadcasting/0c190253fb8558e37de1d4a1fccb11a2998af98e814db580d51bd0f346a10c9b.png,digital-audio-broadcasting,real-old,legacy-digital-audio-broadcasting-33x12,train,,
datasets/waterfall/digital-audio-broadcasting/1860ad12df5af6e262e9246f75ebd68db8e63acd44a8a2fe1fa65873c44411e7.png,digital-audio-broadcasting,synthetic,digital-audio-broadcasting-44108-0-2,train,digital-audio-broadcasting,Plasma
datasets/waterfall/digital-audio-broadcasting/68139f6d0db3c4143185d3d078346386eafa5a1d2629b6fbe14db6daaf87f462.png,digital-audio-broadcasting,synthetic,digital-audio-broadcasting-301-0-0,train,digital-audio-broadcasting,Classic
datasets/waterfall/digital-audio-broadcasting/10341a8f1762b836cf8ea11aea1bdb4ea7dcbd7957549e65327fc06e7e194f2a.png,digital-audio-broadcasting,synthetic,digital-audio-broadcasting-87303-0-2,train,digital-audio-broadcasting,Classic
datasets/waterfall/digital-audio-broadcasting/a3e21e883e1601828e4aa59910678a2d810171546b88910976b491927fa220d2.png,digital-audio-broadcasting,synthetic,digital-audio-broadcasting-44107-0-0,train,digital-audio-broadcasting,Magma
datasets/waterfall/digital-audio-broadcasting/d81b53ab24a6d9a157d8e40446ac399fa720caaa8464c33bc469114a4508dc16.png,digital-audio-broadcasting,synthetic,digital-audio-broadcasting-1670-0-0,train,digital-audio-broadcasting,Classic
datasets/waterfall/digital-audio-broadcasting/812baa64d97a8c0c4c276dfb5dca6fdd0f8c4f8f3c21788d9dd20a37295d52db.png,digital-audio-broadcasting,synthetic,digital-audio-broadcasting-94731-0-2,train,digital-audio-broadcasting,Classic
datasets/waterfall/digital-audio-broadcasting/529f65349e269f2bb6b9fcfc784cdd7109119dcddacc7985c617f7b190589629.png,digital-audio-broadcasting,synthetic,digital-audio-broadcasting-73310-0-0,train,digital-audio-broadcasting,Classic
datasets/waterfall/digital-audio-broadcasting/f3b4be07eeef55a0f2565bde2a232d14d1b46f8a7e99ba51bdc35390a93b23ac.png,digital-audio-broadcasting,synthetic,digital-audio-broadcasting-1667-0-2,train,digital-audio-broadcasting,Classic
datasets/waterfall/digital-audio-broadcasting/404c8af5c0908c45a99c0a529e3d7167c4bde603d687b1dfe1ed5550b2c904c3.png,digital-audio-broadcasting,real-old,legacy-digital-audio-broadcasting-33x12,train,,
datasets/waterfall/digital-audio-broadcasting/26a77ecc0c2b6c335d8c7b38d4e988e2fdc35d0bdd0c0542ca47d46981915964.png,digital-audio-broadcasting,synthetic,digital-audio-broadcasting-94731-0-2,train,digital-audio-broadcasting,Classic
datasets/waterfall/digital-audio-broadcasting/a0e67f844ec05cb306a4c3213a1e6744d92432095c7ef33dac620ecb586e6ff6.png,digital-audio-broadcasting,synthetic,digital-audio-broadcasting-94730-0-0,train,digital-audio-broadcasting,Classic
datasets/waterfall/digital-audio-broadcasting/fd653ac93083368fd0469d8a280d66bf8c67167d547ce01047f4b63e1ef5b816.png,digital-audio-broadcasting,synthetic,digital-audio-broadcasting-73310-0-2,train,digital-audio-broadcasting,Classic
datasets/waterfall/digital-audio-broadcasting/e0265dbcca6f4f8000ffcfdfa6c544a0edb2e748b43ae0e80007e76ebe2354a6.png,digital-audio-broadcasting,synthetic,digital-audio-broadcasting-1670-0-1,train,digital-audio-broadcasting,Classic
datasets/waterfall/digital-audio-broadcasting/201b3449f57d1b0dc9fc14df4836a943b1f55d50e6b4b5d47305854549172dac.png,digital-audio-broadcasting,synthetic,digital-audio-broadcasting-66416-0-2,train,digital-audio-broadcasting,Classic
datasets/waterfall/digital-audio-broadcasting/e3b91f4bbab4127a7115fdb2245a127b2617a0ad32b98660fcdd944eed831fb1.png,digital-audio-broadcasting,synthetic,digital-audio-broadcasting-87303-0-0,train,digital-audio-broadcasting,Classic
datasets/waterfall/digital-audio-broadcasting/5817bc53a48da4532f55fef0839e7f47fb59b1d41e982deff981835b126fcfcc.png,digital-audio-broadcasting,synthetic,digital-audio-broadcasting-83463-0-0,train,digital-audio-broadcasting,Classic
datasets/waterfall/digital-audio-broadcasting/bfc856b30fa410aa90af592680fe3990626064cfe2fe4871c87b7741c02e6559.png,digital-audio-broadcasting,synthetic,digital-audio-broadcasting-66418-0-2,train,digital-audio-broadcasting,Classic
datasets/waterfall/digital-audio-broadcasting/baf95cc40d81af22a5cb2460bf7f492033817d9bd725dff1f67430881b5dde2e.png,digital-audio-broadcasting,real-old,legacy-digital-audio-broadcasting-20x8,train,,
datasets/waterfall/digital-audio-broadcasting/0ea7b91cea6c534b5a0c93be7eb6f1fce6c96e875d2bbfbe46cf91e98bae30eb.png,digital-audio-broadcasting,synthetic,digital-audio-broadcasting-83463-0-1,train,digital-audio-broadcasting,Classic
datasets/waterfall/digital-audio-broadcasting/f7a799ef9094ab62b112764fd820522c0765e36a5771a37da4ade9f9dfe01cef.png,digital-audio-broadcasting,synthetic,digital-audio-broadcasting-66418-0-0,train,digital-audio-broadcasting,Classic
datasets/waterfall/digital-audio-broadcasting/68c38211ff86eb9c89eaa4679022d83c779f5c5ee60fdf6fb3f387bc9e0a3c93.png,digital-audio-broadcasting,real-old,legacy-digital-audio-broadcasting-33x12,train,,
datasets/waterfall/digital-audio-broadcasting/14136ec72b8a559295666cf2fc06b2dca70d80c8251224a1ce3e03f83ddbd84f.png,digital-audio-broadcasting,synthetic,digital-audio-broadcasting-73310-0-1,train,digital-audio-broadcasting,Classic
datasets/waterfall/digital-audio-broadcasting/1d50d4d683a6e00cc1ee205faf0d1154315cb3d6c39cfd2be97436811a79a2aa.png,digital-audio-broadcasting,synthetic,digital-audio-broadcasting-1669-0-2,train,digital-audio-broadcasting,Classic
datasets/waterfall/digital-audio-broadcasting/928c052b7ba2e16e0fb8a60ef096fc129622f09b29ade77d9dd4356e5832e964.png,digital-audio-broadcasting,synthetic,digital-audio-broadcasting-94730-0-0,train,digital-audio-broadcasting,Classic
datasets/waterfall/digital-audio-broadcasting/4424b0e582fa594c018dd8dcbf6b815a48b8f88d9aaa5c5b0dcaa52f7285e4d0.png,digital-audio-broadcasting,synthetic,digital-audio-broadcasting-87303-0-1,train,digital-audio-broadcasting,Classic
datasets/waterfall/digital-audio-broadcasting/1981a02595d817c71226d17e865524f22852d28b98012cd1cf8fcc1a82985330.png,digital-audio-broadcasting,synthetic,digital-audio-broadcasting-87305-0-1,train,digital-audio-broadcasting,Classic
datasets/waterfall/digital-audio-broadcasting/26f48eb430102f8116539eaec6a98f77e8f5b2a9f23b66b416e8b9a2a6a41290.png,digital-audio-broadcasting,synthetic,digital-audio-broadcasting-94728-0-0,train,digital-audio-broadcasting,Classic
datasets/waterfall/digital-audio-broadcasting/a36f155670632e21b5916758eaa8eca8704adf8853d002ecdef1484012d8a3e8.png,digital-audio-broadcasting,synthetic,digital-audio-broadcasting-44109-0-1,train,digital-audio-broadcasting,Smoke
datasets/waterfall/digital-audio-broadcasting/925a5ce1ed2f0a81295bcb8898e606f10dd38306abd288af0c8e6cbc0b585bc4.png,digital-audio-broadcasting,synthetic,digital-audio-broadcasting-1669-0-0,train,digital-audio-broadcasting,Classic
datasets/waterfall/digital-audio-broadcasting/0f26f5ec525298f1141fddd14392bfdfec0f01033e0064363e13a55a219f8415.png,digital-audio-broadcasting,synthetic,digital-audio-broadcasting-94729-0-2,train,digital-audio-broadcasting,Classic
datasets/waterfall/digital-audio-broadcasting/e133d8a843ad0933228093f92e0170db3485999b494d25ee9a03016abf48cfc2.png,digital-audio-broadcasting,synthetic,digital-audio-broadcasting-44107-0-1,train,digital-audio-broadcasting,Magma
datasets/waterfall/digital-audio-broadcasting/0664d7c43a9ace67ba8cc9071d5bc851b8121073505d0f26461779dc3457dfcf.png,digital-audio-broadcasting,synthetic,digital-audio-broadcasting-1669-0-1,train,digital-audio-broadcasting,Classic
datasets/waterfall/digital-audio-broadcasting/4e56099dcf17eec480c28cd2b71262993d8ad0ea60c2dc6260ee1cd6596e7d11.png,digital-audio-broadcasting,synthetic,digital-audio-broadcasting-1668-0-0,train,digital-audio-broadcasting,Classic
datasets/waterfall/digital-audio-broadcasting/770fd102ed1ea27325fcac8eb2a6f07ed36fb0f3d6d62fc4fdf0e912398be5cd.png,digital-audio-broadcasting,synthetic,digital-audio-broadcasting-1670-0-1,train,digital-audio-broadcasting,Classic
datasets/waterfall/digital-audio-broadcasting/2fd6546574967d9d48459915d10fefe3836b33b9719462deaf88c48ddf9ec3c5.png,digital-audio-broadcasting,synthetic,digital-audio-broadcasting-1670-0-2,train,digital-audio-broadcasting,Classic
datasets/waterfall/digital-audio-broadcasting/f7711ec6e5ff3b64db14a865c5b27794d735024f7f93d6505d0e33d994f0c073.png,digital-audio-broadcasting,synthetic,digital-audio-broadcasting-1670-0-2,train,digital-audio-broadcasting,Classic
datasets/waterfall/digital-audio-broadcasting/fc2bec2a76c940652ff1011bf2f80ce869c15efbd72d849f1967f364318f1c95.png,digital-audio-broadcasting,synthetic,digital-audio-broadcasting-73312-0-2,train,digital-audio-broadcasting,Classic
datasets/waterfall/digital-audio-broadcasting/73d9cada70e4233f71924c46225e09685ca0532417c9459803471fdec25dc1a9.png,digital-audio-broadcasting,real-old,legacy-digital-audio-broadcasting-33x12,train,,
datasets/waterfall/digital-audio-broadcasting/5a5f914dc4572d1cf7ef54692b7734640216399097c1690760aeb483a174b0cc.png,digital-audio-broadcasting,synthetic,digital-audio-broadcasting-83464-0-1,train,digital-audio-broadcasting,Classic
datasets/waterfall/digital-audio-broadcasting/68ee432b9b88da48b54526d2e8d8168b962bb20e195c1b7ad213f0d73ad979d4.png,digital-audio-broadcasting,synthetic,digital-audio-broadcasting-1667-0-1,train,digital-audio-broadcasting,Classic
datasets/waterfall/digital-audio-broadcasting/b1dc7adbb7a2b95592e6761d9dbc846824095a04561687febac8b2b8bc2860ee.png,digital-audio-broadcasting,synthetic,digital-audio-broadcasting-83463-0-1,train,digital-audio-broadcasting,Classic
datasets/waterfall/digital-audio-broadcasting/06ab30aa6c0b47befd0f32704462c8e6a2aac8841261525bb91314f5516fd0d2.png,digital-audio-broadcasting,real-old,legacy-digital-audio-broadcasting-33x12,train,,
datasets/waterfall/digital-audio-broadcasting/b7d8f77f073ff77ccb715e2ce2a89b965154597556eacbba4b24a095323317fb.png,digital-audio-broadcasting,synthetic,digital-audio-broadcasting-44110-0-0,train,digital-audio-broadcasting,Temper Colors
datasets/waterfall/digital-audio-broadcasting/2b3eb2c9da35ff1f41c32dd9b98208bb753e6b8646cf94cc137abc94a5b5e41c.png,digital-audio-broadcasting,synthetic,digital-audio-broadcasting-44107-0-2,train,digital-audio-broadcasting,Magma
datasets/waterfall/digital-audio-broadcasting/42e60b5379c47fb87aae3a808726f67c3e108998e3fba115cbd18b4eaa8c25d7.png,digital-audio-broadcasting,synthetic,digital-audio-broadcasting-1667-0-1,train,digital-audio-broadcasting,Classic
datasets/waterfall/digital-audio-broadcasting/a1eb498b8515dc30c9ba8c0b1a46465386ecfdb720bff5ad562e9da76ea542d0.png,digital-audio-broadcasting,synthetic,digital-audio-broadcasting-73312-0-0,train,digital-audio-broadcasting,Classic
datasets/waterfall/digital-audio-broadcasting/0e8bd0d613f18e4e2a214cb5b5f60c9548dc25c0952bccb712b582de6ac40418.png,digital-audio-broadcasting,synthetic,digital-audio-broadcasting-73311-0-2,train,digital-audio-broadcasting,Classic
datasets/waterfall/digital-audio-broadcasting/baebc1bf954c4daae6bd4ee57551698b423ec6051a2019da386bc9358fe4c1ef.png,digital-audio-broadcasting,synthetic,digital-audio-broadcasting-87304-0-2,train,digital-audio-broadcasting,Classic
datasets/waterfall/digital-audio-broadcasting/7d2a4c06a4e40505c5e042469170b269a929988da3966a584fafad44cd9b831b.png,digital-audio-broadcasting,synthetic,digital-audio-broadcasting-94730-0-2,train,digital-audio-broadcasting,Classic
datasets/waterfall/digital-audio-broadcasting/73276925811c76329cdce1fa1cfdf1c19f1a2e99108ec43693ec30b66f79117e.png,digital-audio-broadcasting,synthetic,digital-audio-broadcasting-44108-0-1,train,digital-audio-broadcasting,Plasma
datasets/waterfall/digital-audio-broadcasting/774c65c641979acda1b44fbc2fe5edb508b08e87d78f5d27687d4c245698c6f5.png,digital-audio-broadcasting,synthetic,digital-audio-broadcasting-87303-0-1,train,digital-audio-broadcasting,Classic
datasets/waterfall/digital-audio-broadcasting/71ba41ad64e528be6e87ac91545e3aa0e2be20e35ca46f30fa5449a6000cc4b2.png,digital-audio-broadcasting,real-old,legacy-digital-audio-broadcasting-33x12,train,,
datasets/waterfall/digital-audio-broadcasting/d22655944c817b1ed0d3069ec357970921716bea3441ad2888b9a4f57b091741.png,digital-audio-broadcasting,synthetic,digital-audio-broadcasting-83463-0-2,train,digital-audio-broadcasting,Classic
datasets/waterfall/digital-audio-broadcasting/2807b8b602838925cd81db22d6eed1ee480381ff438c7e2b61dd9e538176e3d1.png,digital-audio-broadcasting,synthetic,digital-audio-broadcasting-66418-0-0,train,digital-audio-broadcasting,Classic
datasets/waterfall/digital-audio-broadcasting/ecba6820319096b7456ae6a9e2f693494fa5c84914b1610bbc8e13fac6a7d68d.png,digital-audio-broadcasting,synthetic,digital-audio-broadcasting-73311-0-1,train,digital-audio-broadcasting,Classic
datasets/waterfall/digital-audio-broadcasting/e3ddc407b94fcc248e552715f14b350d8f56934f3d6ebb27f30a1d78b414a5d1.png,digital-audio-broadcasting,synthetic,digital-audio-broadcasting-1667-0-2,train,digital-audio-broadcasting,Classic
datasets/waterfall/digital-audio-broadcasting/97926ab0e06f5e33182fa979e32f6d8f9216d83dada3f04cf05ec0eac0f8b1c4.png,digital-audio-broadcasting,synthetic,digital-audio-broadcasting-1669-0-2,train,digital-audio-broadcasting,Classic
datasets/waterfall/digital-audio-broadcasting/334eb04775d943febbe3caf45025d650bbc5343b848edf69cf5d46b7b302edd1.png,digital-audio-broadcasting,synthetic,digital-audio-broadcasting-94728-0-1,train,digital-audio-broadcasting,Classic
datasets/waterfall/digital-audio-broadcasting/9734e4a8fdefa16f3b7c41dd60f3b1cb6484d4c93fb455f50448b7ee041cb894.png,digital-audio-broadcasting,real-old,legacy-digital-audio-broadcasting-32x12,train,,
datasets/waterfall/digital-audio-broadcasting/dbd2ed2827966197e50f689c2688d873c45c563f1b5f89ddb29e52fb685d03a4.png,digital-audio-broadcasting,synthetic,digital-audio-broadcasting-87304-0-1,train,digital-audio-broadcasting,Classic
datasets/waterfall/digital-audio-broadcasting/65aff0a67d2f6c57de9417cb8797b246abb824b7daaa9431d5263148b9d8a95c.png,digital-audio-broadcasting,synthetic,digital-audio-broadcasting-87304-0-0,train,digital-audio-broadcasting,Classic
datasets/waterfall/digital-audio-broadcasting/cca98abee9b580a6e48734c2e1935dea45dca133d3bfdcbe45f46b6c518c4a8c.png,digital-audio-broadcasting,real-old,legacy-digital-audio-broadcasting-33x12,train,,
datasets/waterfall/digital-audio-broadcasting/1786af741b069487c9304bd255380dc694708d75937ad00e6481b2d48fd9db1d.png,digital-audio-broadcasting,synthetic,digital-audio-broadcasting-87305-0-0,train,digital-audio-broadcasting,Classic
datasets/waterfall/digital-audio-broadcasting/fac3f29696dfcb8d1a39bbe390bce9665b67355bd6046e785e3a2dcecf5c50f6.png,digital-audio-broadcasting,synthetic,digital-audio-broadcasting-87305-0-2,train,digital-audio-broadcasting,Classic
datasets/waterfall/digital-audio-broadcasting/213e47cb18e622a7482203662cb4e5a2e00a808543bdc1e6ebf8fa75966a2019.png,digital-audio-broadcasting,synthetic,digital-audio-broadcasting-87306-0-2,train,digital-audio-broadcasting,Classic
datasets/waterfall/digital-audio-broadcasting/498e3ab39da1b4fe6ccfb9410286229a0d8eaff4fddf88240bb16be62b637bcb.png,digital-audio-broadcasting,synthetic,digital-audio-broadcasting-1669-0-0,train,digital-audio-broadcasting,Classic
datasets/waterfall/digital-audio-broadcasting/5aa0627404cfffae4bd7c7c55de8cb873858031c23ca96e0271393721eadbbfc.png,digital-audio-broadcasting,synthetic,digital-audio-broadcasting-66416-0-0,train,digital-audio-broadcasting,Classic
datasets/waterfall/digital-audio-broadcasting/dfe8c9136e59ae28c14c394fb8b20b43c6e545da90133a6fd0e9441a3bce6fe0.png,digital-audio-broadcasting,synthetic,digital-audio-broadcasting-73311-0-2,train,digital-audio-broadcasting,Classic
datasets/waterfall/digital-audio-broadcasting/007b408227ac9c15d4b0f633e013965a52ee227bca19486ed10f0a73170729a0.png,digital-audio-broadcasting,synthetic,digital-audio-broadcasting-50344-0-1,train,digital-audio-broadcasting,GQRX
datasets/waterfall/digital-audio-broadcasting/62df7810cedbe80e8fb63a9fc5e34dc7d1fb167ce68f7cca5e236e8c687ad7fc.png,digital-audio-broadcasting,synthetic,digital-audio-broadcasting-87305-0-0,train,digital-audio-broadcasting,Classic
datasets/waterfall/digital-audio-broadcasting/ec76a30543ed70742ef7aa84ba713b92753fb979fd1e30d8402efb7b1e07ee74.png,digital-audio-broadcasting,synthetic,digital-audio-broadcasting-50344-0-0,train,digital-audio-broadcasting,GQRX
datasets/waterfall/digital-audio-broadcasting/eac249d5133015d1f437b8432f28cdf9625eab59070119a64775200db0f4e1fd.png,digital-audio-broadcasting,real-old,legacy-digital-audio-broadcasting-32x12,train,,
datasets/waterfall/digital-audio-broadcasting/76ad0f6d0b6706cf9062deab5fd985370390b6b8145cb938200e47f4917fdb2d.png,digital-audio-broadcasting,synthetic,digital-audio-broadcasting-87304-0-0,train,digital-audio-broadcasting,Classic
datasets/waterfall/digital-audio-broadcasting/51babd7f6c8995283ad16d70e0f0e3ed6d401b740f0e9e5e522d8905a30b88c5.png,digital-audio-broadcasting,synthetic,digital-audio-broadcasting-83463-0-0,train,digital-audio-broadcasting,Classic
datasets/waterfall/digital-audio-broadcasting/26748e775265e991ac2edceb22af75145f6143e35a81d571af6c7beb1011d8c0.png,digital-audio-broadcasting,synthetic,digital-audio-broadcasting-94729-0-0,train,digital-audio-broadcasting,Classic
datasets/waterfall/digital-audio-broadcasting/9b7e1b37e556ed179ca517afaec8420e71d53e44c071f8c737fb799c367cbdb2.png,digital-audio-broadcasting,real-old,legacy-digital-audio-broadcasting-33x12,train,,
datasets/waterfall/digital-audio-broadcasting/74d2b013487dba1763b11ab5141d262a24ca1e92e1a19ee58130dfaa18447a75.png,digital-audio-broadcasting,synthetic,digital-audio-broadcasting-87303-0-0,train,digital-audio-broadcasting,Classic
datasets/waterfall/digital-audio-broadcasting/84f2a4500dc4ee58113b044d30bbad454e91cb872c4571b07216d082197ee703.png,digital-audio-broadcasting,synthetic,digital-audio-broadcasting-73310-0-0,train,digital-audio-broadcasting,Classic
datasets/waterfall/digital-audio-broadcasting/2c8fa3811293dad76af827f6bc4244611fc0ec24645ad53a01373077a7cf1da0.png,digital-audio-broadcasting,real-old,legacy-digital-audio-broadcasting-33x12,train,,
datasets/waterfall/digital-audio-broadcasting/3374e3e6d0cee39ab6e82eb456bc0ecc2d0d20280d39bc866768a8da8da5d9a7.png,digital-audio-broadcasting,synthetic,digital-audio-broadcasting-87306-0-1,train,digital-audio-broadcasting,Classic
datasets/waterfall/digital-speech-decoder/9c34b153ebf33242e3104f1611258d98c026800f151c6a410f4586b2f86f7a30.png,digital-speech-decoder,real-old,legacy-digital-speech-decoder-33x12,test,,
datasets/waterfall/digital-speech-decoder/12fb2244fdefa1358fb692685229ba36f37a9a9e917008c1588b325bde686097.png,digital-speech-decoder,synthetic,digital-speech-decoder-94729-0-2,test,digital-speech-decoder,Classic
datasets/waterfall/digital-speech-decoder/c8310599a0cbeca28c5ce22e88c11cc62eab3064ad90fe8781dceea118cd9d21.png,digital-speech-decoder,synthetic,digital-speech-decoder-1667-0-1,test,digital-speech-decoder,Classic
datasets/waterfall/digital-speech-decoder/bd2790bc69c7695516304b68bdd200e32f5a0a9093e588fa71e9aad4e33cfe19.png,digital-speech-decoder,synthetic,digital-speech-decoder-1669-0-2,test,digital-speech-decoder,Classic
datasets/waterfall/digital-speech-decoder/bee69dd5551d461ed58a82806f9f90d1833eaeae3b7be3c16f75f00278ac35b0.png,digital-speech-decoder,synthetic,digital-speech-decoder-83463-0-1,test,digital-speech-decoder,Classic
datasets/waterfall/digital-speech-decoder/0035f193c102224393d79e945494b65322d41d5eec84640698fe1d3845df7871.png,digital-speech-decoder,synthetic,digital-speech-decoder-44109-0-1,test,digital-speech-decoder,Magma
datasets/waterfall/digital-speech-decoder/9d509d06c9365f9ba87edb72cb54ce700b9893ef23385e4d7b3a8b5ec514166a.png,digital-speech-decoder,synthetic,digital-speech-decoder-87304-0-0,test,digital-speech-decoder,Classic
datasets/waterfall/digital-speech-decoder/eb49d54be2e7686eba128ece55089a94e19aba90dabc541f2e209cc8c4f81cbf.png,digital-speech-decoder,synthetic,digital-speech-decoder-73311-0-0,test,digital-speech-decoder,Classic
datasets/waterfall/digital-speech-decoder/ad569f76e209e66e56068a9d0db8e0ff68ae88b08599bbd2d4c521ec4e78d9e3.png,digital-speech-decoder,synthetic,digital-speech-decoder-73312-0-1,test,digital-speech-decoder,Classic
datasets/waterfall/digital-speech-decoder/f6fff492741d08b48f1e3132f8d1c599f5aaeaa06e76c6bc4bb3f6c1369bd85c.png,digital-speech-decoder,real-old,legacy-digital-speech-decoder-33x12,test,,
datasets/waterfall/digital-speech-decoder/6cb960d15f57b5c4ee2c75b1bdfd919adfa705c0828ee48252d8b3721072fda6.png,digital-speech-decoder,synthetic,digital-speech-decoder-73311-0-1,test,digital-speech-decoder,Classic
datasets/waterfall/digital-speech-decoder/341a0ecb808407fc5c37a91b720a070441fa93951982cd12ae45d1483059e5fd.png,digital-speech-decoder,synthetic,digital-speech-decoder-87305-0-1,test,digital-speech-decoder,Classic
datasets/waterfall/digital-speech-decoder/325d8705fcca2a8661054d675df10b118eabf3babcac2931ce612273bff9660c.png,digital-speech-decoder,synthetic,digital-speech-decoder-1669-0-0,test,digital-speech-decoder,Classic
datasets/waterfall/digital-speech-decoder/9cfd9f03c2d8e9ddf11651970d8f650fd90a7ba68f0defdef2e4ad22eecaf713.png,digital-speech-decoder,synthetic,digital-speech-decoder-94730-0-1,test,digital-speech-decoder,Classic
datasets/waterfall/digital-speech-decoder/5eed7fbd532ff79feeb8e3301ae54e1dc3f07ab6ca20d5a1de20883fea67c191.png,digital-speech-decoder,real-old,legacy-digital-speech-decoder-22x12,test,,
datasets/waterfall/digital-speech-decoder/99850f83763e5f6e836faea59171eaaa62c913d2161e74fd4e6a666bdb327bed.png,digital-speech-decoder,real-old,legacy-digital-speech-decoder-22x12,test,,
datasets/waterfall/digital-speech-decoder/5922cb7482a0c1fc171c7e9566dcdaf0e3b81c20d790744fe0bacf5551e1bbd6.png,digital-speech-decoder,real-old,legacy-digital-speech-decoder-11x8,test,,
datasets/waterfall/digital-speech-decoder/806a69567852384a53c6b7f9fca14641d11bec0515aa9a64c08be6e548a76d9f.png,digital-speech-decoder,synthetic,digital-speech-decoder-94728-0-2,test,digital-speech-decoder,Classic
datasets/waterfall/digital-speech-decoder/c5b0ddaf40015dac7d1cbd5af049255390b4676f86f140f8a137759c5b4e1a99.png,digital-speech-decoder,synthetic,digital-speech-decoder-1668-0-2,test,digital-speech-decoder,Classic
datasets/waterfall/digital-speech-decoder/8388e9dead24e06d55d3c57599450d289b05bf750d4b1ac5c7f99e989cadeb26.png,digital-speech-decoder,real-old,legacy-digital-speech-decoder-22x12,test,,
datasets/waterfall/digital-speech-decoder/aace91aa89afe90f67dbdbf42cc933d6074bba852c678151bff59c22577b2b55.png,digital-speech-decoder,real-old,legacy-digital-speech-decoder-33x12,test,,
datasets/waterfall/digital-speech-decoder/e8e4a44f1b2b070d8d5fe891eee5cb258c4774467004350cd1c2bfa8581c6a2f.png,digital-speech-decoder,real-old,legacy-digital-speech-decoder-33x12,test,,
datasets/waterfall/digital-speech-decoder/62fe6e2bd55e99bacb4a7e4379ad36ec3505cab56aec5a4a4bbf53f196838128.png,digital-speech-decoder,synthetic,digital-speech-decoder-44108-0-0,test,digital-speech-decoder,Inferno
datasets/waterfall/digital-speech-decoder/708c0bfb5bd0f6c2195ec718d39082a2d769a46300092fff060e753900419aeb.png,digital-speech-decoder,synthetic,digital-speech-decoder-66417-0-0,test,digital-speech-decoder,Classic
datasets/waterfall/digital-speech-decoder/59f08ada8cbc2295042b7c2f7a876f04b95dbb72f04eadcde99a6ed766394f90.png,digital-speech-decoder,synthetic,digital-speech-decoder-83464-0-1,test,digital-speech-decoder,Classic
datasets/waterfall/digital-speech-decoder/e4afa64ee5e4a26a18d307ea2407bcb0af4898af405337bd02dc2c89ca603d2d.png,digital-speech-decoder,synthetic,digital-speech-decoder-66418-0-0,test,digital-speech-decoder,Classic
datasets/waterfall/digital-speech-decoder/5b03e7c52d60644c7c2b110bc863c5fcd8e983c567bcf0975d435d518e24bc0c.png,digital-speech-decoder,real-old,legacy-digital-speech-decoder-33x12,val,,
datasets/waterfall/digital-speech-decoder/15ae68ae7548a2b7c2674a5402db2c171e17ff7e65652f2c5454dc94b40104ca.png,digital-speech-decoder,synthetic,digital-speech-decoder-44107-0-1,val,digital-speech-decoder,Grey Scale
datasets/waterfall/digital-speech-decoder/a58fe902f2f11c8992f7d5c9a00a53c5e4b0e672e8468c78ddc8a3c6d10c3c76.png,digital-speech-decoder,synthetic,digital-speech-decoder-83463-0-2,val,digital-speech-decoder,Classic
datasets/waterfall/digital-speech-decoder/e661606da7fc1c4ae50d3639329b75294aede554fc1f2ce812554f48a8a9c48d.png,digital-speech-decoder,synthetic,digital-speech-decoder-44111-0-2,val,digital-speech-decoder,Smoke
datasets/waterfall/digital-speech-decoder/d81ab09aae5c0f8c3ff47b0b169c1c3d39fd8924b46ce0d74df27240f94c31fc.png,digital-speech-decoder,real-old,legacy-digital-speech-decoder-22x12,val,,
datasets/waterfall/digital-speech-decoder/41c8ea7b1e7e750f08e3399d60c2540937fa24c1b11c999b3dbb29d7ba100520.png,digital-speech-decoder,synthetic,digital-speech-decoder-66418-0-1,val,digital-speech-decoder,Classic
datasets/waterfall/digital-speech-decoder/784ff3b67270be0818b5465a564e880111808dd7b3cde0cd4e0a12229e44a1d6.png,digital-speech-decoder,synthetic,digital-speech-decoder-1669-0-0,val,digital-speech-decoder,Classic
datasets/waterfall/digital-speech-decoder/723d359c532e50b76de12540086e67960cba243d8b6503f092fd05436c2a9d2a.png,digital-speech-decoder,synthetic,digital-speech-decoder-94729-0-0,val,digital-speech-decoder,Classic
datasets/waterfall/digital-speech-decoder/dda1eb04ee95433908a7b4d701a04c10f6e5cd5542cce52408a7642bdcfeca64.png,digital-speech-decoder,synthetic,digital-speech-decoder-80172-0-1,val,digital-speech-decoder,Classic
datasets/waterfall/digital-speech-decoder/48abfaf1629c0e9cc6033b3eba9fde4405f6cdd2a39163edd18b5b6156aa5a83.png,digital-speech-decoder,synthetic,digital-speech-decoder-73311-0-1,val,digital-speech-decoder,Classic
datasets/waterfall/digital-speech-decoder/d0b67ae6a23d9f34fddf7ec891a1568961392110e2efe7c1d367a06bff9ea026.png,digital-speech-decoder,synthetic,digital-speech-decoder-94728-0-1,val,digital-speech-decoder,Classic
datasets/waterfall/digital-speech-decoder/e2e435d14f66a5e89517484475c3f8dd1bd9a4ebb14d7171653886eebb3b8b2b.png,digital-speech-decoder,synthetic,digital-speech-decoder-44107-0-2,val,digital-speech-decoder,Grey Scale
datasets/waterfall/digital-speech-decoder/9ad2d1604695822e69f214d764269bf91c2d0c91e22679b7448e4d406a27afc4.png,digital-speech-decoder,synthetic,digital-speech-decoder-94729-0-2,val,digital-speech-decoder,Classic
datasets/waterfall/digital-speech-decoder/99ef5a705f198f706b48d0d7bac9cca8305285bfad2d666c8bf74a2c59ad2318.png,digital-speech-decoder,synthetic,digital-speech-decoder-83463-0-0,val,digital-speech-decoder,Classic
datasets/waterfall/digital-speech-decoder/7200f6e9a183cad2ca9848595380393355f701d42ac92ddc886fe8cd65f9ea82.png,digital-speech-decoder,synthetic,digital-speech-decoder-73310-0-1,val,digital-speech-decoder,Classic
datasets/waterfall/digital-speech-decoder/0cca30023645bd0570129f5fd072f79d26c1fe440419a27f9dfb59819b89002e.png,digital-speech-decoder,real-old,legacy-digital-speech-decoder-22x12,val,,
datasets/waterfall/digital-speech-decoder/1c85d03ba4e01afd950a52fdaec0f5340888b4d559b817907ce28b744437ee93.png,digital-speech-decoder,synthetic,digital-speech-decoder-87304-0-0,val,digital-speech-decoder,Classic
datasets/waterfall/digital-speech-decoder/2c0f7f530024386e6f32037fd1d5e55cc85d051584349cf54f5bc7b0e83bba5f.png,digital-speech-decoder,synthetic,digital-speech-decoder-80172-0-0,val,digital-speech-decoder,Classic
datasets/waterfall/digital-speech-decoder/b3138b1480ccdb0c92b6ed497d4631068c5560a9c86f1bf8668fdd97bac15d36.png,digital-speech-decoder,synthetic,digital-speech-decoder-73312-0-2,val,digital-speech-decoder,Classic
datasets/waterfall/digital-speech-decoder/5fe5e46b82c169a33530a82952c56413ce2f10306309de0f980a36a0cd6278eb.png,digital-speech-decoder,real-old,legacy-digital-speech-decoder-33x12,val,,
datasets/waterfall/digital-speech-decoder/8117028bf038bf0e5e31a36d8ed89cb2809becec85c839c066de180a9b26c839.png,digital-speech-decoder,real-old,legacy-digital-speech-decoder-22x12,val,,
datasets/waterfall/digital-speech-decoder/7caa47541892fa2c842320411b4e946f7c5c2f17565a181af0d1db73f53e9064.png,digital-speech-decoder,synthetic,digital-speech-decoder-87303-0-1,val,digital-speech-decoder,Classic
datasets/waterfall/digital-speech-decoder/8afdf709a23b815c75dbddb6f411cb7bcbfb1b5c18753ee52c4db488b3879185.png,digital-speech-decoder,synthetic,digital-speech-decoder-66418-0-0,val,digital-speech-decoder,Classic
datasets/waterfall/digital-speech-decoder/6d65edbeaded882bf9c611adcdfde77431294a1bf44484de512fec001b645869.png,digital-speech-decoder,real-old,legacy-digital-speech-decoder-11x12,val,,
datasets/waterfall/digital-speech-decoder/4818c1e469d8adae7ccf9afc9b6907830efe75a1e7b651494774cfd5fd4b1d6f.png,digital-speech-decoder,real-old,legacy-digital-speech-decoder-22x12,val,,
datasets/waterfall/digital-speech-decoder/fcb62f468d465070b408ecbc60f71c9b8c20ef29531763efaaa3bdc4d967ac77.png,digital-speech-decoder,synthetic,digital-speech-decoder-66416-0-2,val,digital-speech-decoder,Classic
datasets/waterfall/digital-speech-decoder/5a8b745924502a38de549b7f873b20b06880709957e7aebe107ed48c3cd1802d.png,digital-speech-decoder,synthetic,digital-speech-decoder-94730-0-0,train,digital-speech-decoder,Classic
datasets/waterfall/digital-speech-decoder/66de279d26fcbfded75cc9d94eb6046106e023cfb6c52f79a74df4859448d058.png,digital-speech-decoder,synthetic,digital-speech-decoder-66418-0-2,train,digital-speech-decoder,Classic
datasets/waterfall/digital-speech-decoder/fc3300b542663264adea9db9b5ca4e32b19d611bfe10654889d49b878712caa6.png,digital-speech-decoder,synthetic,digital-speech-decoder-44109-0-2,train,digital-speech-decoder,Magma
datasets/waterfall/digital-speech-decoder/677ebaddfd9984ed81a4ec3caab51da7140b4fca10ff74515d64ad50dab911f5.png,digital-speech-decoder,synthetic,digital-speech-decoder-73310-0-1,train,digital-speech-decoder,Classic
datasets/waterfall/digital-speech-decoder/ead8aaca33d7e1e23ed32b93908c700e6c84fd78069e515c0a5a6b21d33c7317.png,digital-speech-decoder,synthetic,digital-speech-decoder-87304-0-2,train,digital-speech-decoder,Classic
datasets/waterfall/digital-speech-decoder/7ba972b266cfa0c2c87cf2df2ae43bbdc0b0a7bb5a14003d4344cd0e8d492e87.png,digital-speech-decoder,synthetic,digital-speech-decoder-44109-0-0,train,digital-speech-decoder,Magma
datasets/waterfall/digital-speech-decoder/a057e3c6506138d5b6d61e9e884d19882ccc0d925eb8811ddcc0d26b66525ff7.png,digital-speech-decoder,synthetic,digital-speech-decoder-87303-0-2,train,digital-speech-decoder,Classic
datasets/waterfall/digital-speech-decoder/2df156421db2f1e10d0c0699cc987e853cdc975db28e67b1aaf5871adef51b1f.png,digital-speech-decoder,synthetic,digital-speech-decoder-73310-0-2,train,digital-speech-decoder,Classic
datasets/waterfall/digital-speech-decoder/627fac0000b43db3c87a4e1540097a9847926a66edd28eac3ac88a99a31e45a1.png,digital-speech-decoder,synthetic,digital-speech-decoder-44111-0-0,train,digital-speech-decoder,Smoke
datasets/waterfall/digital-speech-decoder/c86d52314c5d107692cb9eda9cb1644292fded2d4f53bd25652253378a999a65.png,digital-speech-decoder,real-old,legacy-digital-speech-decoder-22x12,train,,
datasets/waterfall/digital-speech-decoder/253d0e24b60b207921ef497b0a9073d862c2e01d54de0086d5672b6af08f1b1f.png,digital-speech-decoder,synthetic,digital-speech-decoder-73310-0-0,train,digital-speech-decoder,Classic
datasets/waterfall/digital-speech-decoder/6e6e5eb4adfd357986053f242b9bc46e48d299dad561eacaa0f1cab450f4c7e9.png,digital-speech-decoder,synthetic,digital-speech-decoder-66417-0-2,train,digital-speech-decoder,Classic
datasets/waterfall/digital-speech-decoder/06e4bb44ee7fb189241d91a1970300ac6b515101fe51d3176c49f60badf90103.png,digital-speech-decoder,synthetic,digital-speech-decoder-66417-0-1,train,digital-speech-decoder,Classic
datasets/waterfall/digital-speech-decoder/fd35cb5f1d42a7fec40120180583608e139f39b4ef7e1c72e9f0bd998fc62154.png,digital-speech-decoder,synthetic,digital-speech-decoder-80172-0-0,train,digital-speech-decoder,Classic
datasets/waterfall/digital-speech-decoder/2903ef4e3d317c7d6cb1fea94bea757e2559e90587bed75ab23fb4ea0f2c603c.png,digital-speech-decoder,synthetic,digital-speech-decoder-83464-0-2,train,digital-speech-decoder,Classic
datasets/waterfall/digital-speech-decoder/139e3c463e661849db773cb7208cfb0c6f6db0065cacf6079bb1a04a363df520.png,digital-speech-decoder,synthetic,digital-speech-decoder-1669-0-2,train,digital-speech-decoder,Classic
datasets/waterfall/digital-speech-decoder/d48fe098c875fc582020548a99013a1340b5f68be7fe88e049e9f4a34e4f7b39.png,digital-speech-decoder,synthetic,digital-speech-decoder-80172-0-2,train,digital-speech-decoder,Classic
datasets/waterfall/digital-speech-decoder/5d521fda4cb453af7e2f631d093a77459a78fb0e651fb300b0b0a652aa51882a.png,digital-speech-decoder,synthetic,digital-speech-decoder-1667-0-1,train,digital-speech-decoder,Classic
datasets/waterfall/digital-speech-decoder/fc580ec9c4fc47ca55c60eb05f6b56b489a913a45f9354567823bf7f4ae144e2.png,digital-speech-decoder,real-old,legacy-digital-speech-decoder-22x12,train,,
datasets/waterfall/digital-speech-decoder/8a1e63ab2169069810f0b0b993285e8e73613d27eaa3902ba73d125c0b18ef2d.png,digital-speech-decoder,synthetic,digital-speech-decoder-50343-0-2,train,digital-speech-decoder,WebSDR
datasets/waterfall/digital-speech-decoder/55be2b49e0f355009b1cf8743e6515e3073124733648a45fb2168447cb33dd21.png,digital-speech-decoder,real-old,legacy-digital-speech-decoder-33x12,train,,
datasets/waterfall/digital-speech-decoder/c9961df42d0bbcd5bee9e485a065fcc2797c904e3ba1e0a732d70bb149ffe61b.png,digital-speech-decoder,synthetic,digital-speech-decoder-87303-0-2,train,digital-speech-decoder,Classic
datasets/waterfall/digital-speech-decoder/bfdb1dbbbd29b6b54b3f2749fb9ac250b22d520120626532333a7bc7149fbbdd.png,digital-speech-decoder,real-old,legacy-digital-speech-decoder-33x12,train,,
datasets/waterfall/digital-speech-decoder/0aefdaa6d8a4623343c5c1979bd42fcd549825846faeb8f44b85dbf381809d16.png,digital-speech-decoder,real-old,legacy-digital-speech-decoder-22x12,train,,
datasets/waterfall/digital-speech-decoder/85c94cceb84ad3d5f842614ff1ec747463afa8238af554828a4af4aeee78edeb.png,digital-speech-decoder,synthetic,digital-speech-decoder-1668-0-1,train,digital-speech-decoder,Classic
datasets/waterfall/digital-speech-decoder/cecc56269c5fb9a319e5518ba92a16620c0576732de35382c6e78be954e7f4cc.png,digital-speech-decoder,synthetic,digital-speech-decoder-44107-0-0,train,digital-speech-decoder,Grey Scale
datasets/waterfall/digital-speech-decoder/cf1c691fade219aaae219090d8c0790abfc0716b1a47a5bf1d02246f9990c58f.png,digital-speech-decoder,synthetic,digital-speech-decoder-87305-0-2,train,digital-speech-decoder,Classic
datasets/waterfall/digital-speech-decoder/9912d3ef650559020dce3b519a2779edc463ab2b93fbf78810275b9e6c6752b9.png,digital-speech-decoder,real-old,legacy-digital-speech-decoder-33x12,train,,
datasets/waterfall/digital-speech-decoder/3f1231939d9fa94092223cdd1f032e4e52733067ab7ad634bbec87c7edcf02a6.png,digital-speech-decoder,synthetic,digital-speech-decoder-44110-0-1,train,digital-speech-decoder,Plasma
datasets/waterfall/digital-speech-decoder/d7c346c23be576787030578c8f5f624caca80f6fbd3375eac77bc92615e1c05a.png,digital-speech-decoder,synthetic,digital-speech-decoder-66417-0-2,train,digital-speech-decoder,Classic
datasets/waterfall/digital-speech-decoder/ee258d2433c6b87cf76919cd5c7972ca88b515ccce08aad634883b92cca14cae.png,digital-speech-decoder,synthetic,digital-speech-decoder-1667-0-2,train,digital-speech-decoder,Classic
datasets/waterfall/digital-speech-decoder/991cde53de55e3c28b21242114da446f54de11c6f886c912028d8abcde2efd4c.png,digital-speech-decoder,synthetic,digital-speech-decoder-73312-0-0,train,digital-speech-decoder,Classic
datasets/waterfall/digital-speech-decoder/f5955bf65bd0bd2a8036126fdfdcb58ff6e18c40bc6cdb220c685a36fcf8cffc.png,digital-speech-decoder,synthetic,digital-speech-decoder-83464-0-2,train,digital-speech-decoder,Classic
datasets/waterfall/digital-speech-decoder/b7ac4031ed07011f68389f528a55f26d1781f2112e18cbcd9dab2aa6e28e8fa8.png,digital-speech-decoder,synthetic,digital-speech-decoder-73312-0-0,train,digital-speech-decoder,Classic
datasets/waterfall/digital-speech-decoder/22afa1fff33e1df449d30573951efbcb4d8eede0b28f3a84e5072264fbbb8651.png,digital-speech-decoder,synthetic,digital-speech-decoder-73311-0-2,train,digital-speech-decoder,Classic
datasets/waterfall/digital-speech-decoder/0f8a748144e3b6a8a3eb8a130605c98159f490d43f0c21f23e89b3c906a04d68.png,digital-speech-decoder,synthetic,digital-speech-decoder-87304-0-2,train,digital-speech-decoder,Classic
datasets/waterfall/digital-speech-decoder/53e8835ae35a40888f1e67c7e6268b29e6fe285f81a522f5b28288521ad8bccf.png,digital-speech-decoder,synthetic,digital-speech-decoder-66416-0-2,train,digital-speech-decoder,Classic
datasets/waterfall/digital-speech-decoder/206bf3a7cc391c2358d3f3f02d30ea42a0c555d4add34a536ee1ada5f47a5fe4.png,digital-speech-decoder,synthetic,digital-speech-decoder-44110-0-0,train,digital-speech-decoder,Plasma
datasets/waterfall/digital-speech-decoder/71260fdb2fe890a39189ab5f384296229152de6f861311caddad1049edc31a9a.png,digital-speech-decoder,real-old,legacy-digital-speech-decoder-22x12,train,,
datasets/waterfall/digital-speech-decoder/1fdccda48306e17f2ed477406cc1f5cd72d79e86195a3e526105c34d79acbbe4.png,digital-speech-decoder,synthetic,digital-speech-decoder-66418-0-1,train,digital-speech-decoder,Classic
datasets/waterfall/digital-speech-decoder/eea762b3e24da52c5f1d06e883e6c35fcea1b7af8e260aca988edf53e3d29442.png,digital-speech-decoder,synthetic,digital-speech-decoder-87303-0-0,train,digital-speech-decoder,Classic
datasets/waterfall/digital-speech-decoder/a142481565fad905f41257562b3ae1c812933de1c41dfda2253aa086e197f96d.png,digital-speech-decoder,real-old,legacy-digital-speech-decoder-33x12,train,,
datasets/waterfall/digital-speech-decoder/9ea25c4f04fd0b7642c2be9ad2a7fb573454ec60036ddb7821e8be747f778543.png,digital-speech-decoder,synthetic,digital-speech-decoder-94730-0-2,train,digital-speech-decoder,Classic
datasets/waterfall/digital-speech-decoder/db7b2537bf3a7ed88f7e8334097441cef8b9c8e5e397f559896ffebc45412b12.png,digital-speech-decoder,synthetic,digital-speech-decoder-83464-0-0,train,digital-speech-decoder,Classic
datasets/waterfall/digital-speech-decoder/d9f17f9c3e5d4a829acb66a1430c6fe15e087b4f5ddae1b58a13cd05643d9290.png,digital-speech-decoder,synthetic,digital-speech-decoder-73310-0-2,train,digital-speech-decoder,Classic
datasets/waterfall/digital-speech-decoder/bc18cc16270d6d397782c9f6216e0142402a8ff092e8e978b4cf594d2efb5c62.png,digital-speech-decoder,synthetic,digital-speech-decoder-83464-0-1,train,digital-speech-decoder,Classic
datasets/waterfall/digital-speech-decoder/1d8e1924923a5d479b32da22fb7106c74a79628569f1dd30efe59f1086141a01.png,digital-speech-decoder,synthetic,digital-speech-decoder-73311-0-2,train,digital-speech-decoder,Classic
datasets/waterfall/digital-speech-decoder/7b47ebaec1eb6f278373c69049a9b3aa32728270cc3a54fe05c4b52e42a7a6e3.png,digital-speech-decoder,synthetic,digital-speech-decoder-50343-0-0,train,digital-speech-decoder,WebSDR
datasets/waterfall/digital-speech-decoder/af485ddc1e287a3090639f4a577fe5739a407cd6bac5d4043c07b3a24ee2473d.png,digital-speech-decoder,synthetic,digital-speech-decoder-66416-0-1,train,digital-speech-decoder,Classic
datasets/waterfall/digital-speech-decoder/146b653dd4e7a9980ebf34e4185c428c8ff53626b115b95f817aaa03e68d69a7.png,digital-speech-decoder,synthetic,digital-speech-decoder-94728-0-0,train,digital-speech-decoder,Classic
datasets/waterfall/digital-speech-decoder/549a552bc85e69ddff5339bbdbeb979842d0fece3fd974ca42d7ea9be6443982.png,digital-speech-decoder,real-old,legacy-digital-speech-decoder-22x12,train,,
datasets/waterfall/digital-speech-decoder/cc826dafe48d9dbb97cbda4ec4bb527f75760350cbffeffdc5fbcf2dfeab4d47.png,digital-speech-decoder,real-old,legacy-digital-speech-decoder-33x12,train,,
datasets/waterfall/digital-speech-decoder/e6c747fbc4987a80bd5aff3ff05c1088426509da21d0aeab6635b13440635d43.png,digital-speech-decoder,synthetic,digital-speech-decoder-94729-0-0,train,digital-speech-decoder,Classic
datasets/waterfall/digital-speech-decoder/46184c4ec7660388b402fbff60e80647895f271e0a59b038415c210caf57c08c.png,digital-speech-decoder,real-old,legacy-digital-speech-decoder-33x12,train,,
datasets/waterfall/digital-speech-decoder/30f9388bf7879f59db2869d74c22d8ddc9e773b82fe10bbd601b2c6db40561a4.png,digital-speech-decoder,real-old,legacy-digital-speech-decoder-22x12,train,,
datasets/waterfall/digital-speech-decoder/3fa8a4d7ae62b47a7e47cda313874f3cd0c51eedab91973c989cd77b8ca554de.png,digital-speech-decoder,synthetic,digital-speech-decoder-94730-0-0,train,digital-speech-decoder,Classic
datasets/waterfall/digital-speech-decoder/84a77ac6bbc8794c6abd2c8cc27678e32b38e0120750009dd1a365ccc9f3def2.png,digital-speech-decoder,synthetic,digital-speech-decoder-87305-0-2,train,digital-speech-decoder,Classic
datasets/waterfall/digital-speech-decoder/b403d55f98f2d6478a02524579aabf6a39a55c541261e6ccba66e8dd4d7a7f7a.png,digital-speech-decoder,synthetic,digital-speech-decoder-73312-0-2,train,digital-speech-decoder,Classic
datasets/waterfall/digital-speech-decoder/5a1cb794dbb3386af6be4c59ab450db017248b065eb3305499fe74151c27f3f9.png,digital-speech-decoder,synthetic,digital-speech-decoder-87304-0-1,train,digital-speech-decoder,Classic
datasets/waterfall/digital-speech-decoder/1a7e261d925324a7feb4fdc05a7dec0624074b0a65f918e7bc9b8ddf64d76f2d.png,digital-speech-decoder,synthetic,digital-speech-decoder-44108-0-1,train,digital-speech-decoder,Inferno
datasets/waterfall/digital-speech-decoder/ad27619f2754b957f8ae58ee230f76355eb8cd367d75e40371935391dbb24b6d.png,digital-speech-decoder,synthetic,digital-speech-decoder-87303-0-0,train,digital-speech-decoder,Classic
datasets/waterfall/digital-speech-decoder/a6f2a569360a375c6e260cd9d8aca4c9442ade12ec8f3fdeb713b86ef1fb2ba2.png,digital-speech-decoder,synthetic,digital-speech-decoder-66417-0-0,train,digital-speech-decoder,Classic
datasets/waterfall/digital-speech-decoder/697795421c75bc9fffadc5709187424649f4242876acb68a3bb82d2608dc9974.png,digital-speech-decoder,synthetic,digital-speech-decoder-66417-0-1,train,digital-speech-decoder,Classic
datasets/waterfall/digital-speech-decoder/b87393154301c81212a3bb5398c5bbb3859782f73babe023038e91f2956e5d08.png,digital-speech-decoder,real-old,legacy-digital-speech-decoder-33x12,train,,
datasets/waterfall/digital-speech-decoder/4e7812c5e317b17fa0bc9dcb68c7b60d8d27f5fcd32e8c49f7b1ad04fc370cfe.png,digital-speech-decoder,synthetic,digital-speech-decoder-44111-0-1,train,digital-speech-decoder,Smoke
datasets/waterfall/digital-speech-decoder/713c96e9856ce463506c7cbd27ee7c5299cff93a091bc30bdf1002c8ffdb71ef.png,digital-speech-decoder,synthetic,digital-speech-decoder-83463-0-2,train,digital-speech-decoder,Classic
datasets/waterfall/digital-speech-decoder/81a434906214afdd1802ee1486128b1a189f4069c5db263126e1411999c7c868.png,digital-speech-decoder,real-old,legacy-digital-speech-decoder-33x12,train,,
datasets/waterfall/digital-speech-decoder/70da7e2e87731bda0ac66a0414272f544e25e8e149263d435c8e260941ebbc02.png,digital-speech-decoder,real-old,legacy-digital-speech-decoder-22x12,train,,
datasets/waterfall/digital-speech-decoder/023dad560fcfaf706dc3e78ad1888bba9075b30501e350ce06c3ff59d6b01b26.png,digital-speech-decoder,synthetic,digital-speech-decoder-94730-0-1,train,digital-speech-decoder,Classic
datasets/waterfall/digital-speech-decoder/9698d98cd7ab1c06cfc21ada4a6eac39a4d64963a032c7f6b30870a4f98111fd.png,digital-speech-decoder,synthetic,digital-speech-decoder-83463-0-0,train,digital-speech-decoder,Classic
datasets/waterfall/digital-speech-decoder/7fd2c1f7565e7b122f296155d51ba6888effc015c1046462780246bec05ca2b6.png,digital-speech-decoder,synthetic,digital-speech-decoder-50344-0-2,train,digital-speech-decoder,Classic Green
datasets/waterfall/digital-speech-decoder/f23eabc7c930c1f2ece20e4a5a4fe8229ad43009908216077e09237515229812.png,digital-speech-decoder,synthetic,digital-speech-decoder-1667-0-0,train,digital-speech-decoder,Classic
datasets/waterfall/digital-speech-decoder/63e7b96101c9af40dc6dcde1c85a68bbc0565d37eeddf865ed2653c4990ebc52.png,digital-speech-decoder,synthetic,digital-speech-decoder-87303-0-1,train,digital-speech-decoder,Classic
datasets/waterfall/digital-speech-decoder/f842f4455ad1f2a09e9e71e20d2ba855887247f18f01d778ac22e24ae81c02dc.png,digital-speech-decoder,synthetic,digital-speech-decoder-87305-0-1,train,digital-speech-decoder,Classic
datasets/waterfall/digital-speech-decoder/a2678948753ace507aef78eee6b8590399ea8b7d9e3d46c27d1fddfa788d2fd9.png,digital-speech-decoder,synthetic,digital-speech-decoder-73312-0-1,train,digital-speech-decoder,Classic
datasets/waterfall/digital-speech-decoder/3d72e63d589ee24226d97c45bf3f7cfec6dffdc2cfa4aa04e5474b335f4b2a23.png,digital-speech-decoder,synthetic,digital-speech-decoder-94728-0-1,train,digital-speech-decoder,Classic
datasets/waterfall/digital-speech-decoder/5ade69f61ff57dd7d64e1260f80c93fe86997803788837e3869f98068fea533b.png,digital-speech-decoder,synthetic,digital-speech-decoder-80172-0-2,train,digital-speech-decoder,Classic
datasets/waterfall/digital-speech-decoder/8387b4d5f298447d9b86fee4efe53e8a488d88390874aeb55e4486058f1394f3.png,digital-speech-decoder,real-old,legacy-digital-speech-decoder-33x12,train,,
datasets/waterfall/digital-speech-decoder/f6ea7e950bd1c11d0bbbe49b5243b59d70df4ffdcf6a1cf373d2e881966d5658.png,digital-speech-decoder,synthetic,digital-speech-decoder-1669-0-1,train,digital-speech-decoder,Classic
datasets/waterfall/digital-speech-decoder/84681d8e7a993e347f0d308f097b198649c895bbec449eb51f5e87d6aa85f152.png,digital-speech-decoder,synthetic,digital-speech-decoder-50344-0-0,train,digital-speech-decoder,Classic Green
datasets/waterfall/digital-speech-decoder/49dc3f626a960d80e1da7d5a4fb82081517ab31906a2d04e406452c6bebc89ba.png,digital-speech-decoder,real-old,legacy-digital-speech-decoder-33x12,train,,
datasets/waterfall/digital-speech-decoder/30e36cc6e89bc79ca4fc784ea1da8b99c0196b3031432c0415b3786e56f1ced5.png,digital-speech-decoder,synthetic,digital-speech-decoder-94729-0-1,train,digital-speech-decoder,Classic
datasets/waterfall/digital-speech-decoder/63decd3ab05fe776a5827d737b64109041f51e2c361202b8cc634ebdb38821cc.png,digital-speech-decoder,synthetic,digital-speech-decoder-87304-0-1,train,digital-speech-decoder,Classic
datasets/waterfall/digital-speech-decoder/6bd82147a12380beeca36e23fd4813fb3d282bbdc200adf70094a1be1fe447c9.png,digital-speech-decoder,synthetic,digital-speech-decoder-50344-0-1,train,digital-speech-decoder,Classic Green
datasets/waterfall/digital-speech-decoder/27a54dbc9e9e6f0dc3915986ceebd585cc61373bb4fde6549c012148d311dfd4.png,digital-speech-decoder,real-old,legacy-digital-speech-decoder-22x12,train,,
datasets/waterfall/digital-speech-decoder/15c7e1775408f002258611cdf981659a01e5eb391a6a08a93c47640e97386209.png,digital-speech-decoder,synthetic,digital-speech-decoder-1669-0-1,train,digital-speech-decoder,Classic
datasets/waterfall/digital-speech-decoder/bd16e53b577e4a7f675c0063a74c6da88bd5da727a6abded94bcf52e1b7079a3.png,digital-speech-decoder,synthetic,digital-speech-decoder-87305-0-0,train,digital-speech-decoder,Classic
datasets/waterfall/digital-speech-decoder/2f9fde42d277ab86cf7bd38f22b2e7b3631cb6c8e987e8f6b98c8cb53d07b25c.png,digital-speech-decoder,synthetic,digital-speech-decoder-66418-0-2,train,digital-speech-decoder,Classic
datasets/waterfall/digital-speech-decoder/99c1f83d27d034521465bedcd8c5685e565e4498c1d7481c98dc98ae2daf67d0.png,digital-speech-decoder,real-old,legacy-digital-speech-decoder-33x12,train,,
datasets/waterfall/digital-speech-decoder/3d0555cfa57c3190d496e464fb0e2b3b9a3b9d5c867d4680dd12a565a880b9d4.png,digital-speech-decoder,real-old,legacy-digital-speech-decoder-33x12,train,,
datasets/waterfall/digital-speech-decoder/718c2af01e3384ca1dc0eb09883e3973a0b24c94242dc3e2759382d431c307dc.png,digital-speech-decoder,synthetic,digital-speech-decoder-44110-0-2,train,digital-speech-decoder,Plasma
datasets/waterfall/digital-speech-decoder/84a0be9db67a795ef02070c8ccb007dfc736fab830e3d25ce63736618e20cfeb.png,digital-speech-decoder,real-old,legacy-digital-speech-decoder-33x12,train,,
datasets/waterfall/digital-speech-decoder/753051e745ba312ddfb0fa5328bbefad877bb7301036467e9a708074e99fa1fc.png,digital-speech-decoder,synthetic,digital-speech-decoder-50343-0-1,train,digital-speech-decoder,WebSDR
datasets/waterfall/digital-speech-decoder/e7058e46faff572903ccfd46cdf9f4fe0a769848ffcafd9d1a33c659876786be.png,digital-speech-decoder,synthetic,digital-speech-decoder-83464-0-0,train,digital-speech-decoder,Classic
datasets/waterfall/digital-speech-decoder/e29c71813ebfee4dc94c787fb082daa84e408ad3566783028d5a8bb000ee9754.png,digital-speech-decoder,synthetic,digital-speech-decoder-1667-0-0,train,digital-speech-decoder,Classic
datasets/waterfall/digital-speech-decoder/e088ee85df503b8e6882746c9490809fd38f15bd73e153366342f47d85f2de9a.png,digital-speech-decoder,synthetic,digital-speech-decoder-87305-0-0,train,digital-speech-decoder,Classic
datasets/waterfall/digital-speech-decoder/dbf01c8436103a5ccf49196a4e4bab92514f10a67c4f90ed4eddf3014160325e.png,digital-speech-decoder,real-old,legacy-digital-speech-decoder-22x12,train,,
datasets/waterfall/digital-speech-decoder/ff48bb0fce9b6abb001845f6c6ec257287c88beacb0ca8668284638b90876f94.png,digital-speech-decoder,synthetic,digital-speech-decoder-83463-0-1,train,digital-speech-decoder,Classic
datasets/waterfall/digital-speech-decoder/8faf08101c3cec81c35d7611f3392bf2b091139fd5b2f6890bf65cb231c67f08.png,digital-speech-decoder,synthetic,digital-speech-decoder-94729-0-1,train,digital-speech-decoder,Classic
datasets/waterfall/digital-speech-decoder/b440543a848d62a4fff3d5a8a6a8c2f667179992dcbba5e85b795c2bc664708e.png,digital-speech-decoder,synthetic,digital-speech-decoder-94728-0-2,train,digital-speech-decoder,Classic
datasets/waterfall/digital-speech-decoder/6f983dad51060b7af0c0680e84cb9a68923bf77f531f8cbbd05ebb46c750d962.png,digital-speech-decoder,synthetic,digital-speech-decoder-1667-0-2,train,digital-speech-decoder,Classic
datasets/waterfall/digital-speech-decoder/8d26fdb77a02cd97f2d8a4aee55debaccdcdde20d844b2f2bfb42930c7395379.png,digital-speech-decoder,real-old,legacy-digital-speech-decoder-22x12,train,,
datasets/waterfall/digital-speech-decoder/cab16323730b0bfec54ac5464a0b802fdc97b77ceb4df36de670dc1f7444c883.png,digital-speech-decoder,real-old,legacy-digital-speech-decoder-33x12,train,,
datasets/waterfall/digital-speech-decoder/ee396561064ffd5221cdb1a303891677f80110fa86a425ca3b0e08559a7d9373.png,digital-speech-decoder,real-old,legacy-digital-speech-decoder-33x12,train,,
datasets/waterfall/digital-speech-decoder/9e46c7d12055b3037e121ca69f5ca7a83fb5e3810d1120fbaa3b00a0ecfeee33.png,digital-speech-decoder,synthetic,digital-speech-decoder-80172-0-1,train,digital-speech-decoder,Classic
datasets/waterfall/digital-speech-decoder/ad6af8b0489ca16a30c0a4fecb6f41f0b3893f6f69e7b5960bd9db87cc24ddd1.png,digital-speech-decoder,synthetic,digital-speech-decoder-73311-0-0,train,digital-speech-decoder,Classic
datasets/waterfall/digital-speech-decoder/054c1c20be68282386b94770cb735a60a1e6dbae7519d68ef9321b6942e10ad7.png,digital-speech-decoder,real-old,legacy-digital-speech-decoder-33x12,train,,
datasets/waterfall/digital-speech-decoder/af5df416dd7c613f0909734b5ea9892f10bee82485a04f371bf207d1790c01d3.png,digital-speech-decoder,synthetic,digital-speech-decoder-66416-0-0,train,digital-speech-decoder,Classic
datasets/waterfall/digital-speech-decoder/fc6b8d3c1e1a012cc39c1325579caa34ba92715f893b8dac3ec1afe214575db0.png,digital-speech-decoder,real-old,legacy-digital-speech-decoder-22x12,train,,
datasets/waterfall/digital-speech-decoder/3f1fe31c92b2430b14fa5d51f029ce5637d597c02fb181b064406c4de2be9998.png,digital-speech-decoder,synthetic,digital-speech-decoder-1668-0-2,train,digital-speech-decoder,Classic
datasets/waterfall/digital-speech-decoder/0c129c62e432782c41395c26b5f3ee50e47c24993a4df5a75199ee2f367fcf1a.png,digital-speech-decoder,synthetic,digital-speech-decoder-1668-0-0,train,digital-speech-decoder,Classic
datasets/waterfall/digital-speech-decoder/32aaebe65536d5e167ec678820671791a5dc7ef48882504ae43c2e3f6929e4e9.png,digital-speech-decoder,synthetic,digital-speech-decoder-1668-0-1,train,digital-speech-decoder,Classic
datasets/waterfall/digital-speech-decoder/5ad38cd4a8fe3761d8866f7fe9d48c176672a08aafea21837f610ad7233ee067.png,digital-speech-decoder,synthetic,digital-speech-decoder-94728-0-0,train,digital-speech-decoder,Classic
datasets/waterfall/digital-speech-decoder/7bb22d93af6f8b3bae4095ae776584654e4e035f7d894c3e2c3ba20a6aaeba37.png,digital-speech-decoder,synthetic,digital-speech-decoder-1668-0-0,train,digital-speech-decoder,Classic
datasets/waterfall/digital-speech-decoder/fb3afb7a07cfc8bcb0c529018b395ceb0255454edc387dca6a87b0a4ff11985e.png,digital-speech-decoder,real-old,legacy-digital-speech-decoder-33x12,train,,
datasets/waterfall/digital-speech-decoder/bb597677dde2e8f408bf2e90963b334ee025dfd2769fa4417c24100d70d80af7.png,digital-speech-decoder,synthetic,digital-speech-decoder-94730-0-2,train,digital-speech-decoder,Classic
datasets/waterfall/digital-speech-decoder/7c9d0783570a4de203d05a769b979743f7245369691203d9a2b701f6e4971741.png,digital-speech-decoder,synthetic,digital-speech-decoder-73310-0-0,train,digital-speech-decoder,Classic
datasets/waterfall/digital-speech-decoder/5e3aee72aa91fa289f89441119703606c3698b8a5b666acd32d4390e9fcc9e87.png,digital-speech-decoder,real-old,legacy-digital-speech-decoder-33x12,train,,
datasets/waterfall/fm/8579936c1eabc26c9503f5788ad98768d1cbd4de2895f2cd886b2c7c5082e906.png,fm,synthetic,fm-66416-0-1,test,fm,Classic
datasets/waterfall/fm/cede2ea494e5ae0753bbcf2d8b553762de4960c65ff2746a72f96e6b57c2e99a.png,fm,synthetic,fm-94728-0-1,test,fm,Classic
datasets/waterfall/fm/793c925657ded4b0e3f41e864f0679f2fad319a114eb7de67e5abf3ea77edcfd.png,fm,real-old,legacy-fm-7x12,test,,
datasets/waterfall/fm/126b83a05aba38c6e0834507775c1da8b830df5359a497c24d339985e057b21e.png,fm,synthetic,fm-94730-0-1,test,fm,Classic
datasets/waterfall/fm/2bb138b380022a0946eab7a3a18d30095ee1677f80b9b20aeb8356ff135292d1.png,fm,real-ota,fm-ota-98500000,test,,Classic
datasets/waterfall/fm/228416e82e6df2dea28bb74e2b9744909986443f1e2d37e9e92de9a1cecc9eb1.png,fm,synthetic,fm-94730-0-1,test,fm,Classic
datasets/waterfall/fm/b51daba3e7a65b7145bb73b4e16dd74f965094c9a6e7e8eb0ce9d828c55998b8.png,fm,synthetic,fm-1669-0-0,test,fm,Classic
datasets/waterfall/fm/625272fcac5650c066ebc31e49730a114d9dd24673f812d2a9a8651beff0bf6c.png,fm,real-old,legacy-fm-19x12,test,,
datasets/waterfall/fm/ff0c5f82a14f8e8bfc90b56c69015ecf734ac5dd2985cf4c683a63fe54a050d1.png,fm,real-old,legacy-fm-6x12,test,,
datasets/waterfall/fm/cf02072b9895ade33c3b22d19d47c835880fdaed42e5c822a2a1b25dd2906db1.png,fm,synthetic,fm-87303-0-0,test,fm,Classic
datasets/waterfall/fm/59fbb2989ae36f08525c3069d179962a5afed9ef836c5d4fe2a5bdf7a7ef3f17.png,fm,synthetic,fm-87303-0-2,test,fm,Classic
datasets/waterfall/fm/13adc54acd4a652cf479457b1ff7cb96020bff766f1529b5b1ae3fc8c3f09023.png,fm,synthetic,fm-1669-0-2,test,fm,Classic
datasets/waterfall/fm/f4148cef5e35029ba6ecfba79aa2869b79704c8fa1b43de4315b4f24a29770d4.png,fm,synthetic,fm-87305-0-2,test,fm,Classic
datasets/waterfall/fm/1522e16555399dc4502c76bf65f1c5df997edfdac03b105c138e3ba53a727571.png,fm,real-ota,fm-ota-104500000,test,,Classic
datasets/waterfall/fm/3f98072e49b9dbe67d433f601a905ef028105b0008f5e5c6988a7bd6306b6cbe.png,fm,real-old,legacy-fm-8x12,test,,
datasets/waterfall/fm/732299514c3369ea5add9a9cf9c9e8cf6c7c920fe9ee2bb62a38938cf8056919.png,fm,synthetic,fm-44110-0-2,test,fm,Temper Colors
datasets/waterfall/fm/8db4f1eb05a28b70a43869dbd437f644695bbfdd9fca916b7edd439e05c92976.png,fm,real-old,legacy-fm-6x12,test,,
datasets/waterfall/fm/31b6d116f01878b4009bc64c56c7ee10623a1724c4204e49e9f20dd193e6af47.png,fm,synthetic,fm-1667-0-0,test,fm,Classic
datasets/waterfall/fm/c51ddf3a887e6e771693355f9a0698f1531d8acd170ac45691609c578461e64f.png,fm,synthetic,fm-50343-0-0,test,fm,Electric
datasets/waterfall/fm/4ae4cb302f7bb026d594c5224457cb75156c5162815453b29650407ffed41c15.png,fm,real-ota,fm-ota-107500000,test,,Classic
datasets/waterfall/fm/5037df975a6aa81b0059345605f2249d86e2b9ecf39be910bbbe3bc0851d47cc.png,fm,synthetic,fm-83463-0-0,test,fm,Classic
datasets/waterfall/fm/5d0908b3de04335f204b8c8d3b0d6cda21d8620dd3fdc2f63e874868ed21d1e2.png,fm,real-ota,fm-ota-101500000,test,,Classic
datasets/waterfall/fm/692a4bf948924fcebf20c222d110dc11269d250c7723f69a3a8c412e54753517.png,fm,real-ota,fm-ota-107500000,test,,Classic
datasets/waterfall/fm/b504e7b66397337a27889b166d76c8606a2e38ddb22e11f8c9459bd01badf76a.png,fm,real-ota,fm-ota-107500000,test,,Classic
datasets/waterfall/fm/4aa901223318ea03ac9440c5d8532203aebf24c55653388944f08509f60fd58f.png,fm,synthetic,fm-87305-0-0,test,fm,Classic
datasets/waterfall/fm/24de126001c53bf80a84009d271df20498fd2c436ec185ebbbad37595e577627.png,fm,synthetic,fm-66416-0-0,test,fm,Classic
datasets/waterfall/fm/699e9a56920c2b7a7bf9614af1947e0dfde59fa47917b4d0851e5e40854afc69.png,fm,real-old,legacy-fm-24x19,val,,
datasets/waterfall/fm/81adbce47de868c2248544ccf00ad90b2ad69fbbb0493edee70b24ef33a43883.png,fm,real-old,legacy-fm-9x8,val,,
datasets/waterfall/fm/646e012d8b015ac5e448fe4ff8ed0874d05bb09c87f3adf1fc011a7757453cbd.png,fm,synthetic,fm-1668-0-2,val,fm,Classic
datasets/waterfall/fm/0121279165a2c38673d28869a49f2d618e13b049ad6c1d650a9678fb0dc1dee3.png,fm,real-old,legacy-fm-5x9,val,,
datasets/waterfall/fm/4901231a1bf987238b193ca528c5c311eb93165d57936f5a84f4491c3ebccb08.png,fm,synthetic,fm-44111-0-2,val,fm,Turbo
datasets/waterfall/fm/2ea69195aae08313284377a113af39ae904bda4837f44dee8ded53e882804104.png,fm,synthetic,fm-87304-0-2,val,fm,Classic
datasets/waterfall/fm/618bf5ccfa78ed63a8a77a60c3d67c12938bd36d81fae3f92d8268140d73d84f.png,fm,synthetic,fm-94729-0-2,val,fm,Classic
datasets/waterfall/fm/2dd8ae0fd0c529a54d6cacad1c7a3c24ba4b2cc5719169876508b04fba1c9357.png,fm,real-old,legacy-fm-33x12,val,,
datasets/waterfall/fm/07a71eb38e23027debde8c36102f6aaeb7968799745a6fdb7c6afb58d6ef759d.png,fm,real-old,legacy-fm-7x12,val,,
datasets/waterfall/fm/427a74c661344c4f19168f5d481ddfff877d5d23a8fb67f24028d358fab4d17f.png,fm,real-old,legacy-fm-8x12,val,,
datasets/waterfall/fm/0f5872d098b6c9b770ddbef956926c2534ce4e1292527462f4dcf5984ef9b02f.png,fm,real-old,legacy-fm-6x12,val,,
datasets/waterfall/fm/a6088a2d3b5773fbfeed149d47060013130498c8c442b527ac8788bb36c7019a.png,fm,synthetic,fm-73311-0-1,val,fm,Classic
datasets/waterfall/fm/2c9d4d126e40137515a480e60bbbddf5aa5f25bffe05e138d61da8ed87a2b70b.png,fm,real-old,legacy-fm-10x12,val,,
datasets/waterfall/fm/8b1a39c9dd5c907a7879f6172b562a98c71010ca708ffc07560e150d37e5c968.png,fm,real-ota,fm-ota-104500000,val,,Classic
datasets/waterfall/fm/dd4f47794b47b6ebb2f6dca2a523a1dd74d2d498db28ef9f5d815352b6c05f62.png,fm,real-ota,fm-ota-101500000,val,,Classic
datasets/waterfall/fm/29aac1398bcdc0a29a9e7318ebea7a6c84b581cd324c44cb3a2b16a1164dc41e.png,fm,synthetic,fm-50344-0-1,val,fm,GQRX
datasets/waterfall/fm/9bfd345d508b7c3cd4313c113561a84d336d26080c1598baa9ab2700b185e2b3.png,fm,synthetic,fm-87305-0-1,val,fm,Classic
datasets/waterfall/fm/bdc238b92aba5a708fe3c77ffa3b650bf380ad0f697b6ecb0a4d58d8c2d83567.png,fm,real-old,legacy-fm-33x12,val,,
datasets/waterfall/fm/298d68906eddd20e9c87fa681d0c1daacc0947d1c0507191d802889d199ddc44.png,fm,synthetic,fm-73310-0-2,val,fm,Classic
datasets/waterfall/fm/c42540f37fe496964b9ac5ff29aa2185a4f02010f5e92ca6d1024eb08a4eb9f5.png,fm,synthetic,fm-44110-0-1,val,fm,Temper Colors
datasets/waterfall/fm/57863aac970c1b7821609980dd587ad6dfaf068cfadbe2260058a696b0954d3b.png,fm,real-old,legacy-fm-7x11,val,,
datasets/waterfall/fm/075619849bdbe1f92e0dab9c5c9f224de9e5df4e667757474d82ac3b532d2fce.png,fm,real-old,legacy-fm-8x12,val,,
datasets/waterfall/fm/d216211e58486998a5f1686fe2f6a4630a6af5f7727783c7a30e276741607154.png,fm,real-old,legacy-fm-31x9,val,,
datasets/waterfall/fm/4c573e8e2b4a062ae462a0373e76282e2ad26862ba4f4ccc2006cb4b2af729dc.png,fm,synthetic,fm-1669-0-1,val,fm,Classic
datasets/waterfall/fm/e4e68f5cd7c0f1ad4bf7be680749c2f182f825afc0e6c0c5c1cac49ffcda5afe.png,fm,real-old,legacy-fm-6x11,val,,
datasets/waterfall/fm/3a635652e7a497c13e6b6024480ba1fbe5de3fe590d8721e6234c979fdc5d6ca.png,fm,real-ota,fm-ota-101500000,val,,Classic
datasets/waterfall/fm/361de4f9c2a4c95fcd60b1d1d12448e26e54b607ac6db198b4b88dd9b6743853.png,fm,real-old,legacy-fm-10x12,train,,
datasets/waterfall/fm/54c3a5761d1b2dce85518234c781d9c0f878931192be18bea613608c13328f4d.png,fm,real-ota,fm-ota-101500000,train,,Classic
datasets/waterfall/fm/910e56660ff808b51bfacc62b08388ed09117796d71ec381c09a707d25f9c95b.png,fm,real-old,legacy-fm-7x11,train,,
datasets/waterfall/fm/66a88274c53531863f8afddb3d84d34c1c34e0913522cac4100e2d8d3dc9cd72.png,fm,real-ota,fm-ota-91500000,train,,Classic
datasets/waterfall/fm/5e9424a286c77fcdb80d36b49d51fce43395e51b45edce706734b64398f04822.png,fm,synthetic,fm-94730-0-0,train,fm,Classic
datasets/waterfall/fm/9ea8a3da1b618e75664a1f16bfdf2e85665be7ff317fdf4c2e6ddbaaa89fdc30.png,fm,synthetic,fm-50343-0-1,train,fm,Electric
datasets/waterfall/fm/1cd5b49276d593eca702ab5468ec401e3afa12789a7dbd69754cba793848b3c9.png,fm,real-old,legacy-fm-7x11,train,,
datasets/waterfall/fm/1646117d6346ea962cd6a8987e5cd6e6bab95c0e2b70c766207088d08612e24d.png,fm,real-old,legacy-fm-40x19,train,,
datasets/waterfall/fm/3dc1c244478f7bf6ba7421c0a96f8e95de328950920a89a118c2ad9d65c7e865.png,fm,real-old,legacy-fm-5x9,train,,
datasets/waterfall/fm/bd900adeed8a27d0ccd288e3f37d8b5eb8f576bdc930a35fbda320c7a9a11886.png,fm,real-old,legacy-fm-7x11,train,,
datasets/waterfall/fm/dd8ea0895d76f6be0419d9f68660f86ad2a28b334a86360d93a617e6daf63a11.png,fm,synthetic,fm-73312-0-0,train,fm,Classic
datasets/waterfall/fm/f5aa24afc2046c9fac83eeb88394815599f3d41a04cd6c6a89cac0d1b3b37d2e.png,fm,synthetic,fm-73310-0-1,train,fm,Classic
datasets/waterfall/fm/2d3af5288bf9827a889dd32fbbc5225ac72985a5021ec16d1a4d6b17186447ba.png,fm,real-old,legacy-fm-8x12,train,,
datasets/waterfall/fm/2716d3429f716a77370901555d088d20a4d745a3356e367b23ed5d083bfd1ebf.png,fm,synthetic,fm-44110-0-0,train,fm,Temper Colors
datasets/waterfall/fm/3781f8a0be3eccca00d4d145ff18d99aed79b7255a888d187e0baae9303f1225.png,fm,real-old,legacy-fm-6x12,train,,
datasets/waterfall/fm/a22f5a686f9016e28f9f23c71719d193b563b8e6b01f8ca93e8c56ce7f8acbdb.png,fm,synthetic,fm-83463-0-2,train,fm,Classic
datasets/waterfall/fm/bbb340a959fb51dbce7dcc6db8df64474fc1988e9c16f96ec5c1c5f0003b2cdc.png,fm,synthetic,fm-50343-0-2,train,fm,Electric
datasets/waterfall/fm/618d8876589ea5451ff6ce9946ea6b506d3e616a69b61875bf56253d3be23822.png,fm,real-old,legacy-fm-8x12,train,,
datasets/waterfall/fm/c52579cab4d6e224cc0c299252f99bd39b1e55c9e0eb27736c8b85116ba64a82.png,fm,real-old,legacy-fm-30x11,train,,
datasets/waterfall/fm/baa69a7fa8dc4a79fa34f25e14cf535726456cf4f4ef5ca64edf78724d41bdb4.png,fm,real-old,legacy-fm-33x12,train,,
datasets/waterfall/fm/d6f61e6ec20864605cb993211df27cdc2f1d023af88210ec538f6c959f75f4f6.png,fm,real-old,legacy-fm-8x12,train,,
datasets/waterfall/fm/16ae0e36acb3de5e2482b50d8f943703869e079dadd5907da41d67b9761eb256.png,fm,real-ota,fm-ota-104500000,train,,Classic
datasets/waterfall/fm/ba58a2f5e8e330065aefe11a17a630ad4c54f3b2ce43836d622290ade87525fd.png,fm,real-ota,fm-ota-107500000,train,,Classic
datasets/waterfall/fm/8bc2b61ea65015c58d236bd8240794440a4ce0c40b098d06e2b732d7aa75cee7.png,fm,synthetic,fm-1667-0-2,train,fm,Classic
datasets/waterfall/fm/63fbd7ec21c874dbce9f52dd07a2e9b78988be2286190e3e0ef2ee8c308813e9.png,fm,synthetic,fm-94730-0-2,train,fm,Classic
datasets/waterfall/fm/22ff9a6af981d2ada469dbbadb96d5be0ff7bf55f7fc17cdf8c57a09a9e7ed6a.png,fm,real-old,legacy-fm-7x11,train,,
datasets/waterfall/fm/1a70a31fe949b6681175659f0a7b4cbfc0dddc57063a95fbbfec17d8a615f754.png,fm,synthetic,fm-44109-0-2,train,fm,Smoke
datasets/waterfall/fm/bad398b42ef3195d85728e2915c9a423c1d5bc4538aa0ff09ce16ce1b95dc899.png,fm,synthetic,fm-94729-0-2,train,fm,Classic
datasets/waterfall/fm/e05f396f0e44b3df55f613aaebe9bbc5af393f39bdb8da27ed9e9c62fa750c31.png,fm,synthetic,fm-66417-0-2,train,fm,Classic
datasets/waterfall/fm/b2d0365e9da7c1e24607b4aa9c160598b898c2231d2d36c8b071905266c50075.png,fm,synthetic,fm-44111-0-0,train,fm,Turbo
datasets/waterfall/fm/378798e6cca0238a85cbfea364f63a2083fd4d80c656bf333c0556cbf2e86e23.png,fm,real-old,legacy-fm-6x12,train,,
datasets/waterfall/fm/8910246bd647c13637ab78d1846a42c7c1f9a4bac0aeb644d0704c68390d0810.png,fm,synthetic,fm-73311-0-0,train,fm,Classic
datasets/waterfall/fm/733d66e77fe4bab0d4ef7691fbdf55d695fd823ef9c4c80a81f6d33c4f05e74f.png,fm,real-ota,fm-ota-98500000,train,,Classic
datasets/waterfall/fm/596a37e0bcdc4037f5ba61a8d85f79bdfc3e039854dc8a9be6447d06d030d0c1.png,fm,real-ota,fm-ota-107500000,train,,Classic
datasets/waterfall/fm/e4c68b45cb8116767e3208ccf0de8c97e60ba42ece69eb7cfa6d535b399b115d.png,fm,synthetic,fm-1669-0-1,train,fm,Classic
datasets/waterfall/fm/a449e5e1301383c7cc1f45ed5438a0fa3cb6bbf0fa18d83525a458d4f0daba1d.png,fm,real-ota,fm-ota-101500000,train,,Classic
datasets/waterfall/fm/284f31efffda40bf3db1f713f158ae9236b6007df793b58dfbb695c12545e0f7.png,fm,synthetic,fm-1667-0-2,train,fm,Classic
datasets/waterfall/fm/41e7cb4dab0555edfd11ef50523515b6157e4119dfb3aca16c06d14ee1480250.png,fm,synthetic,fm-44109-0-0,train,fm,Smoke
datasets/waterfall/fm/c17fe8e0499926c22f4b9ea501935a5dd65b72cbe3af0d164772d77fc0f36896.png,fm,real-ota,fm-ota-91500000,train,,Classic
datasets/waterfall/fm/b2664461d800ae43832771300ce510e3b3edad0860b906647fa33ef42836029d.png,fm,synthetic,fm-44107-0-0,train,fm,Magma
datasets/waterfall/fm/12e78e6f9efd97fe06731ad7dd247d6b8d080bc3511c14d4afc923c2838b0aa6.png,fm,synthetic,fm-1668-0-1,train,fm,Classic
datasets/waterfall/fm/66afd1c871296af28344050e47ac695ad509fde45446bb8d79bf14f6e43d772d.png,fm,synthetic,fm-94729-0-0,train,fm,Classic
datasets/waterfall/fm/024ad96085c1a32587c2951e5878804ba84bc1d26143156578496098f438786b.png,fm,real-old,legacy-fm-33x12,train,,
datasets/waterfall/fm/e1f8868e3db02fdec0eb1294f81b1a8cddc8a61c478b7b9a434213eea0d8d5c9.png,fm,real-old,legacy-fm-33x12,train,,
datasets/waterfall/fm/c0c442daeeca493a17e1c691af4e82e5b4757863dedfb007808537d0b67911e5.png,fm,real-ota,fm-ota-104500000,train,,Classic
datasets/waterfall/fm/81dcb9b910256a85ae74379be757449437086c7b11b5b9830fcc666b902cdd98.png,fm,real-ota,fm-ota-98500000,train,,Classic
datasets/waterfall/fm/6c4843309addefb4f3aba009d9dbdbd529b0efba0789e751f920bcdc2be71e43.png,fm,synthetic,fm-73312-0-1,train,fm,Classic
datasets/waterfall/fm/6086ebf1ecc50c7c9ea61e45355bccff352e68693a76ffc070926c3d2ef6dab4.png,fm,synthetic,fm-94728-0-0,train,fm,Classic
datasets/waterfall/fm/311d5aab3262b8c71e4e261e2a9b7012e043fa5511d3bde8d9c883ee304ab350.png,fm,real-old,legacy-fm-19x30,train,,
datasets/waterfall/fm/e4fe24f3b2dc70327c17f98baeb39792389ceec979f55ee48a13cb723d8de16d.png,fm,real-ota,fm-ota-91500000,train,,Classic
datasets/waterfall/fm/15551fc0007c56b28f8d2af199eb609ef9d2bc94eba606fde6089f4579c69347.png,fm,synthetic,fm-94728-0-2,train,fm,Classic
datasets/waterfall/fm/bd7c420e9f16722fab5fee94a8de6f9e1e650a9f7e598de5b0802e4a59fef0c7.png,fm,real-ota,fm-ota-101500000,train,,Classic
datasets/waterfall/fm/7c5a9edbbe72afb39854e4c79351a247dabcaa41eaddc7518592e06cc9e67272.png,fm,real-old,legacy-fm-7x9,train,,
datasets/waterfall/fm/c661c77867d46b32e5d89d38ad2129ad2ba5eecdc3a164c1f72c88ccf9e28000.png,fm,real-old,legacy-fm-6x12,train,,
datasets/waterfall/fm/2d8bc08d39bf85de5ab51c68c74fe4118fab0e4102d28a368e985d7806eada21.png,fm,synthetic,fm-44107-0-2,train,fm,Magma
datasets/waterfall/fm/fcbe7b9f517c8669684a749d4eced0190fd7cc97b18869cffd61a4ff5c6a8db8.png,fm,synthetic,fm-1669-0-2,train,fm,Classic
datasets/waterfall/fm/83c6c42f3e5737482c97f65e50837e283fc7afe2e0f40303a8c6ad301df4a557.png,fm,synthetic,fm-44107-0-1,train,fm,Magma
datasets/waterfall/fm/59941e270dffb7984bb0796b86d41a021a9907b6d398bec321f8387521e5541f.png,fm,real-old,legacy-fm-5x11,train,,
datasets/waterfall/fm/a25b858a8001aa8319e21bd711215f62aa5b9df7b6fcbde732a7d8f4487b8644.png,fm,real-old,legacy-fm-7x12,train,,
datasets/waterfall/fm/8d1c07a3ef869451478db6da06622d4f26653227b8f5f18ef47f19983f382f84.png,fm,synthetic,fm-1667-0-0,train,fm,Classic
datasets/waterfall/fm/0793b62971fa623f5d96c521c4ab02b8b5fb74def45e8825c29075e7b3ebbbcf.png,fm,real-ota,fm-ota-98500000,train,,Classic
datasets/waterfall/fm/addc63f83cc06b615d8951fcaad4670e0644caf73270cb2e4fa1d06a241af662.png,fm,real-ota,fm-ota-91500000,train,,Classic
datasets/waterfall/fm/bfbef19f851eda16a562dd14c5eb497ce272ecedce3c3ee5d854e1e4fa03db5f.png,fm,real-old,legacy-fm-6x12,train,,
datasets/waterfall/fm/66c258eb3b2ca3c61bd8d2d4fa261fb6b2fb6c7ee0d1436651ceea660568a5c3.png,fm,real-old,legacy-fm-5x11,train,,
datasets/waterfall/fm/947ef840ff6d64a6f4e81db5e520c6d3dff3a784e8af9215a86fcda90beedd37.png,fm,synthetic,fm-50344-0-2,train,fm,GQRX
datasets/waterfall/fm/b0bc1f47721ab1cf0f78bd68f4251b43188407ddc61f8f94befb0f9a8fa886b9.png,fm,synthetic,fm-1668-0-0,train,fm,Classic
datasets/waterfall/fm/b0a4dc15bda5ba2a0eb6dced3c043b3c928b1087bf093d4b3b9d52d5124548c1.png,fm,synthetic,fm-1669-0-0,train,fm,Classic
datasets/waterfall/fm/4675e7b636cdb81166fd2a2bd1df1303df1f86ddf10de22cd617f9f91a35f2df.png,fm,real-old,legacy-fm-29x28,train,,
datasets/waterfall/fm/b5036ed89f1f8a2f702a52bd4ec662e61c349a78205aeca329539216817f3b8a.png,fm,real-old,legacy-fm-5x9,train,,
datasets/waterfall/fm/62d657f82e4adb0c68c23bf0c5d67464a5696ad84aefb7ee61239cb8c6d0dfea.png,fm,synthetic,fm-66417-0-1,train,fm,Classic
datasets/waterfall/fm/7fabf6e651bc49224ca2cbad49bc397ca3fd1ccb61d867c23766c6adf60a859f.png,fm,real-old,legacy-fm-18x19,train,,
datasets/waterfall/fm/0630ebb13847d0d3354053c9b05d77139706b154ffb2d451b9799248777055a0.png,fm,synthetic,fm-44108-0-0,train,fm,Plasma
datasets/waterfall/fm/822524c9d35e9d1793557fd7bcc1218041b58bbd564ffcffcfc2596fbb5b13ef.png,fm,real-old,legacy-fm-33x12,train,,
datasets/waterfall/fm/27ec2a70405ca77b59db01e2ba53e170d51cb6247c73bb8f958438fda6e4a01a.png,fm,real-ota,fm-ota-107500000,train,,Classic
datasets/waterfall/fm/c54aa3f97de5d2a797ad342e50ef8f68d9d8fc57554dca2509d44e88780ac9ca.png,fm,synthetic,fm-50344-0-0,train,fm,GQRX
datasets/waterfall/fm/169fffffe97505441e99d41044bb68a3429ee365d1a99a2efdde17d79acdf592.png,fm,synthetic,fm-87303-0-1,train,fm,Classic
datasets/waterfall/fm/62c37c24e5447c1f8f435104989bd9b8d0c8e3a80f4688a375f1c77cdbe2973f.png,fm,real-ota,fm-ota-98500000,train,,Classic
datasets/waterfall/fm/dccecd7e893c89831e72d6ff1b52551c90cf51426fbf4498b2448a30e2e71e2a.png,fm,synthetic,fm-94729-0-1,train,fm,Classic
datasets/waterfall/fm/8e9b65e5ebc25522d29f8f3e1401a289ded678117f2c2c3bb886460adeca9466.png,fm,real-old,legacy-fm-5x9,train,,
datasets/waterfall/fm/23e4b1db9a7a1e15a623e02cae689a6b9e356acdf93b0587defdb42ded49c8aa.png,fm,real-ota,fm-ota-91500000,train,,Classic
datasets/waterfall/fm/97be375e076195e4ac5fcbe0ac71fa91972de5832abdd3305065dd08690d6e6c.png,fm,synthetic,fm-94729-0-1,train,fm,Classic
datasets/waterfall/fm/97418cadc4e8d1361faa962d6de1aa6174e187615dad371c5e5b46375aeb2495.png,fm,synthetic,fm-1667-0-1,train,fm,Classic
datasets/waterfall/fm/0112019f5ba1328ce7f8300d582a9303dff7ed0ee6e2cdc1f1826bcb449c3815.png,fm,synthetic,fm-1668-0-1,train,fm,Classic
datasets/waterfall/fm/efc8f40bb72b220a28521a9a880914641ca91eb8d63c1212de8b2c93e8753707.png,fm,synthetic,fm-94730-0-2,train,fm,Classic
datasets/waterfall/fm/d438ab5961b470315eb471fa9fc491d90ef9438c6f9148eb82b59b6703c6e5db.png,fm,synthetic,fm-87304-0-1,train,fm,Classic
datasets/waterfall/fm/dee9b9a92de165e16ce07c1ca7b9dbbd0efa53f83573af4487edc23581af9cff.png,fm,synthetic,fm-73312-0-2,train,fm,Classic
datasets/waterfall/fm/f7213bc7ed86699c4242a1398fc671726f5951e6563d8c0396d39b6911c98d94.png,fm,real-ota,fm-ota-98500000,train,,Classic
datasets/waterfall/fm/f1d7bdeb1d1db0f66a48aa4d1c1942116f450871f0fbe678f68fb1e754f11344.png,fm,real-old,legacy-fm-7x11,train,,
datasets/waterfall/fm/f0d9b60a014e72ea75df9fe7b898856537ccbba2c5a76f580bc8d25e4f889002.png,fm,synthetic,fm-1667-0-1,train,fm,Classic
datasets/waterfall/fm/ff0b854416e7ec6d8594a8746bf7b3082cfe2e7d68eb7d221ae535c3d6f8f24b.png,fm,synthetic,fm-66416-0-2,train,fm,Classic
datasets/waterfall/fm/e1e52fba8046f697349a28e0acd3d7c710f59f51b6eb00719f96cec44157a5b0.png,fm,real-ota,fm-ota-91500000,train,,Classic
datasets/waterfall/fm/a7eebe42e6b8d693bf3da1a7a15bb1a8098f2f260a1a2a93269f7e3375f85e9c.png,fm,synthetic,fm-44109-0-1,train,fm,Smoke
datasets/waterfall/fm/448dfe052cc0c997190454896f6eb1fc3ab6ce1f45346b6bef2213dbfae1fdca.png,fm,real-old,legacy-fm-7x12,train,,
datasets/waterfall/fm/6cdb67b0f8cfcff6a5f6dbda71f398db5612e04c2171a91a95dc9c224c3ebcab.png,fm,synthetic,fm-73310-0-0,train,fm,Classic
datasets/waterfall/fm/20b76ea33b0e3f5a6ad2fd3bfa2befaaf07def1f230909bdd2b191b8a95f79d7.png,fm,real-old,legacy-fm-34x12,train,,
datasets/waterfall/fm/04cf5cda5b9978f29f877cb044b53b6e9af47bad6473ed16d131bc33b64c6cee.png,fm,real-old,legacy-fm-20x12,train,,
datasets/waterfall/fm/b7d617d973c8dac98ecfce8d1d04117b79741cf81ce4c2509b76a40e40259303.png,fm,real-old,legacy-fm-34x12,train,,
datasets/waterfall/fm/de7cee89d76bedbeb7b9994928a381fc20b48b62c78709e6e36b5f227bb8ca03.png,fm,real-old,legacy-fm-8x9,train,,
datasets/waterfall/fm/5f245422953586590fb1ba6be81f481bab8d46c1cd4b4f5dabcf0fb151b626c4.png,fm,synthetic,fm-44111-0-1,train,fm,Turbo
datasets/waterfall/fm/0ff2a09b929e0c69745666a9b9bf0556f7bd553902170ac9f5958777c0e1133f.png,fm,synthetic,fm-94730-0-0,train,fm,Classic
datasets/waterfall/fm/ab02ad209f32d46841b0b44794d1558f170493e7427557df587f7e2776b89fe3.png,fm,real-ota,fm-ota-104500000,train,,Classic
datasets/waterfall/fm/7dc57badd85152806d93f27134278e3dc082599fb64aa14dbb0426ec104541c8.png,fm,synthetic,fm-73311-0-2,train,fm,Classic
datasets/waterfall/fm/3e5d727baf21e08eb3a4adcf0fc1fe47d597214643ce682c221c730590469c65.png,fm,real-old,legacy-fm-16x29,train,,
datasets/waterfall/fm/5d3c227d2f4e8c4d6f4f008ca18071a382c94b50e032a892567ec313f200b3b2.png,fm,real-old,legacy-fm-20x12,train,,
datasets/waterfall/fm/506b93c6cf40092eac0770c281f7420526c67798cd0b16c27b5e3266749f328e.png,fm,synthetic,fm-83463-0-1,train,fm,Classic
datasets/waterfall/fm/69c64903bcf90b432678cb34c4c4d7b7890cd4e8b99974f939288615d97e0484.png,fm,real-old,legacy-fm-14x12,train,,
datasets/waterfall/fm/68eb18933d2534dc03d50e1c6b893a482c199f9fefa4c311457d51ac25ccb547.png,fm,synthetic,fm-87304-0-0,train,fm,Classic
datasets/waterfall/fm/3e70b1dcd9e3e9eff085baa1da249a34f83525b28b006d59caa2320ef6316a27.png,fm,synthetic,fm-1668-0-0,train,fm,Classic
datasets/waterfall/fm/e8cadf1abe3937ec36b71b000b66ec6b82337ff1d42a8d6e985610bded8f8e48.png,fm,real-old,legacy-fm-8x12,train,,
datasets/waterfall/fm/31b335fad74716a5377f198a88e47a51308cf3a5c4ea42286e2afca3ac5291d6.png,fm,real-old,legacy-fm-6x12,train,,
datasets/waterfall/fm/7d89d7bab05ae339185c502eb3268a7e2081c3d4f63245e5fe107ab6475e7306.png,fm,synthetic,fm-44108-0-2,train,fm,Plasma
datasets/waterfall/fm/fabcc6753619eed77eb7a093825fd7a96d4752f08b755c3d7ff02baa0ad63843.png,fm,synthetic,fm-94729-0-0,train,fm,Classic
datasets/waterfall/fm/99f8960f8ab87c8d142dde9f81095a0b9edbeec2182558a9087321e3500bdf85.png,fm,real-old,legacy-fm-7x11,train,,
datasets/waterfall/fm/cff3bf0a8f84bedf2d37d5c31e93b861deb5ac8d118d7705ce77628efb8b6a2e.png,fm,real-old,legacy-fm-6x12,train,,
datasets/waterfall/fm/0f1cdace9d71dcfb3e7ea2e6faf23b6f985747ee0c51fa21f32e62f641c88cbd.png,fm,real-old,legacy-fm-5x9,train,,
datasets/waterfall/fm/ade7b0ea4c112eb081581e68fa07880216d7f4827247c04534c5817767aa961b.png,fm,synthetic,fm-66417-0-0,train,fm,Classic
datasets/waterfall/fm/f9323e3c68e3b17ecfba74fc8e5116852305842e63d4258c6d4033f9306cfdfa.png,fm,synthetic,fm-1668-0-2,train,fm,Classic
datasets/waterfall/fm/cc434c5adc413c43653463438bbce1b4682c32d663bd1c87ac244c76f4710ac3.png,fm,synthetic,fm-44108-0-1,train,fm,Plasma
datasets/waterfall/fm/51e860f88bc5097dbd2e7928a7623342e629aeb5d4f80cf3b4c1b3e7fcd111a6.png,fm,real-ota,fm-ota-104500000,train,,Classic
datasets/waterfall/lora/f2640c24377a44e8549e67d5bdd75cf70bd01f09605286d2903620d0a24e2db7.png,lora,synthetic,lora-94729-0-0,test,lora,Classic
datasets/waterfall/lora/12d6b0496b3ccc9fb8daff70449b11a931f7afe02b61b3e041a9da56440d5067.png,lora,real-old,legacy-lora-6x9,test,,
datasets/waterfall/lora/960ea44a3f33ae5e3b793d8e6e8c2615a77777a61a4f6d92bdad3052ad579c51.png,lora,synthetic,lora-73311-0-0,test,lora,Classic
datasets/waterfall/lora/c30b3011ac8581eae385dc804445db227a3880ab39dabc6eac52dc9cf23e7f1c.png,lora,real-old,legacy-lora-17x9,test,,
datasets/waterfall/lora/c0dd75fccf7fe5162d81f34660438819eef5f1fe82e132fb13ccad77eafd8085.png,lora,synthetic,lora-50343-0-0,test,lora,Turbo
datasets/waterfall/lora/e4e051a11c8dd3180b893c827039f512ef1ae9ccbc8eab31d6861185511d012a.png,lora,real-old,legacy-lora-9x8,test,,
datasets/waterfall/lora/ec507fe01cee71e36ff192c6bd1577651330c0fdf606c0d77bbbf06fe4695d3e.png,lora,synthetic,lora-44108-0-0,test,lora,Electric
datasets/waterfall/lora/d69a4c63ac4ceb50cad006dbe60a87e7f36cc019dc07756ccb921a6339141e83.png,lora,real-old,legacy-lora-27x9,test,,
datasets/waterfall/lora/9106fc9b3437de62ccd94d3877a7b71390df8f2eee8827f48ddebf7fc9480804.png,lora,synthetic,lora-66416-0-2,test,lora,Classic
datasets/waterfall/lora/22c5176b923ce429c2631a99e7d1c6ff88658ad25fc294f3026fb00ea2f9bab0.png,lora,synthetic,lora-44108-0-2,test,lora,Electric
datasets/waterfall/lora/5a0b2e3f0e412cbc2064d0437b6fa7ba9b998f246ee41d83c1113a32dfc09d8d.png,lora,real-old,legacy-lora-17x9,test,,
datasets/waterfall/lora/b7655a83759e4aaed75bf232fe89c072a826b3f87cd133d72dcc776580e5bdf2.png,lora,synthetic,lora-94729-0-2,test,lora,Classic
datasets/waterfall/lora/c061026bd4e70dfe62ece7d6d6434f26700f889e0a1552be9ff85b3db8612cc7.png,lora,synthetic,lora-66417-0-1,test,lora,Classic
datasets/waterfall/lora/0a25f46caa738e00c5647afba09b33cd997bfc964761162630c712ceeeba41f8.png,lora,real-old,legacy-lora-8x12,test,,
datasets/waterfall/lora/37362b5acaa3f56ae6e673184e57c38fe923845f8f9c725e0cddcf7e7140631a.png,lora,synthetic,lora-44109-0-1,test,lora,GQRX
datasets/waterfall/lora/983f43ba655e5797cf83ccbe7c392429d57375e57d5639eba15477e478b70d11.png,lora,synthetic,lora-1668-0-1,test,lora,Classic
datasets/waterfall/lora/5a16454980cd0bb60ac2396cfa46156e604325919e3ab90061d91a6a770fd9ff.png,lora,real-old,legacy-lora-29x12,test,,
datasets/waterfall/lora/8c5feec8423490d512f77d01633d5ba76fbf0ce9b4621339928ef96a2a49ecd1.png,lora,real-old,legacy-lora-8x12,test,,
datasets/waterfall/lora/7c83ab3bd2ec3178ebfc33b689962dc0a9f20754e3bda4e42374627f030b5f99.png,lora,synthetic,lora-73311-0-2,test,lora,Classic
datasets/waterfall/lora/9190a363346feac367c996b6c093a64294e3a6b407a26b5480492c86c0dc4a43.png,lora,synthetic,lora-87304-0-0,test,lora,Classic
datasets/waterfall/lora/713b3f3baa53702d18350c2e60adf8d4e88a3fa5501cd8a479fb2b49dff297c6.png,lora,synthetic,lora-83463-0-2,test,lora,Classic
datasets/waterfall/lora/f8801ffc6ee3f946589de7a80b78899ee17f0db30f1fa851698d3f076e0c68ac.png,lora,real-old,legacy-lora-9x9,test,,
datasets/waterfall/lora/a949f3f4b488407a7d82672ca99834dee59ac173d9e63f27281a19c92939f5bb.png,lora,synthetic,lora-80172-0-2,test,lora,Classic
datasets/waterfall/lora/76a1e983f1dfa2ee3ee7af115549da38d7470b45378c0362d71b7f1600f1ceeb.png,lora,synthetic,lora-66417-0-1,test,lora,Classic
datasets/waterfall/lora/d71accfa87576305052f5138aa2e1699d499eff1bee0d635c7ecc8e51adb4051.png,lora,synthetic,lora-44107-0-0,test,lora,Classic Green
datasets/waterfall/lora/5d4dbd1204c8fa61643858d49e62073045202c1e1cbf73b45f0de39c639e7262.png,lora,synthetic,lora-94728-0-1,test,lora,Classic
datasets/waterfall/lora/36f1a740206fe4c57a0fda2cdfe52ed3dfc7dcdab5538af00bafc714f11c40dd.png,lora,real-old,legacy-lora-5x16,val,,
datasets/waterfall/lora/759b9c2b63dfd26e53d478ea8b063e739647f27b4eab513b7daec1f90da23d97.png,lora,synthetic,lora-1667-0-2,val,lora,Classic
datasets/waterfall/lora/9d3a6b3c24a49c12085bee1043a53ee39dd2b6427dcbad6e3a35c38e5b373d22.png,lora,synthetic,lora-1669-0-0,val,lora,Classic
datasets/waterfall/lora/c14394d5877b8e7da1c0069b7db1f4e8440aeacfc2c0622a7e214921d63baa9d.png,lora,synthetic,lora-87304-0-1,val,lora,Classic
datasets/waterfall/lora/62bc24d73761a21c4930710b21da7201fbbac15a2b1566ba0129d79464d9da6d.png,lora,real-old,legacy-lora-15x3,val,,
datasets/waterfall/lora/89e5b977b9088ec22f21e671649af1e2e5ade3635d4dcd98431affd884da7864.png,lora,synthetic,lora-87303-0-1,val,lora,Classic
datasets/waterfall/lora/fa670c53f24c89545f56858923c33675c89b8687d243303009a05bb715289419.png,lora,real-old,legacy-lora-12x12,val,,
datasets/waterfall/lora/6a13ed2bf62ec0d289d7855b34688895d3a6a8b2265e5834dfa940ce20116b6d.png,lora,synthetic,lora-94729-0-2,val,lora,Classic
datasets/waterfall/lora/455dbf0878b65cca010df8565354af8c616d0b911685d48b0f916591079a33b8.png,lora,synthetic,lora-1667-0-2,val,lora,Classic
datasets/waterfall/lora/1d41e971131e89ca72e2df5f2226836f92671e7e79f5996e63258463d48cd582.png,lora,synthetic,lora-87304-0-1,val,lora,Classic
datasets/waterfall/lora/7d752074d11de2065a16c127a376c1c296ee213df94de42ea317714ee40ad634.png,lora,real-old,legacy-lora-12x12,val,,
datasets/waterfall/lora/f18c2e17f7d6566b15558efbe2be6024e4e077b3c77a2e968e9d286344ce1778.png,lora,synthetic,lora-66417-0-2,val,lora,Classic
datasets/waterfall/lora/b2616f19c3106df92b0de1c174a338ff23e984d806e605f835716f428ce5bef9.png,lora,synthetic,lora-87304-0-2,val,lora,Classic
datasets/waterfall/lora/fe59e5eedcc3d9e1a33c0ccd1e1e78ac4074c404b46587900ca1f389f6cf50a0.png,lora,synthetic,lora-66416-0-2,val,lora,Classic
datasets/waterfall/lora/cc06c718543d4b5bb61fbe29c8a6a60a893327144a98d1fdc38d616416f8680d.png,lora,synthetic,lora-94728-0-2,val,lora,Classic
datasets/waterfall/lora/6be50c5261b91008b892dd92c7c987071f7dd5d35e83d0184655242db7d6ed9c.png,lora,synthetic,lora-50345-0-2,val,lora,Vivid
datasets/waterfall/lora/b1bed7aa2b2079085a8c8ac7670accb26e8c0e30b3036afac5a153028ab08d37.png,lora,real-old,legacy-lora-32x9,val,,
datasets/waterfall/lora/a021b1da8a798170cae9ef1fc2751b3caf0dfa88a48238262c8e773ca462239a.png,lora,synthetic,lora-66416-0-0,val,lora,Classic
datasets/waterfall/lora/716b23b3ecdb1ed0425977c72e863fbf232fa8b5cea87960f5288f45dff516e0.png,lora,synthetic,lora-44109-0-0,val,lora,GQRX
datasets/waterfall/lora/0d2a44e7e536529fb2e1555141a67724422610f57263f30c3b29a82ee089b2c5.png,lora,synthetic,lora-44108-0-1,val,lora,Electric
datasets/waterfall/lora/2f90c7c4f4e4c0bd3e4fa82b83635ec28c8b323415708638bc1bef44bd156218.png,lora,real-old,legacy-lora-12x12,val,,
datasets/waterfall/lora/f34dd7af8b78962de7b43fb10493bd1f840e76438e46eb2ce85b0d11632ec402.png,lora,synthetic,lora-44110-0-1,val,lora,Grey Scale
datasets/waterfall/lora/16ecbcb3844ceb9c8a6b815e03ad53d1d11da419885262bd2ada24065db58b6a.png,lora,synthetic,lora-73310-0-1,val,lora,Classic
datasets/waterfall/lora/880d368064d70b31dd0f952b6037afff3347340fbf070b35fc51d1eedf3844fd.png,lora,synthetic,lora-50344-0-0,val,lora,Viridis
datasets/waterfall/lora/cfb1d5d0a2aa1089776f525e371912c1a66f7a84701894a6e278b079baf95454.png,lora,synthetic,lora-87303-0-0,val,lora,Classic
datasets/waterfall/lora/5e71259ebb46920a60f0c630316301a1e37c4085ea02f78a510f91ad3fe08b1a.png,lora,synthetic,lora-1669-0-1,val,lora,Classic
datasets/waterfall/lora/28c0542edbbf2d9d9210d8b9ec844abcdd6e2e468ac3f847fab49d3380c6ff43.png,lora,synthetic,lora-66417-0-2,train,lora,Classic
datasets/waterfall/lora/2617c7c90a9e33970782053c31cfb6d0d113262032558ee8cb0e55cd116663ea.png,lora,real-old,legacy-lora-8x12,train,,
datasets/waterfall/lora/5046cd99b115502efdcc42409e8d89846b2162abb6a9dc8068bed7faf0f017a4.png,lora,synthetic,lora-83463-0-2,train,lora,Classic
datasets/waterfall/lora/b13a1a6565875af31dd1610a6bb79d6cb2f09b0ab454471d6c4bdc11c2e6e5a7.png,lora,synthetic,lora-73311-0-1,train,lora,Classic
datasets/waterfall/lora/ab1e894279b4bfdc5ca7bf42de057947a2ae0a209fe861a889c034a1d7baac42.png,lora,synthetic,lora-1668-0-2,train,lora,Classic
datasets/waterfall/lora/22fc06a8cbbcae9952929b9c511c137338dbd35a79bc8de6837b83ce290d7439.png,lora,synthetic,lora-1668-0-0,train,lora,Classic
datasets/waterfall/lora/689e356eea9d499cb42c27acaa8a65aed3fe6d82b11047b28d1793343ba6d1f3.png,lora,synthetic,lora-94729-0-1,train,lora,Classic
datasets/waterfall/lora/4db55bdb9f459ce3ea6d2002efe4e4c0e7ffaf927a6cc0fd119b6df9ab63dabb.png,lora,synthetic,lora-94730-0-2,train,lora,Classic
datasets/waterfall/lora/4347ccdbd9258a78bd0f9240576d9528682e5add29555ab7de8a587978fba35f.png,lora,synthetic,lora-50344-0-1,train,lora,Viridis
datasets/waterfall/lora/8ea4ccbc5052d280dfde9e7f7542dc88040be0decc59a09eb86195b6949e6d99.png,lora,synthetic,lora-83463-0-0,train,lora,Classic
datasets/waterfall/lora/f0cd562a37deb42f4755872dc7a92fcf125b88360e09ab92be794d61cf0772f9.png,lora,synthetic,lora-1668-0-0,train,lora,Classic
datasets/waterfall/lora/4c2d47a8ee35f180fe57f880f27b437db76493b574ae27261bdee9c7c3354571.png,lora,synthetic,lora-44110-0-2,train,lora,Grey Scale
datasets/waterfall/lora/d4bc2367feea2d4e75f8d8fff08500a0cc33df42f15c6804c8ffce7ee779ba4a.png,lora,synthetic,lora-1667-0-0,train,lora,Classic
datasets/waterfall/lora/958e99d4ba4ddce3683c50c0ef57a55c193b3e07b5072195b709fad2a3610a9f.png,lora,synthetic,lora-80172-0-1,train,lora,Classic
datasets/waterfall/lora/d0f44d265f14a026b1d9d202bef767723986bb2e7a6367e7ed5a99c53004844b.png,lora,real-old,legacy-lora-8x12,train,,
datasets/waterfall/lora/8eefc7ac838bdf0eb716374c0e11f8c8bf5eea38ec0055fd22f7f6954ff2e8a4.png,lora,real-old,legacy-lora-6x9,train,,
datasets/waterfall/lora/0f3d150d0537754236d9bf93204ed3056cfe8179db28c2e18ce7dad6a419268d.png,lora,synthetic,lora-73310-0-0,train,lora,Classic
datasets/waterfall/lora/c17b9ca3dda73942b9eb1a68d3b46bcefc197abe530d7da71ed2a7d8b3ad7d3c.png,lora,synthetic,lora-50343-0-2,train,lora,Turbo
datasets/waterfall/lora/0362186eda4222ee5f181ce8ec410287a9ec0de09aa7d76fe2d5781a6c83d86c.png,lora,real-old,legacy-lora-17x10,train,,
datasets/waterfall/lora/bb7701b29118efd3c4f6888aa12fb498f6f79bf28de9b6bc97f047b2c1b835d9.png,lora,synthetic,lora-87305-0-2,train,lora,Classic
datasets/waterfall/lora/f0b4222975513f0b61f38de11b817599ee12d9e5341eeab13ccbad1ca8da50db.png,lora,synthetic,lora-73310-0-1,train,lora,Classic
datasets/waterfall/lora/f2f81a0e400e2b715530564830061f89c8e7c3fd2678f020b5e3b525140acdd7.png,lora,real-old,legacy-lora-34x15,train,,
datasets/waterfall/lora/55c5a10aba9c0eef443d62105e06322bd347417d25664319fc77529b48170b40.png,lora,synthetic,lora-87305-0-2,train,lora,Classic
datasets/waterfall/lora/645e513ad27b8a7341d9627df955cf677c830c26a1bb09bbb7d5648816bbee99.png,lora,synthetic,lora-94730-0-0,train,lora,Classic
datasets/waterfall/lora/14620c8517655d2b2fbcbe7960134c9a0724780db7a51d0f314771edf2c2cb2a.png,lora,real-old,legacy-lora-5x8,train,,
datasets/waterfall/lora/771b44512fccefba0b6077ddaeb8f0e10d9447c9f18eb636d118d1ea67d04cae.png,lora,synthetic,lora-94729-0-1,train,lora,Classic
datasets/waterfall/lora/cd528b175ca394d8600c03731d8b5a99d7ea084930bfa97a3694bbf8e67a503d.png,lora,real-old,legacy-lora-26x9,train,,
datasets/waterfall/lora/fcac76282f4486fcd2ac5038978f2ad30203d422af8f73a2e5787aee3213d0a3.png,lora,synthetic,lora-94728-0-0,train,lora,Classic
datasets/waterfall/lora/4a9922114002d30990743d99e1179441e40c70a67385949e3f7e983fe65c9546.png,lora,real-old,legacy-lora-21x9,train,,
datasets/waterfall/lora/68b997041ba99f1220420eea5a0989e5a5240d11f1f8939137aab7856efa40e2.png,lora,real-old,legacy-lora-6x9,train,,
datasets/waterfall/lora/efe885260fd766b26b01a96a7afd8f142d2392db0df55d6fd3a459678a3d41db.png,lora,synthetic,lora-73311-0-0,train,lora,Classic
datasets/waterfall/lora/b8aba0769298ab31957929ff02558e05373046898a6f5eb36019bc2eb9c6bde4.png,lora,real-old,legacy-lora-5x6,train,,
datasets/waterfall/lora/0f6c6ad5eff5f8e51e15352cb24ac7ab8b170eba65a28add0360a69f86eb1c50.png,lora,real-old,legacy-lora-17x9,train,,
datasets/waterfall/lora/8a423c4bf1ea2807db93e3686d12677f901767861d0e1bb6d754a5f9b73e62af.png,lora,synthetic,lora-66416-0-0,train,lora,Classic
datasets/waterfall/lora/79c6a35c3cc577fcbe8f6fc77913651263bb9b8cfbc68f1110551d61241cf7b9.png,lora,synthetic,lora-87305-0-0,train,lora,Classic
datasets/waterfall/lora/f13f4db3371e51d3901dc7715042db2f70df039f7b0624acf3fc7e89e643bb3e.png,lora,synthetic,lora-94730-0-0,train,lora,Classic
datasets/waterfall/lora/56f4b1d86b8eadc4327b5701fa9e1bfef1cbdd4203f62d9efa10fcb2a805e8ed.png,lora,synthetic,lora-50344-0-2,train,lora,Viridis
datasets/waterfall/lora/957df2ca62e772528e6053eacb52bcc63a8152cbcf6b4b8de6d7d128a3c22ed9.png,lora,real-old,legacy-lora-29x12,train,,
datasets/waterfall/lora/63ba1b398747f179d1defaa561488506ed2c663d2f00f0727614f09f5459616f.png,lora,synthetic,lora-66417-0-0,train,lora,Classic
datasets/waterfall/lora/056ebcf80195cb56d6a8792980ded5a68cbd1da7c7a603f9f9419e301fbf54a8.png,lora,synthetic,lora-94730-0-1,train,lora,Classic
datasets/waterfall/lora/626afdbdff0e694a94dd3241087ac615df1dfe604d3b8fc0be7ea06598e86345.png,lora,real-old,legacy-lora-21x9,train,,
datasets/waterfall/lora/1d659f6973740c0ed17bc28152ed77c79e05c99ab4662ca468679a4fe9641ba9.png,lora,real-old,legacy-lora-6x4,train,,
datasets/waterfall/lora/5b71a0732ee2bf7b2b852be262822a21ca71794462bd0507abcf278a25f786fe.png,lora,synthetic,lora-66416-0-1,train,lora,Classic
datasets/waterfall/lora/beb4b2d978d7fc2352940b28687f62b446811c8463b8cb386a315b3ceec68422.png,lora,synthetic,lora-87305-0-0,train,lora,Classic
datasets/waterfall/lora/9c45b3c56daf718d12f5d8d65b384f95ad54675b7cb8e02d668c9310d3dabaec.png,lora,synthetic,lora-94729-0-0,train,lora,Classic
datasets/waterfall/lora/0f431a55c18a9b078b599a72b251b24c6d5420bd5bb8a51b96e5286b9ba4f25e.png,lora,real-old,legacy-lora-12x12,train,,
datasets/waterfall/lora/5f4ab03ac00d64de3a62ecebf91270577f4712b86f021ba05373bd46ffbf15e8.png,lora,synthetic,lora-94728-0-2,train,lora,Classic
datasets/waterfall/lora/36fe23b95f092bbb04d410cc0f3f7377a6791494c854537b60bb2e1a302f8762.png,lora,real-old,legacy-lora-29x12,train,,
datasets/waterfall/lora/f8fd0e3b7f528c1c9c3485a5f46586c9cf05e77538759bf40aef8c594e59388b.png,lora,real-old,legacy-lora-17x9,train,,
datasets/waterfall/lora/5a62167b244a38f638016fec668050f554a5ff72edcbd9df67d2f6e72c5aa7d1.png,lora,synthetic,lora-83463-0-0,train,lora,Classic
datasets/waterfall/lora/a5a0907710f88fcd7a7b165c7b77d39e867afcf172d5aac0b9c6b445bfa29ae2.png,lora,real-old,legacy-lora-8x12,train,,
datasets/waterfall/lora/4433ac284bc3c3806dd83e06b049f2d9b49d51940e60752a3100197ca8d3775c.png,lora,real-old,legacy-lora-9x5,train,,
datasets/waterfall/lora/ad487c8b838d36066cf975b6630cc54c7e63d57bb77be3a9725a2cd3014cac0c.png,lora,synthetic,lora-80172-0-0,train,lora,Classic
datasets/waterfall/lora/400d6bf3373f93feca64988df95367154a493c484ab70573f589fcd1e8c5603b.png,lora,synthetic,lora-87303-0-2,train,lora,Classic
datasets/waterfall/lora/1190e0f262fc8e90387548eeeaf52ec2f6647dd26796968b3680816c0fbdca08.png,lora,synthetic,lora-83463-0-1,train,lora,Classic
datasets/waterfall/lora/7506eb010050653e198c57d21ef643e14a0ba24369e6ecba2ffc023a2131d799.png,lora,real-old,legacy-lora-29x12,train,,
datasets/waterfall/lora/869b42ae5d8d1a985aac52a9abbc49c74378b78417d496bdcc48b5857c2a974d.png,lora,synthetic,lora-87303-0-1,train,lora,Classic
datasets/waterfall/lora/ec47d3c409873e4e2279a14b6aee44a79ddbae145b6c87371dc5452cf7210f0c.png,lora,real-old,legacy-lora-25x6,train,,
datasets/waterfall/lora/0b2ee988337364f502d6083c3273db4b32a3e639929cbb8ec71f20f13fe9c6e1.png,lora,synthetic,lora-11-0-0,train,lora,Turbo
datasets/waterfall/lora/e64a933891702f6f0a5e4eb2a54f01181e94b668916e24542ed1e410155b2700.png,lora,synthetic,lora-80172-0-0,train,lora,Classic
datasets/waterfall/lora/3d6748a059b02a734fa419b6a8e8b3019b344723fb5b147b7189a62fcbbf1774.png,lora,synthetic,lora-94730-0-1,train,lora,Classic
datasets/waterfall/lora/4aa5907d7551999e62676fb88832b472e8bedbbad035ae08b1862644ab3cd70d.png,lora,real-old,legacy-lora-8x12,train,,
datasets/waterfall/lora/01e810d11b9772433919f047d960b008f67213fa2fbbec3da3d85c56bfa16132.png,lora,synthetic,lora-73311-0-2,train,lora,Classic
datasets/waterfall/lora/fb8dfdcda720244a82d53eeb9f713fdd39cfd5cb212752391347d994ff7a1fb0.png,lora,real-old,legacy-lora-6x8,train,,
datasets/waterfall/lora/53591c0058637761c5e58163897a347ed6b7829779f2585434c1a4a223d35b72.png,lora,synthetic,lora-87304-0-0,train,lora,Classic
datasets/waterfall/lora/b505f75dd362e37d4fcc1f2a8194722650c42336776126eb7cb28d2f62d04562.png,lora,synthetic,lora-44109-0-2,train,lora,GQRX
datasets/waterfall/lora/ea46adfa8fcbb577616fe6546fd0a5a38454d8b1f7067267ea16c6c422f5e5ba.png,lora,real-old,legacy-lora-6x9,train,,
datasets/waterfall/lora/adc9c2f86b434d3b4bc10b1e1576ad0458eea5268f4293ce8675d7302091012f.png,lora,synthetic,lora-80172-0-2,train,lora,Classic
datasets/waterfall/lora/36f15e23827b38f508f6922529f53620c307de62de3594d02fe68658a28a3de8.png,lora,synthetic,lora-50343-0-1,train,lora,Turbo
datasets/waterfall/lora/16e7f9427d4ed45e481d74e3eb82346207c699fdcc949e8af3279d2a52fa7ee6.png,lora,synthetic,lora-83463-0-1,train,lora,Classic
datasets/waterfall/lora/642bd9e61b99201799a6ee8cbb5f35a323611fc5cafa79b85edac15d8be63b90.png,lora,real-old,legacy-lora-18x8,train,,
datasets/waterfall/lora/d0846c9fba8bb8907240217011457e056775c2a354f45bf2a08c763fd15cf3a3.png,lora,synthetic,lora-94730-0-2,train,lora,Classic
datasets/waterfall/lora/bf282191805050b860d846b24d830f4d0ad45937b6a660ef029d0708974b089d.png,lora,real-old,legacy-lora-18x8,train,,
datasets/waterfall/lora/87b9a46f7adf99ab00552e65b4fda6f3ef054d9be2eadec09f60ceb7e02b0420.png,lora,synthetic,lora-66417-0-0,train,lora,Classic
datasets/waterfall/lora/77db6fe9710ad9a814e3ccd2cba6309622db05e49006e9d91bcd074ce0c8ed1f.png,lora,synthetic,lora-50345-0-0,train,lora,Vivid
datasets/waterfall/lora/2df12dc57dcbe291b87e4cfe6da26e09edee87fec7de6f230e22994b1886a220.png,lora,synthetic,lora-1669-0-2,train,lora,Classic
datasets/waterfall/lora/cbbfb8d45b3cfd96ba215521032c6547b7e685eebaa3f2ce0c37a0a0dfa1139b.png,lora,real-old,legacy-lora-16x9,train,,
datasets/waterfall/lora/a599bd80719585c4f9708aca0600478a34b33bb6fb9a54a4224278ca51c0b415.png,lora,synthetic,lora-66416-0-1,train,lora,Classic
datasets/waterfall/lora/5ae8c3f2e8e88cc0325431a661a3b5c4f4bfe55b0af432bf0f6af766e047b00e.png,lora,real-old,legacy-lora-21x11,train,,
datasets/waterfall/lora/dbc7778a8c68a8b9cb54014bd70697d9bb632c8be2e2fedee9811c4363c68b9b.png,lora,synthetic,lora-87303-0-0,train,lora,Classic
datasets/waterfall/lora/63e9716af4dfd953c9403d5c7277d5f2db76088cfbb1f704aaf74ce64f916ca2.png,lora,synthetic,lora-87304-0-2,train,lora,Classic
datasets/waterfall/lora/3ab30f76dece4683ce5e27ef892e4d03387275e54849e1beb43c863a6c2bdcdd.png,lora,real-old,legacy-lora-12x12,train,,
datasets/waterfall/lora/25c6911f0256d72b4c15b238371f6d323dd0e152d0a7a244dfc9ecaa319521a8.png,lora,synthetic,lora-94728-0-0,train,lora,Classic
datasets/waterfall/lora/a261b9f4a8eb4f453c3824e19d2838d4df99c21d28db2ef5af6fa7e48b247eca.png,lora,real-old,legacy-lora-18x12,train,,
datasets/waterfall/lora/1dcc180dff01a1ccdeb8c8065c4748a212b1e3800e925aba70e0cb6233a17c7a.png,lora,synthetic,lora-73310-0-2,train,lora,Classic
datasets/waterfall/lora/03f585b254afac372d6cb08d6728273eecf9a849ee54977c7ebd0c4a7f21a6a5.png,lora,real-old,legacy-lora-6x8,train,,
datasets/waterfall/lora/0c1c21fa56db066cb35999e63dd1c8ce1543d2788611175157e051eeb641b548.png,lora,synthetic,lora-1669-0-2,train,lora,Classic
datasets/waterfall/lora/0de4df9b3e21a756148acd3e6ff8e0e10295d54ef8340832536714020f5a62f0.png,lora,synthetic,lora-50345-0-1,train,lora,Vivid
datasets/waterfall/lora/69b7ea470ef2e2311ad442fed6a2d2f0a3af955d3d0f6bcb2d75968c6bfc17f2.png,lora,synthetic,lora-1667-0-1,train,lora,Classic
datasets/waterfall/lora/5ae18de4c126408b834b75d161e1e45bb61e1eb9a53aca4fea8782de3d13c23e.png,lora,real-old,legacy-lora-19x6,train,,
datasets/waterfall/lora/0b4608c1db8533b6cf20090f89374b3600f4faf80bdba8656a89ed8ac733e084.png,lora,synthetic,lora-1667-0-1,train,lora,Classic
datasets/waterfall/lora/2d76ff8d27e02dcfddbe228c48d0142c9fbb357e9dc6fe96ad2096e2e86d272f.png,lora,real-old,legacy-lora-7x7,train,,
datasets/waterfall/lora/b0585366d2adbf1f6c732e5155b0c5ac6464b3c3edf234c48f3b09cf362cf2c7.png,lora,real-old,legacy-lora-12x12,train,,
datasets/waterfall/lora/5e30db2359e50c9121c814ab320f0394de8ebd57001f48ac78aec391e8cc6b37.png,lora,real-old,legacy-lora-16x15,train,,
datasets/waterfall/lora/261ba5e55edd5ef7a39716360dc4506642f7d1c67de5f35b61cfca2e5a024f84.png,lora,synthetic,lora-1668-0-2,train,lora,Classic
datasets/waterfall/lora/239c333cfcddfcd58270cc5b2d95a2a94a071b16ebd056c1d2b337e5c07d05a9.png,lora,synthetic,lora-73310-0-0,train,lora,Classic
datasets/waterfall/lora/a1b1a7a9dbdf696638b244b24fac25fce94ae429d124cb3f0cb37be5bf6a45ea.png,lora,real-old,legacy-lora-12x12,train,,
datasets/waterfall/lora/6d5af875422fe2f046aa8277d993e06e940d0eb1be454230a21730bb5d34f9f7.png,lora,synthetic,lora-44110-0-0,train,lora,Grey Scale
datasets/waterfall/lora/fc91ce6c8fa78d3b382158141cea0fcd016416740fe36bbca76c809bbea5657e.png,lora,synthetic,lora-44107-0-2,train,lora,Classic Green
datasets/waterfall/lora/244b73165b2d15e37ea8367bf5b92b25cf6cbf1162347cb9119a519256455dc7.png,lora,synthetic,lora-73310-0-2,train,lora,Classic
datasets/waterfall/lora/57c3a52518580635c3b2b8ecafed6d489a421012857531874c0e291569ececac.png,lora,real-old,legacy-lora-17x9,train,,
datasets/waterfall/lora/a3f4d8f1ca982ad7d30239a1b7789b377abe37020ec05943bf55fe8d7274500f.png,lora,synthetic,lora-1669-0-1,train,lora,Classic
datasets/waterfall/lora/476f9b31e766a11483f1d27ddfeb371635979154f5082eac5f04de0c10d8825c.png,lora,synthetic,lora-87305-0-1,train,lora,Classic
datasets/waterfall/lora/b6b731170f26052d9ab7385e170c99dd6da6c6f75f006e20891625a0f99b36ed.png,lora,synthetic,lora-1669-0-0,train,lora,Classic
datasets/waterfall/lora/73a2e35f3cc03f4dad3ff2c0fd4e18846b154a401dfb9fec6ed0379abe7cac1f.png,lora,synthetic,lora-87305-0-1,train,lora,Classic
datasets/waterfall/lora/6d66031b946b8516324fb08dd498caf07b0017dfaea869079c6e9dc3732ce307.png,lora,real-old,legacy-lora-8x12,train,,
datasets/waterfall/lora/924ec84b457053c8513dbfe0060bae2ee707ee9871c925ea6bfa70770cd23762.png,lora,synthetic,lora-94728-0-1,train,lora,Classic
datasets/waterfall/lora/d7596d13b7d29aabb7fd3ffe18e1b3ee17f916a519e933af17dca61d2a608aa2.png,lora,real-old,legacy-lora-8x9,train,,
datasets/waterfall/lora/211bcbc2be970235c9768aa579e53269e27938cadf668d15e07985c625978fbb.png,lora,real-old,legacy-lora-5x8,train,,
datasets/waterfall/lora/42b8611cb9ace14dbb00b1534a374a063b059630f1ee89022c298448c49b4767.png,lora,real-old,legacy-lora-26x9,train,,
datasets/waterfall/lora/c71c708065b35c95439c2c76797b35e954c6447b50023655517bf7f13c8fafd6.png,lora,synthetic,lora-87303-0-2,train,lora,Classic
datasets/waterfall/lora/319194ba31e5c986aedf291479b2095047a743bd9fbaf4894dab474d95803fad.png,lora,real-old,legacy-lora-29x12,train,,
datasets/waterfall/lora/a8af693d39730ed7fef6598fb8960e70020c177934e330837862c9123ea0d8fd.png,lora,real-old,legacy-lora-8x12,train,,
datasets/waterfall/lora/e9d037e1a3013e094e872f44c8261fc84f586b8f1780fd934260bcd32c646e70.png,lora,synthetic,lora-73311-0-1,train,lora,Classic
datasets/waterfall/lora/ccf8dda443b3240c4984051f4f7e65a2950f5b4022e3ae8da06c8a0d1219c97f.png,lora,real-old,legacy-lora-5x9,train,,
datasets/waterfall/lora/c3b8cb815a017bb458939d30ba48d6b64da9e0a3371112df175345d7193603d5.png,lora,synthetic,lora-1668-0-1,train,lora,Classic
datasets/waterfall/lora/ad3a35506a19b8dc68adcc833b671d05befff5f2ba7d24da1d669296cd43ad44.png,lora,synthetic,lora-44107-0-1,train,lora,Classic Green
datasets/waterfall/lora/45dd1afa1c1d6791aac4923d0beceb812fc79a047a99623a80a36ee896a9cc87.png,lora,real-old,legacy-lora-5x9,train,,
datasets/waterfall/lora/fc661fc04956df442a21de1d5fd9b2f0926b6491269aac75ba41473aa5e0b5f0.png,lora,synthetic,lora-80172-0-1,train,lora,Classic
datasets/waterfall/lora/1bd279c4ad4c53725f6583ef41e221325eb7924401f3d34193892fe911ffab57.png,lora,synthetic,lora-1667-0-0,train,lora,Classic
datasets/waterfall/packet/0067b3c56415f7b87306b0710bf0a904a9eecad73f042a97f5ae924592ba0b3d.png,packet,synthetic,packet-73310-0-0,test,packet,Classic
datasets/waterfall/packet/206b762eb243c851a98759d37533067bc3d64fd462129ecf412429d1f70328e6.png,packet,synthetic,packet-1669-0-1,test,packet,Classic
datasets/waterfall/packet/d1a692348e4fe46411a4e8ff276cc6bfb547c34d2f6489b25b5222c8f946d1e8.png,packet,synthetic,packet-73312-0-2,test,packet,Classic
datasets/waterfall/packet/847bd4ed4d0cdc0269a0535969c0e8b8e42622aca11f949dde2530ece1942998.png,packet,synthetic,packet-50345-0-1,test,packet,Smoke
datasets/waterfall/packet/e159888df43b19ad1a2f94b10fc2f432e1e1ff147b684f3d95d68b3e33a12988.png,packet,real-old,legacy-packet-23x11,test,,
datasets/waterfall/packet/8cdb2d38f0e7ddf89e19bde2c1683d460293e1452a03e6e194eb16aa6ebdd31d.png,packet,real-old,legacy-packet-6x11,test,,
datasets/waterfall/packet/a767664291f7a65fd489c4b6391013e0fb051a6943062039d90e43856c1a93ab.png,packet,real-old,legacy-packet-19x11,test,,
datasets/waterfall/packet/fa44e92c8a99842d04ddab18037a67244ddec41556b5efb524338d51a8dab1de.png,packet,synthetic,packet-44110-0-2,test,packet,WebSDR
datasets/waterfall/packet/9025d9153270088846ed20aa5923aea4c07d7784107d522d9bc1c34e66e7f13a.png,packet,synthetic,packet-87305-0-0,test,packet,Classic
datasets/waterfall/packet/57f6c90293fbf80391c2718deb43129757a2bd0767dad99447b5d3a1c2bbbfa7.png,packet,synthetic,packet-1668-0-1,test,packet,Classic
datasets/waterfall/packet/c7512d206806c5d5b445bdcbade08e0f155dd97c48739f177ebbfdc613e53fea.png,packet,real-old,legacy-packet-33x11,test,,
datasets/waterfall/packet/2a2c222e177357919e46dcc0d310bf46f8d57d740036870f0b2003bc7afcd9f0.png,packet,real-old,legacy-packet-11x12,test,,
datasets/waterfall/packet/0e82833995005f5d49d4d2fbe4c14065cb53ba83164a6d4b3e669401549eba93.png,packet,real-old,legacy-packet-23x11,test,,
datasets/waterfall/packet/87d9004d21b17189eb997cc0da55e0069de4bbb37e32739c18f8167487a40588.png,packet,synthetic,packet-73311-0-0,test,packet,Classic
datasets/waterfall/packet/54ea1da68f7c157fd2f2dfc7735117d7ef6eefe15b28138e94e6e82d57ec0099.png,packet,synthetic,packet-73311-0-2,test,packet,Classic
datasets/waterfall/packet/67013a6d3c9b8cbf3f0201d65b687b4322a79e0202b574b7e3578f1befda1320.png,packet,real-old,legacy-packet-23x8,test,,
datasets/waterfall/packet/9f2e4f816a745712f80bb235274b90c24f9fa4e54735b70d8d393b94fc06287b.png,packet,synthetic,packet-50343-0-2,test,packet,Magma
datasets/waterfall/packet/85ea8b3f7684bb4cd1db118f2d6508d7361460f9c44960d8ebf3d8013310e08f.png,packet,real-old,legacy-packet-23x11,test,,
datasets/waterfall/packet/dd7a6ff67c3b5385c7cc339748bf1b882229bedbc972c0ec6d349d5171aeafa2.png,packet,synthetic,packet-87305-0-2,test,packet,Classic
datasets/waterfall/packet/01c4daf86f211bb11a20436665b24506fe444a34bb14baea64c75b4e9af6bce8.png,packet,synthetic,packet-94730-0-1,test,packet,Classic
datasets/waterfall/packet/47f516af94378e2464fa192bbb2aa57aa2efbb81b69f78d08516944bd09c7d32.png,packet,synthetic,packet-94728-0-2,test,packet,Classic
datasets/waterfall/packet/511cab87c7d55f7a22b7e95aa58c917297cb5636e941010d1691108cd889ee3e.png,packet,real-old,legacy-packet-23x10,test,,
datasets/waterfall/packet/6917f57c002c5aed171fd357cd958a2f08e84006d2de32ffc12cf35883fd2e3b.png,packet,real-old,legacy-packet-7x13,test,,
datasets/waterfall/packet/1f6ada5af7f81e217b3dd3404141684f89f5b7490593a2234b9c01123879e546.png,packet,real-old,legacy-packet-33x11,test,,
datasets/waterfall/packet/31ebaf2e442aec23c869b359bc66330ee1bf971bfae06aaba1a3000b5d718d1b.png,packet,synthetic,packet-94729-0-2,test,packet,Classic
datasets/waterfall/packet/ed7c280eb3877b564ace78bef355df19403e47a30af7c27357335f1b9bea6e6a.png,packet,real-old,legacy-packet-23x11,val,,
datasets/waterfall/packet/6b91864e82d229f8f1086a7db2460947ab2e8b90d799179525e085993177f740.png,packet,synthetic,packet-83463-0-2,val,packet,Classic
datasets/waterfall/packet/b504ca4d95e536b9077a58371dbc3eb87cb6c2d195ef01c214522a03271c633a.png,packet,synthetic,packet-66417-0-1,val,packet,Classic
datasets/waterfall/packet/3b3e9f36330a304305ed21338d54e1c67a02f95297a7548438571a88d2da08b3.png,packet,synthetic,packet-44110-0-0,val,packet,WebSDR
datasets/waterfall/packet/629e59c7a6a77737cc127ce4536a81fb2ea0d2b3f65dbe92740646fa4a97467f.png,packet,synthetic,packet-94730-0-2,val,packet,Classic
datasets/waterfall/packet/7b78776c7c89ad9a075cbe2e9f38f58ca1988dec88e98cbd7da157ba6632d3dc.png,packet,synthetic,packet-94729-0-0,val,packet,Classic
datasets/waterfall/packet/c81c991006c4514782ab361a981e2b5d260a7ba409970f92b34faaf99cff55ce.png,packet,synthetic,packet-44109-0-1,val,packet,Vivid
datasets/waterfall/packet/71012ba54b88dccf9c2cdeb1dbc42d1808c62828a93e77cf45b0d84c46d55dfe.png,packet,synthetic,packet-80172-0-2,val,packet,Classic
datasets/waterfall/packet/a9a25448cdce631a2e88550c485e223d90ef4a2357d618b79ab2c07249a2c8a1.png,packet,synthetic,packet-94730-0-1,val,packet,Classic
datasets/waterfall/packet/7001442a6481d98d7ad77ec98609ad66a2ed74bd2f4d88cea46e9825f9e77590.png,packet,synthetic,packet-94731-0-0,val,packet,Classic
datasets/waterfall/packet/343a550ecdab518824c547ca0b4c40e864cf86608d2b69b422240d5757070a58.png,packet,real-old,legacy-packet-23x11,val,,
datasets/waterfall/packet/4e42244e967d96eea327712fb9982e464a0c42bb1ef414cbe51f840ff2fb3dbc.png,packet,synthetic,packet-1669-0-1,val,packet,Classic
datasets/waterfall/packet/6a27ca189c2d3a8e8a64874690fa1e0dbfdf598484bb5e7a55c7b6882ad1138f.png,packet,real-old,legacy-packet-10x18,val,,
datasets/waterfall/packet/f439d5924113f97dfe2609c41d1027b0f854a36ca18c63f7fee12aacfaec8f0d.png,packet,real-old,legacy-packet-23x11,val,,
datasets/waterfall/packet/340371ebbef25f98d8932029cad988f5746c28bca5dbcb5c911ec96a7477c569.png,packet,synthetic,packet-66417-0-0,val,packet,Classic
datasets/waterfall/packet/90fb636144a508bd32cbf70dfbdf7b4384e5dafa3c85d6bff5d1e2988f8e0d63.png,packet,real-old,legacy-packet-23x11,val,,
datasets/waterfall/packet/531bea559dc3d277f11dd30105d7988b46cfe7ff8a4e0206b00d3c11522ea5fe.png,packet,synthetic,packet-66417-0-2,val,packet,Classic
datasets/waterfall/packet/769e9423442b99de269c9ab3a2a1737940c157ca03d473184bd44b423a040c8c.png,packet,synthetic,packet-94729-0-1,val,packet,Classic
datasets/waterfall/packet/d529c4ebac5893165c8b160134fb65693b3ca10d5d9ef371ca31fa025d6c5a38.png,packet,real-old,legacy-packet-23x11,val,,
datasets/waterfall/packet/6ea8d29bf67c8a37406e796aec028e845a812fee8c19d5c873487b565dbf3a00.png,packet,synthetic,packet-94728-0-1,val,packet,Classic
datasets/waterfall/packet/772d56e20cd79bb9ca8d1d034174db8b49c937ed24f082531c378e72959a2132.png,packet,synthetic,packet-1667-0-2,val,packet,Classic
datasets/waterfall/packet/dbf867a43209a9fe9f65b35594f8ad317c2f31d8c8d18f928e971e818c8f0e1f.png,packet,synthetic,packet-73311-0-1,val,packet,Classic
datasets/waterfall/packet/2ba67563401c81733d8de6eb65fb8aa097ee7b92df02f31074b4182b1d7ba937.png,packet,synthetic,packet-73312-0-1,val,packet,Classic
datasets/waterfall/packet/46d7bb71671030e7401afaa60b3a79dd49636250c99f924c14426a217f4bf109.png,packet,synthetic,packet-80172-0-2,val,packet,Classic
datasets/waterfall/packet/5485a9b9d44cd3cbb2f75277570ca5300bc2b98a990227f8993eb1f1bca586ad.png,packet,synthetic,packet-94728-0-0,val,packet,Classic
datasets/waterfall/packet/d5bf57822a25c8ede218808ed1999c7f787b0a3820c850033f0f130e70348db9.png,packet,synthetic,packet-83463-0-2,train,packet,Classic
datasets/waterfall/packet/7c4d7f4c08f93847e0b77e3af7f0d80e079c1ce5a53346538e82a033fb7e83dd.png,packet,synthetic,packet-1668-0-2,train,packet,Classic
datasets/waterfall/packet/087081f0e599368e15c1cf53b2529617fe8ccd20f4a21995b1da1dc4dbd2841b.png,packet,real-old,legacy-packet-19x11,train,,
datasets/waterfall/packet/7185f96b3093313ba805425120eaa1621ad26cb9250e4bbec39a863b3f4f1a92.png,packet,synthetic,packet-94730-0-2,train,packet,Classic
datasets/waterfall/packet/770eb5470f3041ed10cddd30e42b0bb36a63ef3873c255051f5a27a70667a9f9.png,packet,synthetic,packet-44108-0-1,train,packet,Viridis
datasets/waterfall/packet/2807cc9db1744ff6afd3b05b755dcc9b3405826ebc778698aa76b197b6219ab0.png,packet,synthetic,packet-66417-0-0,train,packet,Classic
datasets/waterfall/packet/90460412fa29124234a65fed030c33705bdbd4ab95b04101014372a9e2f6c242.png,packet,synthetic,packet-94730-0-0,train,packet,Classic
datasets/waterfall/packet/3a0c5da82df38392e7e3a43f44de1339518c411dd6e2595a6ebb134c4d7495af.png,packet,synthetic,packet-1669-0-2,train,packet,Classic
datasets/waterfall/packet/10d53beb8f9bce586a8a0c3b4590cd490b151deb14fbd8139c5ef8e4dd5962e2.png,packet,synthetic,packet-94728-0-0,train,packet,Classic
datasets/waterfall/packet/899def4d13a8a48560affc94f96c5d4c6213ad6fa48d866ca9e76ba64cafc2d3.png,packet,synthetic,packet-44108-0-0,train,packet,Viridis
datasets/waterfall/packet/39dfbda1184f0cf544aabbdd96b5bfd92ef4a8f8fff77a768d223d96207f2597.png,packet,synthetic,packet-87305-0-0,train,packet,Classic
datasets/waterfall/packet/707251e1a9a7ddcacba7ce1d7784d408e5073ddd6bc4a7a7cede447fe82a7c73.png,packet,synthetic,packet-44107-0-2,train,packet,Turbo
datasets/waterfall/packet/2d85d6e538013565f3aefa1c3a09e0ef02f53a77d311a914ab9c0dddd86addb4.png,packet,real-old,legacy-packet-23x11,train,,
datasets/waterfall/packet/333bceb4c5b895777d0c004413355db8484c60953ace5ecd4f5ee994b5bd0f85.png,packet,synthetic,packet-73311-0-2,train,packet,Classic
datasets/waterfall/packet/dda2355567fb6432406b37f846df12555b6d0d9e0eba63b6288522fd050cd383.png,packet,real-old,legacy-packet-23x11,train,,
datasets/waterfall/packet/c3276e665754b2e5a41f048338154727737131ce2f81217c94ae1e298ef7a36c.png,packet,synthetic,packet-50344-0-2,train,packet,Plasma
datasets/waterfall/packet/d310a13a11f1f22efee04172c564d19f3ddce2487ac30a28cab9d06b86ef84c1.png,packet,real-old,legacy-packet-23x11,train,,
datasets/waterfall/packet/b67c1085f71268925044a9e09318d5d067cc5c27d6a3792ec371195f5361e610.png,packet,synthetic,packet-1669-0-2,train,packet,Classic
datasets/waterfall/packet/fa5893bae25efe160169d0f219be89a3691ebc1236f586359ac7e64c0795609c.png,packet,real-old,legacy-packet-23x11,train,,
datasets/waterfall/packet/a468b7265959d4fcaaf42eb7fc04f80306e33cb364fa95760302bdc7094e7a79.png,packet,synthetic,packet-73312-0-2,train,packet,Classic
datasets/waterfall/packet/076819c5490756e5a600a477f2ef5da954b8262d24f6cbccb65901d656652cbe.png,packet,real-old,legacy-packet-23x11,train,,
datasets/waterfall/packet/1ee31a105250ddd92c8aefbdae2b0b221a12c61171253e04d69fa2ceabfe6e9c.png,packet,synthetic,packet-73310-0-2,train,packet,Classic
datasets/waterfall/packet/d218e5bc4a7afcc4044db09b7a55fdb0f443c73acaa2af41b1b42f1ae67e73ca.png,packet,synthetic,packet-66416-0-2,train,packet,Classic
datasets/waterfall/packet/481c589d62873b9e14337f4dea163409e270ba0bf4e67bbf250d1f21414088fd.png,packet,real-old,legacy-packet-23x11,train,,
datasets/waterfall/packet/835fa130ae97a5a697e5c3a9127a1434c3525963cb3f138886b306c6cb4ffc0b.png,packet,real-old,legacy-packet-19x11,train,,
datasets/waterfall/packet/ffd3caf7ca94ca79218f62468f2a7a034aba8f6f1818bf1805400863862ddec2.png,packet,real-old,legacy-packet-19x11,train,,
datasets/waterfall/packet/c10fac7659e8928216c99e172ffcd7f2034ffa7f7d84ac35dd34c4ba8c7739a3.png,packet,synthetic,packet-50344-0-1,train,packet,Plasma
datasets/waterfall/packet/f46ca3fe99fca9a51329aed99c1561d0adf577b8ec005c2788d55b9ea3797eca.png,packet,synthetic,packet-50344-0-0,train,packet,Plasma
datasets/waterfall/packet/839f1ee14aa06368366355ec193a50770f230071e960d4b301bb5ce90d9a0e1f.png,packet,real-old,legacy-packet-7x12,train,,
datasets/waterfall/packet/3079d43707bba39f197946a71d845d5422efdd56e3b61768cbfaaebd86214e96.png,packet,synthetic,packet-44108-0-2,train,packet,Viridis
datasets/waterfall/packet/86dee2d761c1adf343c97c779d18e251821c3464ae5647f08137cb62ab57235c.png,packet,synthetic,packet-73312-0-0,train,packet,Classic
datasets/waterfall/packet/5c1559e703d764455dbfbb6afed624be3dbb68be9a05c62052278363bfd84216.png,packet,synthetic,packet-73310-0-2,train,packet,Classic
datasets/waterfall/packet/051e64336bc128eab7955c431c03cd26ea8ae00779e25d26a8fcaa561331274d.png,packet,real-old,legacy-packet-23x11,train,,
datasets/waterfall/packet/a73d9f338c63c04f9e2b62abaa228f9bac790d0562791027bb628b19568fb5e6.png,packet,real-old,legacy-packet-11x11,train,,
datasets/waterfall/packet/3bb9332fd1f8da789ad4fd00b56800c4d7c5f9ec1054e1bde1faa4d2f3100557.png,packet,real-old,legacy-packet-8x14,train,,
datasets/waterfall/packet/8fcc44124b8b47ad742f8042cf717d3ae19a6e1d42c13b3b13331d0cdafa5885.png,packet,synthetic,packet-94731-0-1,train,packet,Classic
datasets/waterfall/packet/d97c5bca6aa3cb6fd215594382ca25dd0c75e65570cb2a47e3e4bb534f5e20b9.png,packet,synthetic,packet-80172-0-1,train,packet,Classic
datasets/waterfall/packet/85b8a6f4b43e4dbf4372a04df7e4ceffdd4982b2a34d8ecab996ee20ffddffa0.png,packet,synthetic,packet-73310-0-0,train,packet,Classic
datasets/waterfall/packet/1c51b03d4c9c2472e3c330b86c2344c4b1f425888c046c421301d78a47554498.png,packet,synthetic,packet-1670-0-0,train,packet,Classic
datasets/waterfall/packet/3c8f0ad753982ff0c06df95c9bfb600345631e893f9d290ffcd05a5abfa29bed.png,packet,synthetic,packet-66416-0-0,train,packet,Classic
datasets/waterfall/packet/e696d88a51b96e5a5cdd187a0e30eb09ba441bf93330892ecce782cb95b77c1f.png,packet,synthetic,packet-1670-0-1,train,packet,Classic
datasets/waterfall/packet/5cb0b6d0396e2da32d589da4244d4b90fa58971e3de4886b8fd41df3d30996bb.png,packet,synthetic,packet-50345-0-2,train,packet,Smoke
datasets/waterfall/packet/c9d90369307bdcfe041bce9f64440894ecfaa3817eca546b6bf5bfe91385fc42.png,packet,synthetic,packet-87305-0-2,train,packet,Classic
datasets/waterfall/packet/a8fd59cf010f1747d7c11eaf0b9088438fa8ddf6f244c3a3469a37c1d08edeac.png,packet,synthetic,packet-66416-0-2,train,packet,Classic
datasets/waterfall/packet/ffdb040d78871a64c8ae3188218692fb3e28d3bd45ded75988825d06d653bc3a.png,packet,real-old,legacy-packet-23x11,train,,
datasets/waterfall/packet/d333cb0ca7879b02a32e3924f9ee2331dbe04a86dfbf665045d2479a433a65c0.png,packet,synthetic,packet-50343-0-1,train,packet,Magma
datasets/waterfall/packet/3fea6784bfb72b059d17d72ad17376fc9c1c06f580b00245f1ca4153c0a306c8.png,packet,synthetic,packet-1668-0-0,train,packet,Classic
datasets/waterfall/packet/e2f58c889a3d0465f8800a79176af8bafd1b266f547f4455d096a1a3beb3707f.png,packet,synthetic,packet-66416-0-0,train,packet,Classic
datasets/waterfall/packet/fd6991cd79b04af67dc358bbb6023f6eac8aa158315f75c3e9509f8619f084cd.png,packet,synthetic,packet-1670-0-0,train,packet,Classic
datasets/waterfall/packet/fdf08cc2628fc3ac24495099872ea6b466d8e71f01c62a3bcc70372965d3243e.png,packet,synthetic,packet-50345-0-0,train,packet,Smoke
datasets/waterfall/packet/e9c19b42a3c9fb3efb3d7bf8649056e248a94f41cd021a581b7399129c55ae97.png,packet,real-old,legacy-packet-23x10,train,,
datasets/waterfall/packet/bcbac69374df488095e7184a2255697d02e03e1c375b661e8b74e4cd7ee2bb30.png,packet,synthetic,packet-1668-0-1,train,packet,Classic
datasets/waterfall/packet/af4448485903875f41948d3c1c1f4fa4ff7bd29e9e1aa7e4497040d92e38a007.png,packet,real-old,legacy-packet-23x11,train,,
datasets/waterfall/packet/073cc9a2bb125f2c355e90819fb10297341082e928046fd989fd3314f9870c6b.png,packet,synthetic,packet-44109-0-2,train,packet,Vivid
datasets/waterfall/packet/5c1d48e17fbcfa2c89f96dab798c805959ec021158ee7fcdc5706682824af876.png,packet,synthetic,packet-73310-0-1,train,packet,Classic
datasets/waterfall/packet/80775ad83dce6f5f438568ce39469ecda92834fb86e6906da24bb91bdceed0a1.png,packet,real-old,legacy-packet-23x11,train,,
datasets/waterfall/packet/250285c2477e9cc7ef5a47f008c982c025b4ad954f0fa07865447a2574d00d00.png,packet,synthetic,packet-83463-0-0,train,packet,Classic
datasets/waterfall/packet/ff35fe610f62b1ca3c9ef9db1b16aa6803452bffd8e5acde25b11dd23fae77c9.png,packet,real-old,legacy-packet-23x11,train,,
datasets/waterfall/packet/445c32ae12cedaab291c01020ec1737c6f1276f1f8ba93632be33e54bae95bd1.png,packet,synthetic,packet-94731-0-2,train,packet,Classic
datasets/waterfall/packet/a234cb726bcfde8efd3c7825f994913c2f512ba4f13754145f4d002c9ecac823.png,packet,real-old,legacy-packet-23x11,train,,
datasets/waterfall/packet/a515d0c0e39db5cdc6a39da84d26af34b06089715c75b78f058739d03ff26be3.png,packet,synthetic,packet-87305-0-1,train,packet,Classic
datasets/waterfall/packet/48b42ef8c6c1ba0beeada10b0a1afc77c18dcdce24eb7328b309d453214a0762.png,packet,synthetic,packet-73312-0-1,train,packet,Classic
datasets/waterfall/packet/e1c07d7b20b78db09e99767630dca91bb00d85333347681eadf99d0f3eb93d27.png,packet,synthetic,packet-44109-0-0,train,packet,Vivid
datasets/waterfall/packet/beccee2ff93c9368b98bdbf6ff04e32d06f7cbfa800e13ccc050b51f3f5100ca.png,packet,real-old,legacy-packet-23x11,train,,
datasets/waterfall/packet/455e3d1c51a06306c05f6866866b8ebacdc8bf02b7a9c7a2b9964283ae77a6aa.png,packet,synthetic,packet-66417-0-2,train,packet,Classic
datasets/waterfall/packet/3a9da0650aca474a08d5fa5facb0f76a0bc68c5e94f446378e732960f3180f75.png,packet,real-old,legacy-packet-33x10,train,,
datasets/waterfall/packet/0923131d392ccc7b8d4c85768320293beb398f14ea7b930710b54e3c81d4664d.png,packet,synthetic,packet-94731-0-1,train,packet,Classic
datasets/waterfall/packet/81cd13e823da7d8c427ad9786e9e182930754fc5833b90e19290125329dfb911.png,packet,synthetic,packet-80172-0-0,train,packet,Classic
datasets/waterfall/packet/ae921747da02cffb0650a3ac26a9102a2682fb37e877a262dc8e00c25c41827f.png,packet,synthetic,packet-73310-0-1,train,packet,Classic
datasets/waterfall/packet/5194eb86311c4b84448b59f22692d393217c08fd0ef220d2c898191688b5d50f.png,packet,synthetic,packet-94730-0-0,train,packet,Classic
datasets/waterfall/packet/3075f74cace4918d13d3b808f9384420258286d4115cbc3cfd6b1ee1f6860fb6.png,packet,real-old,legacy-packet-23x11,train,,
datasets/waterfall/packet/88cc71f676c340eb2240dea6668af0ddf31efa5db60af36e7be8d2a44578491c.png,packet,real-old,legacy-packet-23x7,train,,
datasets/waterfall/packet/09ec7ed3d28a926d9ee5869a9f683804651b29fc22fbf85043c59c55286eaf8b.png,packet,real-old,legacy-packet-19x11,train,,
datasets/waterfall/packet/fb66d5c7c11229decfad810df659ccd7eb9f51468c2c70d0f30f8b30c135ad38.png,packet,real-old,legacy-packet-19x11,train,,
datasets/waterfall/packet/a848555a1033f8780e4ee9ef1685a8e80e590d497069f19eddf013de286f2a58.png,packet,real-old,legacy-packet-19x11,train,,
datasets/waterfall/packet/0a76b86ee870c4dc3803ad9d8aea100c5d3fa68dbd973c1e6e8f07c40c5b23eb.png,packet,synthetic,packet-94729-0-1,train,packet,Classic
datasets/waterfall/packet/68440cdbac854147eb463aa2a7bccb121727fad107a64eac3c7d7fb1705a0e25.png,packet,synthetic,packet-94729-0-0,train,packet,Classic
datasets/waterfall/packet/5102f380c64ce620f29b91c0ec9276ca5fe24a354140297fd00ca0cbbf1a1b8a.png,packet,real-old,legacy-packet-19x11,train,,
datasets/waterfall/packet/26765f9a4e1d1bca91f1a55fce5b041caaec38c04cbe18dcbe421cb750d42d7f.png,packet,synthetic,packet-83463-0-1,train,packet,Classic
datasets/waterfall/packet/7dd7c2b5d862427ea63eda7b6404d371b7d9da13092aa1f782754a6757b39b18.png,packet,synthetic,packet-94728-0-2,train,packet,Classic
datasets/waterfall/packet/a193b2cefd604ce6fe4263e2f6c64444525a39ab54d615816620740e20b4bdca.png,packet,synthetic,packet-44107-0-1,train,packet,Turbo
datasets/waterfall/packet/cef1b573f45a07e3b7a9afaecfcd67105bdd8380a15193af70f19a9ea53845de.png,packet,real-old,legacy-packet-23x9,train,,
datasets/waterfall/packet/06edd65f6ce09383a58a7af314e00f75db6d363dab0b459c68b22dbd64c69f2b.png,packet,synthetic,packet-66416-0-1,train,packet,Classic
datasets/waterfall/packet/31e88afc2f2e63588f9b44434b1a052fef1e3e3a855bb833456c3c353a66a6b4.png,packet,real-old,legacy-packet-23x11,train,,
datasets/waterfall/packet/0e982bd7a7c9152b390d8751214d4457dc74b7a98c2e4388af5c014300a301fc.png,packet,real-old,legacy-packet-33x11,train,,
datasets/waterfall/packet/b9ff4a21d71f70f28fbba3ca947b4539de8cadbeda00b89bbcdcb42c226b78bf.png,packet,synthetic,packet-1668-0-2,train,packet,Classic
datasets/waterfall/packet/6ed68d97e87082a73a80cfe75e22cad97364a5451fdbbf82d655b58357023a4c.png,packet,synthetic,packet-73311-0-0,train,packet,Classic
datasets/waterfall/packet/ce0d592590a2f0e5cc1af5311904a59e5fa6316d10b74b1e65fc98b3c7378d55.png,packet,real-old,legacy-packet-19x11,train,,
datasets/waterfall/packet/d60fb455b6a040f6800fbf8c217f25a5863170d8da2e6fee0ca36f5126a07270.png,packet,real-old,legacy-packet-7x15,train,,
datasets/waterfall/packet/a248e4ee02954691c755aebdc0339feafca1e3c75d4b57e889b351dd013181f5.png,packet,synthetic,packet-1669-0-0,train,packet,Classic
datasets/waterfall/packet/95aa22bba0b61e33d376be5f479f3e6384a3f46e80ae57a08c9b1f68e51e8db9.png,packet,synthetic,packet-94731-0-2,train,packet,Classic
datasets/waterfall/packet/375fe1f0d820e655711eba363ea9c73ee588b1b99f25534755724b04259e8a91.png,packet,synthetic,packet-1670-0-2,train,packet,Classic
datasets/waterfall/packet/ff8cc3cfebe0893330def6a418ff6a21e8d5eb2c962bf84e41b7f2d67341da7e.png,packet,synthetic,packet-1668-0-0,train,packet,Classic
datasets/waterfall/packet/e5d3d1c1675e7d5b0bb7a133b4c38d693d6022cc208d4c4b54e6db83aa7439da.png,packet,synthetic,packet-83463-0-1,train,packet,Classic
datasets/waterfall/packet/dc93b5da56859f96c5ac29770ee0cab421338cc91909602d1a92dcff43f09706.png,packet,synthetic,packet-50343-0-0,train,packet,Magma
datasets/waterfall/packet/5d8f2db12f71199d8c38fa595e6e1794be4cdb77814005dc38f0a8bf1ff6b4ac.png,packet,synthetic,packet-66417-0-1,train,packet,Classic
datasets/waterfall/packet/4741c710623effc882a7f7f170c9040959333ec03714f46c4552b73f25946e32.png,packet,synthetic,packet-44110-0-1,train,packet,WebSDR
datasets/waterfall/packet/a78cb97b70c732d5417e6a37b10ab9e34107df8afec2274ac7cac4b43f5d8939.png,packet,synthetic,packet-1667-0-2,train,packet,Classic
datasets/waterfall/packet/b9997d823c6b809a4a02fd0bb683e882a31a2668b1d80778b04373241205a14e.png,packet,synthetic,packet-80172-0-0,train,packet,Classic
datasets/waterfall/packet/9b893390fb4cf39edfb47656f47d9ca191911ad33994e743ce6f86ead3b69459.png,packet,synthetic,packet-87305-0-1,train,packet,Classic
datasets/waterfall/packet/5b8a4b8fb43d000048e83f21343ab6f706d3c80ae2becf8d3020b5164cfab318.png,packet,synthetic,packet-73311-0-1,train,packet,Classic
datasets/waterfall/packet/c3b3ed7860f73e90a372dd82d61dbe18ccac8b3b7c784e27113ab892a15a456c.png,packet,real-old,legacy-packet-23x11,train,,
datasets/waterfall/packet/9323df8495fc25f4b843a1363bc38df4a7833415fdfaeced274492bb6e7ff97b.png,packet,synthetic,packet-66416-0-1,train,packet,Classic
datasets/waterfall/packet/56aa30e841daad20bd42d2cbe19d88b33da8f51257c2f4e503644ad4c9e51cd1.png,packet,synthetic,packet-94729-0-2,train,packet,Classic
datasets/waterfall/packet/7ad67ca18658e27a5c3f4492f81401bc58213d394fb2f32361ab54640a9b5de2.png,packet,synthetic,packet-73312-0-0,train,packet,Classic
datasets/waterfall/packet/1454872626296501cd57a831ad1c9b9b403ebbb4e57dd51c1a4356a37e90fa26.png,packet,synthetic,packet-80172-0-1,train,packet,Classic
datasets/waterfall/packet/329540f980dd32fff5cb84368a802375e4cf62a390a4f96ce111a876edf52a92.png,packet,synthetic,packet-94731-0-0,train,packet,Classic
datasets/waterfall/packet/131a814f1c03f526c6c54f206e4054fa109eb6ee2a33a7ecb783e9739fa32e32.png,packet,synthetic,packet-83463-0-0,train,packet,Classic
datasets/waterfall/packet/eb597aabbf727b899b9eb8fe3f59053051fc2eb81583a8ae3da6cb1b946c8592.png,packet,real-old,legacy-packet-8x12,train,,
datasets/waterfall/packet/cc263290184240ffb60831287d84a78aa6650a6424cd058b0a3f78f36ff30a24.png,packet,real-old,legacy-packet-23x10,train,,
datasets/waterfall/packet/ff8395647c80e536a3455c555b5e6a80efb332372c324345ad4123c1ca9da188.png,packet,synthetic,packet-44107-0-0,train,packet,Turbo
datasets/waterfall/packet/6f803c2f9cc87dbbaad71ef10cd85bf077a54d3ab197ed2aa4b769ff2d758d3f.png,packet,real-old,legacy-packet-19x7,train,,
datasets/waterfall/packet/c29b113de503d115e68a6a3441860caa09ecb5327eb7df2ed5f81722d82823b9.png,packet,synthetic,packet-1669-0-0,train,packet,Classic
datasets/waterfall/packet/e941df9ee667174f14128232572b1f67a786f9f08eb1a58f0caf813ebd1a00f6.png,packet,real-old,legacy-packet-19x11,train,,
datasets/waterfall/packet/c4cccdf4127d30e73d25b2b6bd12df9dd5e0e09cf9376bff0a05cfe19224b39b.png,packet,synthetic,packet-94728-0-1,train,packet,Classic
datasets/waterfall/packet/fbdb3986e50aadb446e8319a755468e761c804ece323f4bcab7c519fa26f5f0f.png,packet,real-old,legacy-packet-33x11,train,,
datasets/waterfall/packet/2b45a7a995c76885cd6a3e9e7edf66f69e7ab844ddac8da8abd34891556e24bd.png,packet,real-old,legacy-packet-23x9,train,,
datasets/waterfall/packet/e7d72063e77fc1e314a4dc9a40c0259cbbfb07f3e2e870c2b6d4746f35d65e4f.png,packet,synthetic,packet-1670-0-1,train,packet,Classic
datasets/waterfall/packet/5fee7c358f7daa568e3786f6aaf90b9b69766d660962025be125bd58b80a67f0.png,packet,synthetic,packet-1670-0-2,train,packet,Classic
datasets/waterfall/pocsag/1b73982697ba171a79fcf16ef648e517254e6abb387322c2e82a87b78ebe6f14.png,pocsag,synthetic,pocsag-94730-0-2,test,pocsag,Classic
datasets/waterfall/pocsag/35108e8e63a6fc464228e9577445f33e4d613aa8a54d02ef409ec431f3cc85f1.png,pocsag,synthetic,pocsag-73310-0-2,test,pocsag,Classic
datasets/waterfall/pocsag/629125280d41bd754c949bd0efd0ca06f63a0e76cc64e237e44785175cd343b0.png,pocsag,synthetic,pocsag-62774-0-1,test,pocsag,Classic
datasets/waterfall/pocsag/8296c06b582156c2d211159bf9d7407d5a59847f4982749041abdc9069450b01.png,pocsag,synthetic,pocsag-1668-0-1,test,pocsag,Classic
datasets/waterfall/pocsag/81003088a823a06209dd642f9c3caf8302cb0b121ef552a5a976ac548c37344e.png,pocsag,synthetic,pocsag-66417-0-2,test,pocsag,Classic
datasets/waterfall/pocsag/cb5cfdd975ba0435ccf23f2ac81746f027b1512398ca9c80d94c0199fe230fda.png,pocsag,synthetic,pocsag-83464-0-0,test,pocsag,Classic
datasets/waterfall/pocsag/bddf3e5c710e16a6fdff7ec16dd73a30a0b1d44febaef32e08483c337ff471aa.png,pocsag,synthetic,pocsag-1667-0-1,test,pocsag,Classic
datasets/waterfall/pocsag/5accefb299e3f37433fa57970c602b0c091e08c21da47f83597a8b02e562c828.png,pocsag,synthetic,pocsag-94731-0-0,test,pocsag,Classic
datasets/waterfall/pocsag/b955c6ad75a51f24f4a2be239cc9ecb45ce955a638d751990039663a941f1992.png,pocsag,synthetic,pocsag-44109-0-0,test,pocsag,Temper Colors
datasets/waterfall/pocsag/58926fbe308438cca71b45080e9d18eed3e779fb81218fce8d1dfaae853e1997.png,pocsag,synthetic,pocsag-94728-0-2,test,pocsag,Classic
datasets/waterfall/pocsag/b720e7747ca184f3dba6baa46b680948cd21509761d6c920542a7590b135f67f.png,pocsag,synthetic,pocsag-44107-0-1,test,pocsag,Plasma
datasets/waterfall/pocsag/67741034203c103ed1432028e8e3bc4536f025fdc78059aeb83defde870358d9.png,pocsag,synthetic,pocsag-94730-0-1,test,pocsag,Classic
datasets/waterfall/pocsag/439eac030258ffd229d921df1a25590a205870bcccce84d15032c173f5ee3650.png,pocsag,synthetic,pocsag-94730-0-1,test,pocsag,Classic
datasets/waterfall/pocsag/73f8f4c180e42f454989c1921f48818c6cf872e067dacd4b545cc295f729ed9c.png,pocsag,synthetic,pocsag-94731-0-1,test,pocsag,Classic
datasets/waterfall/pocsag/b9ac4b1353191b5c3b781cec20e84325bfff6b672ec74e6e401211c057c046c8.png,pocsag,synthetic,pocsag-73312-0-0,test,pocsag,Classic
datasets/waterfall/pocsag/300fc9e831eb7f294000df107dccd3a417c55c415afef65fe8ad9f53279b03be.png,pocsag,synthetic,pocsag-66418-0-0,test,pocsag,Classic
datasets/waterfall/pocsag/841cdde445e4dfabcea2afcad2f36a76658981c9b9b5f93afd7a86a0658aa92b.png,pocsag,synthetic,pocsag-94731-0-2,test,pocsag,Classic
datasets/waterfall/pocsag/e96f3f408176cec46398d03cdc28e8173470645c88fd64527d48614c2b5b5424.png,pocsag,synthetic,pocsag-1669-0-2,test,pocsag,Classic
datasets/waterfall/pocsag/e5459763630ee6b8e2c751dff4279c89fc19828f68705fe7c60ac8e11b09f166.png,pocsag,synthetic,pocsag-1667-0-2,test,pocsag,Classic
datasets/waterfall/pocsag/37bb06ab08c3e89f674d85825ed28f8a129abec022d006b9fdb85790a329bce8.png,pocsag,synthetic,pocsag-44111-0-0,test,pocsag,Viridis
datasets/waterfall/pocsag/987acbc964e40af6cab72f6a1f47b734ddeef4a1dd725402745883392faacb97.png,pocsag,synthetic,pocsag-94729-0-0,test,pocsag,Classic
datasets/waterfall/pocsag/0d2cd5ca10eafffb06e1e79e9578dc8326512ab70ec311460357caff478f9d29.png,pocsag,synthetic,pocsag-65771-0-1,test,pocsag,Classic
datasets/waterfall/pocsag/9f17ddc7fe3413e53e821c22c4afc01c3a972c83de180fefbd2cff76508d8cd7.png,pocsag,real-old,legacy-pocsag-30x10,test,,
datasets/waterfall/pocsag/826c241042b278bacbe6979aa1fb9d3f6a489b0f436ddbb64c1586854af3ce85.png,pocsag,synthetic,pocsag-66417-0-1,test,pocsag,Classic
datasets/waterfall/pocsag/c7ef1d452e09d1dab7474e502c591184f03603554b5276c5f2cce0e3036df883.png,pocsag,synthetic,pocsag-87303-0-0,test,pocsag,Classic
datasets/waterfall/pocsag/dd8e5076cc7e6370bce4a13e92307ef2ef1f51f1a66dd690ee6401c299eb638a.png,pocsag,synthetic,pocsag-73310-0-1,test,pocsag,Classic
datasets/waterfall/pocsag/7510623ff6312f2934606e920d4464709849a518c2dce5fd2ec2a021f41c9b37.png,pocsag,synthetic,pocsag-94729-0-1,val,pocsag,Classic
datasets/waterfall/pocsag/46fc8fd8402d2b9a2c87402833b3901b25bee4fd6fb82c94a16f5624d037e3a0.png,pocsag,synthetic,pocsag-73312-0-2,val,pocsag,Classic
datasets/waterfall/pocsag/5fb1d56b160dbc1f491b36ff8ecc0743f6b12ab980388277f94487992ace46d1.png,pocsag,synthetic,pocsag-83463-0-2,val,pocsag,Classic
datasets/waterfall/pocsag/48d5a8f283b2422bf33e4ee246c7573d14605032ae6355fe3fc65a857ec1d042.png,pocsag,synthetic,pocsag-1668-0-1,val,pocsag,Classic
datasets/waterfall/pocsag/4cab11b0aebc776ae8eb8c1852adc7f42eb22fd1e0bcde1f6d14fadfc5c5c386.png,pocsag,synthetic,pocsag-94730-0-0,val,pocsag,Classic
datasets/waterfall/pocsag/ba3b1abe5db9621a5186aacd65b58415529dcc4e40b938a73726ff8eec378470.png,pocsag,synthetic,pocsag-44110-0-1,val,pocsag,Turbo
datasets/waterfall/pocsag/15511eece091ad8f71c7a12a020a4453fbf6d513d2adfc6ed70da7e2f54df808.png,pocsag,synthetic,pocsag-66416-0-0,val,pocsag,Classic
datasets/waterfall/pocsag/fe2b4bd7b83210daa5b37ab61cc0efe516191abef15bf1ed963cc40d2b2c6e26.png,pocsag,real-old,legacy-pocsag-36x10,val,,
datasets/waterfall/pocsag/85e289b8e3bf56f0993eb83c277256febdabd920cb2a765fb14afbac0e29cd3a.png,pocsag,synthetic,pocsag-83463-0-2,val,pocsag,Classic
datasets/waterfall/pocsag/423929f7f35600ff4f544acd896e0a51512d8d7adb73d0d524adebd4efb683da.png,pocsag,synthetic,pocsag-66417-0-1,val,pocsag,Classic
datasets/waterfall/pocsag/e5a6d8c27d854b4fbd58d66c5ee186c7e17d6f672934447c9b66d61c43117269.png,pocsag,synthetic,pocsag-94730-0-2,val,pocsag,Classic
datasets/waterfall/pocsag/051c853a0d22204c91749071b4fc575307a4ed059a04c9d73d3fb49b1e3fc239.png,pocsag,real-old,legacy-pocsag-30x10,val,,
datasets/waterfall/pocsag/44989fa9624b7feecd279c72a3a15d178d85c9e09b61e42e8f7e18a34912edb8.png,pocsag,synthetic,pocsag-87303-0-1,val,pocsag,Classic
datasets/waterfall/pocsag/d9954c580b67d0ef6a6d3a4b01b4cd684068e62acdea0689c9d168e1dbb63df0.png,pocsag,synthetic,pocsag-94731-0-2,val,pocsag,Classic
datasets/waterfall/pocsag/be1da4ad6ed45c82824546f6f11ab2453bac90094ce0952a9f7abcdc2f1fd347.png,pocsag,synthetic,pocsag-65771-0-0,val,pocsag,Classic
datasets/waterfall/pocsag/9e380400b16e00dce52d289dd1aa863e73276260c275f9e7853c7dfca768807b.png,pocsag,synthetic,pocsag-66418-0-0,val,pocsag,Classic
datasets/waterfall/pocsag/935c32bd22dd33584b3c2a587d5a8c5943f1e00d301e0a5811df2f4aa37ea401.png,pocsag,synthetic,pocsag-1669-0-0,val,pocsag,Classic
datasets/waterfall/pocsag/812a35d4f31b90912e98b25ff38aa7cb2c4c8d65e30f803b5342dee691facfb8.png,pocsag,synthetic,pocsag-87303-0-1,val,pocsag,Classic
datasets/waterfall/pocsag/d0a6c81a0f456c1f32797dfd22a3f0db27cc29dea220c3f7c7b05008bd3df230.png,pocsag,synthetic,pocsag-73310-0-1,val,pocsag,Classic
datasets/waterfall/pocsag/eb7fc74cacf6871a2905c5e9a4961632531c91cee1b822b2fdccf61410b75cd4.png,pocsag,synthetic,pocsag-80172-0-2,val,pocsag,Classic
datasets/waterfall/pocsag/4661414fb4151f881b6ad1ace4d14da43f50e65e69ca2e34a00d02abcf6dd101.png,pocsag,synthetic,pocsag-87304-0-1,val,pocsag,Classic
datasets/waterfall/pocsag/01120de7313bec892290c7d6c595464016af5fbfc18ba6dd7f70e4eb15d8116b.png,pocsag,synthetic,pocsag-63752-0-2,val,pocsag,Classic
datasets/waterfall/pocsag/8e2b7d7e73c5998bb37ca7d3c4c653f7055af7bf1584f8cb6272dfb3a046d887.png,pocsag,synthetic,pocsag-80172-0-1,val,pocsag,Classic
datasets/waterfall/pocsag/060d2163993ad65d3aeae2fe30651acfa51b4e9b1119e4e511ee10730cfd77ff.png,pocsag,synthetic,pocsag-83464-0-2,val,pocsag,Classic
datasets/waterfall/pocsag/f4bfe207ee7d0ba099c058b7b582ba0cbd4219e5da2c438647cc7efa1c50a655.png,pocsag,synthetic,pocsag-66418-0-2,val,pocsag,Classic
datasets/waterfall/pocsag/371b7c7c076155471a386cc99ac305098e1ead42d7d0e3f186aa7bac6f048281.png,pocsag,synthetic,pocsag-66418-0-1,val,pocsag,Classic
datasets/waterfall/pocsag/1f7e9ff0b6e9a69c7f06eefef218bdce64a797d08f9a5dc5bf6322e873608cdf.png,pocsag,synthetic,pocsag-87305-0-1,train,pocsag,Classic
datasets/waterfall/pocsag/169cf3bd1d9b6642937b8b79fa0fbb0930ec06c198c4e65ba91e1fbd256f2cab.png,pocsag,synthetic,pocsag-50343-0-1,train,pocsag,GQRX
datasets/waterfall/pocsag/79d1bf108db7d769015f10e751a8cf34c5bd7518715f2e4f1eaf702195fb9a43.png,pocsag,synthetic,pocsag-44111-0-1,train,pocsag,Viridis
datasets/waterfall/pocsag/bb3c8fadf13fd8e5604f09285b47e88b396e3ad0b6fec21baa4f5c74fffa7dba.png,pocsag,synthetic,pocsag-50344-0-0,train,pocsag,Grey Scale
datasets/waterfall/pocsag/72986b09f349aca094d6426e63901885eccfa3fca890cb8b483ecb20e25a9eea.png,pocsag,synthetic,pocsag-94728-0-0,train,pocsag,Classic
datasets/waterfall/pocsag/444210de3c5bbc015a73e88ba2d4bcfec75f3a458495b599f7f474e6ec929927.png,pocsag,synthetic,pocsag-87303-0-0,train,pocsag,Classic
datasets/waterfall/pocsag/01e78fd4a933f9c96a8e5430fc25d8476ae1cd8c5de99e73b1b19a40cb91fcb8.png,pocsag,synthetic,pocsag-94728-0-1,train,pocsag,Classic
datasets/waterfall/pocsag/eaef576ed5233b0565b37255b89dffb45a3c2314f48cc694ed0e267360868752.png,pocsag,synthetic,pocsag-50343-0-2,train,pocsag,GQRX
datasets/waterfall/pocsag/5fba14b6f4959a3a439471ce15d01593e6f29cba7725d8ecf9d718641af91661.png,pocsag,synthetic,pocsag-73310-0-2,train,pocsag,Classic
datasets/waterfall/pocsag/30e312266ea838a34d0fd6c4a545e5a990c2ff397d031eeca4b31bae01d8ae9e.png,pocsag,synthetic,pocsag-66418-0-2,train,pocsag,Classic
datasets/waterfall/pocsag/a72292a89684d4e2fc0e9ccb6febdb1e341dff403bef0f0a41a32953774343fc.png,pocsag,synthetic,pocsag-66416-0-2,train,pocsag,Classic
datasets/waterfall/pocsag/45be011bd13d123e85848968175ed04ac7ddf011e5203c83233600a102098641.png,pocsag,synthetic,pocsag-66416-0-2,train,pocsag,Classic
datasets/waterfall/pocsag/0bcf966b52355f635874292203e95763bbf065ac1ed89afbcde4f704deecdc46.png,pocsag,synthetic,pocsag-87305-0-0,train,pocsag,Classic
datasets/waterfall/pocsag/db8f687ad452a2d96000f22c8c4c20b8687c940b52e17ad76f34cd9c0da4c303.png,pocsag,synthetic,pocsag-94728-0-2,train,pocsag,Classic
datasets/waterfall/pocsag/8b19acc6326dff127df47b16e21aa605982c02daea2744142f225ae0221b34dd.png,pocsag,synthetic,pocsag-94731-0-1,train,pocsag,Classic
datasets/waterfall/pocsag/cc2cc73c9334180ae7479466f27942df36e10301f7005136b51b87ed177f4b15.png,pocsag,synthetic,pocsag-44108-0-2,train,pocsag,Smoke
datasets/waterfall/pocsag/5118e661a12c5c43154664b7920f0a9ea226da79aabf4144ba45946cbc6e4669.png,pocsag,synthetic,pocsag-66416-0-0,train,pocsag,Classic
datasets/waterfall/pocsag/17d19a7e7d9bfd0beca93aa7bdec8bf2b0060045103351a2fbf9e8335eabc9c7.png,pocsag,synthetic,pocsag-65771-0-0,train,pocsag,Classic
datasets/waterfall/pocsag/ffe494f774dcabb885a363c5c2e120ba9d7be74b9a27cc7d50e2c40199aa8599.png,pocsag,synthetic,pocsag-1670-0-1,train,pocsag,Classic
datasets/waterfall/pocsag/58ec2ede989ba42e2e7c952d95dc5e90d30d26b164582596d5a43863c85c1bc2.png,pocsag,synthetic,pocsag-1670-0-0,train,pocsag,Classic
datasets/waterfall/pocsag/5cb40cac06061568c24d407d9067536481550cef54ed27dc5b2150a4ed0d9f29.png,pocsag,synthetic,pocsag-73312-0-1,train,pocsag,Classic
datasets/waterfall/pocsag/0b53f7a79a5681d95aa0c6efeaff70a581823a63991a45c33ab45ad94f9fee95.png,pocsag,synthetic,pocsag-73310-0-0,train,pocsag,Classic
datasets/waterfall/pocsag/7286e4c1e1f5e9f577357b6e36b723f9b35e517aa5f8e2443b70d62b29219832.png,pocsag,synthetic,pocsag-94728-0-1,train,pocsag,Classic
datasets/waterfall/pocsag/20a5a5f10d204996fa0f05ac66cb2eab1a95fa9bca8c4def519717e638bc2cda.png,pocsag,synthetic,pocsag-66417-0-0,train,pocsag,Classic
datasets/waterfall/pocsag/ce1b2728234553080b22dd1fa61699fe1ab53ee736f66ce188ede1f77ceb0c94.png,pocsag,synthetic,pocsag-44107-0-0,train,pocsag,Plasma
datasets/waterfall/pocsag/52176ef90fa30d476389649814c6c4d714e7f4119615939cb6440bd386060e9f.png,pocsag,synthetic,pocsag-62774-0-1,train,pocsag,Classic
datasets/waterfall/pocsag/10197daed27bd7d74806d20a126ee5f21975a6c2668d1df8b68ca31efaae587e.png,pocsag,synthetic,pocsag-87304-0-0,train,pocsag,Classic
datasets/waterfall/pocsag/31d1cd86e13ab831b6ad4bd7024ff43d69af2357e2ecd229f521d0989d822405.png,pocsag,synthetic,pocsag-80172-0-1,train,pocsag,Classic
datasets/waterfall/pocsag/934025b6750500f092ae52d537b1559e348dc81baed6fb0fb7e3a7df3d5fe877.png,pocsag,synthetic,pocsag-1667-0-0,train,pocsag,Classic
datasets/waterfall/pocsag/b50561f3e49aa09a37f0dd8f61e9c49702a3541fd0eac9ac523571783bda4153.png,pocsag,synthetic,pocsag-44109-0-1,train,pocsag,Temper Colors
datasets/waterfall/pocsag/3f63320ef25708d744000af9aff6f5f990a5b5fda8cbce85577d7a9ce238d84f.png,pocsag,synthetic,pocsag-65771-0-2,train,pocsag,Classic
datasets/waterfall/pocsag/b2666320aab45692ae4748197fd2e574f113f2a734ea2d0965bd60cf744fa796.png,pocsag,synthetic,pocsag-62774-0-2,train,pocsag,Classic
datasets/waterfall/pocsag/73ea8c3a36a6b0ba7206bdf028b5e0085a735a06d14b485dd95f3d8bc968a259.png,pocsag,synthetic,pocsag-83463-0-0,train,pocsag,Classic
datasets/waterfall/pocsag/6d96b89c1dbee518b21d93d633a75cc8c2b4119a9b2de7281a10ec048904871f.png,pocsag,synthetic,pocsag-87304-0-2,train,pocsag,Classic
datasets/waterfall/pocsag/49f26fddd2198e46988857d7d78936da1d72db35001adbbea94abda8f6c9b9bd.png,pocsag,synthetic,pocsag-87305-0-0,train,pocsag,Classic
datasets/waterfall/pocsag/ab4c39202c5ad602f558fa93de972277874572fd68abaaea28d14a626ce3ea11.png,pocsag,synthetic,pocsag-83464-0-1,train,pocsag,Classic
datasets/waterfall/pocsag/eb053820c9bd77001f933650d08541f30b870c7137a5f15c2227b4371ddc8e54.png,pocsag,synthetic,pocsag-44107-0-2,train,pocsag,Plasma
datasets/waterfall/pocsag/da69dec0c06e46bf79ecf87098d4da912aedd6400008a08acef7d03e214cb114.png,pocsag,synthetic,pocsag-1670-0-2,train,pocsag,Classic
datasets/waterfall/pocsag/edd41680b0a0a3b2ec2588f373bf598f9d480a7265d13768ea6515a92eae86b6.png,pocsag,synthetic,pocsag-65771-0-2,train,pocsag,Classic
datasets/waterfall/pocsag/21bcfa440ab25a7390f7f04a3f7d6b38df1d7014ec5ae4f867fd496859f71b39.png,pocsag,synthetic,pocsag-73310-0-0,train,pocsag,Classic
datasets/waterfall/pocsag/3664f427311935633513d48294172f36b148b7fec411b8d8f0bf0b35531869b7.png,pocsag,synthetic,pocsag-301-0-0,train,pocsag,Classic
datasets/waterfall/pocsag/ef6025adc171287ecb1f7b495e929f840a8fae422ad7abb8fa7aa0e7cd6ad058.png,pocsag,synthetic,pocsag-1667-0-1,train,pocsag,Classic
datasets/waterfall/pocsag/cd61dfffadaf20acac60a25a88830d9f28adc6e0cc8d2612fbf3dae99ad2f752.png,pocsag,synthetic,pocsag-94729-0-2,train,pocsag,Classic
datasets/waterfall/pocsag/77fa1eaebd4cc208f5b6d83f8153788a903fa9eb6720a95985ec11fa84639d41.png,pocsag,synthetic,pocsag-73312-0-1,train,pocsag,Classic
datasets/waterfall/pocsag/c9fa604aae432ad48cd68ba9eaae78a2ebf0363e8d04b51270b18d718f1c8099.png,pocsag,synthetic,pocsag-1668-0-2,train,pocsag,Classic
datasets/waterfall/pocsag/20c752513e2e2cf0c13e4b599b7b19543903b45f47cc77cb5adbd24ebb29fc98.png,pocsag,synthetic,pocsag-94729-0-2,train,pocsag,Classic
datasets/waterfall/pocsag/41c42875fd1ab6913cde775d69dd3d8d801b01e9ccfb0762d956b12f3550b82d.png,pocsag,synthetic,pocsag-1668-0-0,train,pocsag,Classic
datasets/waterfall/pocsag/795444df756206fe8731d9db82d7fcea5241f226b436a9c446e6d368234834d1.png,pocsag,synthetic,pocsag-63752-0-1,train,pocsag,Classic
datasets/waterfall/pocsag/bbb5ec632d260bfca460172b30048cc2415359a4236d45e57f60e30c566ca979.png,pocsag,synthetic,pocsag-94731-0-0,train,pocsag,Classic
datasets/waterfall/pocsag/ab8dfe9453acf085406639c49f5b1bab3bf32dbabc6df485d184079913ed4a31.png,pocsag,synthetic,pocsag-66417-0-0,train,pocsag,Classic
datasets/waterfall/pocsag/92c2070eb9daad5a2c996c30f0eba9d88d17dcd0d36ecb2c03b7ba58dbe83139.png,pocsag,synthetic,pocsag-1669-0-1,train,pocsag,Classic
datasets/waterfall/pocsag/21e0d63ae8a8f414ba370da7cb520c4fc7e9d162fbaaa5d8bd16523ad4603649.png,pocsag,synthetic,pocsag-1667-0-2,train,pocsag,Classic
datasets/waterfall/pocsag/a234b8fc1b7374a65019a28af331ddced497f36d33a6342ea9a4ed9375599870.png,pocsag,synthetic,pocsag-87305-0-2,train,pocsag,Classic
datasets/waterfall/pocsag/9d79868710988648300519601efb0a962ff45fafd7761fcf6ead9e3b0f1a4701.png,pocsag,synthetic,pocsag-87305-0-1,train,pocsag,Classic
datasets/waterfall/pocsag/0893758333b39a250c37a592a3619cae90336f76e5ae2a8ba6532bf0f294a76b.png,pocsag,synthetic,pocsag-87305-0-2,train,pocsag,Classic
datasets/waterfall/pocsag/17b3fcdcdb46da5e3d823178ab1a87d75b0a07621597e3b1d347ef72f51a6442.png,pocsag,synthetic,pocsag-80172-0-2,train,pocsag,Classic
datasets/waterfall/pocsag/a7d033ac39839193c1041b3c3ac5821643c88e275f33bd50229acd9cacb81499.png,pocsag,synthetic,pocsag-83463-0-1,train,pocsag,Classic
datasets/waterfall/pocsag/3d2441c7852ff632735417c3ccba1d37ff0105a524c036c0d44f747bf8451d1e.png,pocsag,synthetic,pocsag-63752-0-2,train,pocsag,Classic
datasets/waterfall/pocsag/dc5e14f170c85e9f8965f802183b5bb8b293458988b34b37403fb825925a003b.png,pocsag,synthetic,pocsag-73311-0-1,train,pocsag,Classic
datasets/waterfall/pocsag/c056b5e43965bcc4536b1f8359aac7a28291afe419e618aa34ba39d83b618566.png,pocsag,synthetic,pocsag-63752-0-0,train,pocsag,Classic
datasets/waterfall/pocsag/fdcc65c7068b76fc69651f593a81b48ffb10fea0c720d00a42eda4b8589da933.png,pocsag,synthetic,pocsag-66416-0-1,train,pocsag,Classic
datasets/waterfall/pocsag/d89f7ab83322120583dbd979a3c53a0b6c8bb140f27baaa84e0a8907618fbcc6.png,pocsag,synthetic,pocsag-65771-0-1,train,pocsag,Classic
datasets/waterfall/pocsag/e49a68b7f3c629c5fd0163a092b4c768e53e1fc4dd0bb05d990da11ade66fd5e.png,pocsag,synthetic,pocsag-94729-0-1,train,pocsag,Classic
datasets/waterfall/pocsag/cbfb7320c2f19a6cb89b0ac499222a60e9efd677312c7eec45924e3f5f9df5ee.png,pocsag,synthetic,pocsag-83463-0-1,train,pocsag,Classic
datasets/waterfall/pocsag/2ced9be8d897ea5a844659cb4647f00465c293032f73b37a11eec8c600697a5c.png,pocsag,synthetic,pocsag-62774-0-2,train,pocsag,Classic
datasets/waterfall/pocsag/98e27f930291d98acfe3e075a76059e01458f1f7edf38870d26c5f89164ea84d.png,pocsag,synthetic,pocsag-73311-0-0,train,pocsag,Classic
datasets/waterfall/pocsag/3172565c14549bc8b75cf2d91aace329ecb86f2a4ceb5eef1a677dc28e9c5dab.png,pocsag,synthetic,pocsag-73311-0-2,train,pocsag,Classic
datasets/waterfall/pocsag/c28fa924f964f5968ec5ad6bae7c73326dcb8d293c4cf313b11de1535a2dff1e.png,pocsag,synthetic,pocsag-1670-0-1,train,pocsag,Classic
datasets/waterfall/pocsag/0a63398dd6b7124848e3997dbbbd78b69751ccca660ef66c28f17c02d68ee546.png,pocsag,synthetic,pocsag-87303-0-2,train,pocsag,Classic
datasets/waterfall/pocsag/2d31c60fb40defb29bbe49912dd51e3167c4efa933418a2a2580d4a2f3790cdc.png,pocsag,synthetic,pocsag-66418-0-1,train,pocsag,Classic
datasets/waterfall/pocsag/b15688b1c6dc31866bc5e69f7a8f1cf5d43d9cf66c3ed195c95227b75f25690a.png,pocsag,synthetic,pocsag-63752-0-0,train,pocsag,Classic
datasets/waterfall/pocsag/5fb399702abb3d3084da7f712afaeef65e21c861ba676481d790c627e5f6d510.png,pocsag,synthetic,pocsag-1668-0-0,train,pocsag,Classic
datasets/waterfall/pocsag/44274bf46f86e1e7f5b5e7093e231990078630a3c927f964c55bd7a00f314fb4.png,pocsag,synthetic,pocsag-44110-0-0,train,pocsag,Turbo
datasets/waterfall/pocsag/fbc6fcd90691f7ad8b7c701714b8f187e46eeb75761bb9cc521ceaf7e75b9e67.png,pocsag,synthetic,pocsag-63752-0-1,train,pocsag,Classic
datasets/waterfall/pocsag/da7b35c71a16597a6607e65656b40259b5f2e6fca1309d3997bfca5c9a257137.png,pocsag,real-old,legacy-pocsag-34x10,train,,
datasets/waterfall/pocsag/131ee332f8c33d6ffa9d775275f2ef492a5828eea2b8fd3cca33cb613a214353.png,pocsag,synthetic,pocsag-66417-0-2,train,pocsag,Classic
datasets/waterfall/pocsag/cc814e98b7f8e6548f045e761cab72845d6900f975859f0c274031f8f3e894f9.png,pocsag,synthetic,pocsag-94729-0-0,train,pocsag,Classic
datasets/waterfall/pocsag/37cc1880f5be80b9f2f449fd13b5b9b4c8b00753ff2867a372cec64b5c0e0d79.png,pocsag,synthetic,pocsag-66416-0-1,train,pocsag,Classic
datasets/waterfall/pocsag/97dc643fca644c1e8482492e483bba40e4b1c8fc718006bde13d29251ea42c31.png,pocsag,synthetic,pocsag-87304-0-0,train,pocsag,Classic
datasets/waterfall/pocsag/e9372119a3699b0eb7ebd533abbd579279f83016e356e6438f4ee4eabf019de7.png,pocsag,synthetic,pocsag-44108-0-0,train,pocsag,Smoke
datasets/waterfall/pocsag/589b4331eb890c2968bbf4273687e3e3bab1c9f6fb78a8fcf53031332f0def2d.png,pocsag,synthetic,pocsag-94730-0-0,train,pocsag,Classic
datasets/waterfall/pocsag/5e622f3fa9e096f1e0e1362d6ba11f4816b19bef76a07562568b69b160b831b9.png,pocsag,synthetic,pocsag-83464-0-2,train,pocsag,Classic
datasets/waterfall/pocsag/da47ad8907757b20a08b51ffff009fd2b4760a2f23c1b6ea2594438f641fc31f.png,pocsag,synthetic,pocsag-50344-0-2,train,pocsag,Grey Scale
datasets/waterfall/pocsag/de226bf6e61f3c8139b1e34ff69e14b5c2f5cf8c9157976e2f715d1bdc2bbf28.png,pocsag,synthetic,pocsag-44109-0-2,train,pocsag,Temper Colors
datasets/waterfall/pocsag/bd035de911eca1beeb7eb9acf8146188647fb741eed528df84dfb7610b2ff0db.png,pocsag,synthetic,pocsag-73312-0-2,train,pocsag,Classic
datasets/waterfall/pocsag/cfe8575e89633b243334d27040630e8e15005e1c564a6ab3a92af98610798ca7.png,pocsag,real-old,legacy-pocsag-36x10,train,,
datasets/waterfall/pocsag/c6746749e33d866c5a04699221ce7a8a2a4a35243d05599fad86cfc52e292cde.png,pocsag,real-old,legacy-pocsag-27x7,train,,
datasets/waterfall/pocsag/112230cdf9e64262ec981f8d874eb09def298bbdbc0de4ec0a58b80d776b68e2.png,pocsag,synthetic,pocsag-73312-0-0,train,pocsag,Classic
datasets/waterfall/pocsag/c59813c26411ee8a734220fc94bba65e909ba78852298569063af03e3fa592c9.png,pocsag,synthetic,pocsag-73311-0-2,train,pocsag,Classic
datasets/waterfall/pocsag/3c9a47a7d87ec8ef927962fa7338843db60870b4bbdd6c26f2c385891032c32b.png,pocsag,synthetic,pocsag-1669-0-0,train,pocsag,Classic
datasets/waterfall/pocsag/87e1e878fbfb5c6e14d852f421486c91e7a3ab3867664fb2bbf628294865f35b.png,pocsag,synthetic,pocsag-62774-0-0,train,pocsag,Classic
datasets/waterfall/pocsag/d1a34e8255dbcf035ba2ddf243bd3e3205a3629af2351080c20933e22fd69803.png,pocsag,synthetic,pocsag-83463-0-0,train,pocsag,Classic
datasets/waterfall/pocsag/650544dccc439161ab0bf1b004f4c3f71cff6db950e4ce4c027cc9cc440f280e.png,pocsag,synthetic,pocsag-1670-0-2,train,pocsag,Classic
datasets/waterfall/pocsag/1ba61b9ace078421a72ad5c316a6eda172f581d0e32b467b5e64a597baafecde.png,pocsag,synthetic,pocsag-87304-0-2,train,pocsag,Classic
datasets/waterfall/pocsag/25e820d86703259e43b1c142c09597d71045a6d9461db2b24e8052c4e89f9667.png,pocsag,synthetic,pocsag-62774-0-0,train,pocsag,Classic
datasets/waterfall/pocsag/a2f0af8170ea55cfd74d6a848f2e55ddf06cea9b26cabf8014b755f01f88fc6d.png,pocsag,synthetic,pocsag-80172-0-0,train,pocsag,Classic
datasets/waterfall/pocsag/6939fb12397c01894f454e543a24190ad8edffb4aa66c0a4d3a809da7b293f4a.png,pocsag,real-old,legacy-pocsag-36x10,train,,
datasets/waterfall/pocsag/6ecdcc7266c8f8f3980cd35fb2e3436ea3c85eb85de0b5ebe91d54c420e67ff7.png,pocsag,synthetic,pocsag-50343-0-0,train,pocsag,GQRX
datasets/waterfall/pocsag/65751d64c2c9c499eb5426209f8e2b7b7da91fa1b6a7255455ca51006f7c898d.png,pocsag,synthetic,pocsag-83464-0-0,train,pocsag,Classic
datasets/waterfall/pocsag/68adff3382653e601e7ded8c9e80a957b3d8d45a937dd3b304cdd473344dc028.png,pocsag,synthetic,pocsag-1670-0-0,train,pocsag,Classic
datasets/waterfall/pocsag/252e70232ad22b8636ace8f29a7df70fa8f52549c3f822233f522d7c4d31c232.png,pocsag,real-old,legacy-pocsag-31x10,train,,
datasets/waterfall/pocsag/0c6fd469aecd347118d3212d0451c9f14b584dfce3846762a45d6976a05ede44.png,pocsag,synthetic,pocsag-50344-0-1,train,pocsag,Grey Scale
datasets/waterfall/pocsag/72805a033ff7df025b7f8ce35ffda09a6224b174cff27fc66a2be701b51452fd.png,pocsag,synthetic,pocsag-87304-0-1,train,pocsag,Classic
datasets/waterfall/pocsag/a107e7bf991128eab50fa7bc12c32e55462f2829c5d6ae2213c13fb0f8e97961.png,pocsag,synthetic,pocsag-44110-0-2,train,pocsag,Turbo
datasets/waterfall/pocsag/21477b0fdbef681338b7921cd43afa923e25a9a66b7598546bf70528dcc8caaf.png,pocsag,real-old,legacy-pocsag-36x10,train,,
datasets/waterfall/pocsag/9654b93807236f06b55d4b6623cd9d9ebbb1bffdf3bff22bf519c04b1b186c63.png,pocsag,synthetic,pocsag-73311-0-1,train,pocsag,Classic
datasets/waterfall/pocsag/bcfbf5e21df88d74d4a2e87ebef31a627e03476ea0799a60c6fc8df50069be48.png,pocsag,synthetic,pocsag-1669-0-1,train,pocsag,Classic
datasets/waterfall/pocsag/16f3c5a92ccf6e656b9198ba2fa547f5f4dcf61047f821a429a4432561910bbc.png,pocsag,synthetic,pocsag-44108-0-1,train,pocsag,Smoke
datasets/waterfall/pocsag/37776c70bf5f5a4e164abeab6533b0672828270df934fbda0aefe3641b4a102d.png,pocsag,synthetic,pocsag-87303-0-2,train,pocsag,Classic
datasets/waterfall/pocsag/64b97830ae0a9d8d7359107b8a126ab9e0289f2432bfe0e6035adf9caa98b85c.png,pocsag,synthetic,pocsag-83464-0-1,train,pocsag,Classic
datasets/waterfall/pocsag/6f3f34afe323dcbdee223fcc48d73ed5b57f9288ebb1ee3f1c95806b7665ac95.png,pocsag,real-old,legacy-pocsag-33x10,train,,
datasets/waterfall/pocsag/b74dc0ed4daff67dba6a90b4e8ff824ac8d7da88785384c522c2713f137227d5.png,pocsag,synthetic,pocsag-94728-0-0,train,pocsag,Classic
datasets/waterfall/pocsag/d2e8311c9d101bb31e3fd371e0509a0185ed836e1184a47327c09e8148d043b4.png,pocsag,synthetic,pocsag-44111-0-2,train,pocsag,Viridis
datasets/waterfall/pocsag/c0130e20426af467905228c920139fdcdcd4cf7110133bf5b08e419b5a0ed7b8.png,pocsag,real-old,legacy-pocsag-30x10,train,,
datasets/waterfall/pocsag/332706f8b435d98ce6aeb9dd2fce7bb97e5f11315876add8769b7be227d8e813.png,pocsag,synthetic,pocsag-80172-0-0,train,pocsag,Classic
datasets/waterfall/pocsag/c874b9a43ed8c42b50240381459b66c721341ac975c08ba0def4ed61ab02808e.png,pocsag,synthetic,pocsag-1669-0-2,train,pocsag,Classic
datasets/waterfall/pocsag/853a5e1c40d4de20d08a93f4c85acd1150854d8c6ff3c76d4355c8d67b4f22cb.png,pocsag,synthetic,pocsag-1667-0-0,train,pocsag,Classic
datasets/waterfall/pocsag/4f69e06422e98b639a303ab5e68a0510eb3fa167310b07f3d9952e7ccdd7c260.png,pocsag,synthetic,pocsag-1668-0-2,train,pocsag,Classic
datasets/waterfall/pocsag/ad9530e48686ce3dd51ddac18329920f0f0cc0fedc486f93a28e2bdb44b4ade3.png,pocsag,synthetic,pocsag-73311-0-0,train,pocsag,Classic
datasets/waterfall/psk-qam/889ac21a123bcd35dc682cd6732ec40a30ef4a7b875e7358240fe1fc6fbd2589.png,psk-qam,synthetic,psk-qam-44108-0-1,test,32QAM,Grey Scale
datasets/waterfall/psk-qam/7043a93b0199505bbf1502aae6f9e63734532185cf42404cf2494afb52bd9543.png,psk-qam,synthetic,16QAM-66416-0-2,test,16QAM,Classic
datasets/waterfall/psk-qam/20ab0482706575bd72cda4a5d431b1085a0bc60adb17ffb7608999c61e17c2ec.png,psk-qam,synthetic,psk-qam-50343-0-0,test,BPSK,Vivid
datasets/waterfall/psk-qam/666257cb3e6fdc6df1979a16586acf811d2dfc65e6a9ecdd6408760ab937ed1a.png,psk-qam,synthetic,psk-qam-700-3-0,test,BPSK,Classic
datasets/waterfall/psk-qam/3e3699ea06c53fa25ecf5973004071daaff3a0ce086ce05fbc9c7356d3cbccb9.png,psk-qam,synthetic,32QAM-65771-0-2,test,32QAM,Classic
datasets/waterfall/psk-qam/235a0accc5cfdb5c2b99c485ca1904ebef4cfd42733579290cf53fab050a6ac3.png,psk-qam,synthetic,16QAM-73312-0-2,test,16QAM,Classic
datasets/waterfall/psk-qam/ce3a8a98c499737cde2e0360c10559d377d692a9cc3a0fff0a3f61e6f8199b06.png,psk-qam,synthetic,psk-qam-700-1-2,test,BPSK,Classic
datasets/waterfall/psk-qam/227090b55a182ad20fe3a3d9772844cc8e788e9e0f15706a349a1d3ba6ae7bc9.png,psk-qam,synthetic,16QAM-73312-0-1,test,16QAM,Classic
datasets/waterfall/psk-qam/bb740baa681715d6172a855e7a060c264e59c4dda67d7c144fff5f00f0513d82.png,psk-qam,synthetic,16QAM-66417-0-1,test,16QAM,Classic
datasets/waterfall/psk-qam/c4bfbae2186b2c0cf6eea99903458d457c242a02a2b06ab8ed8453c08810d775.png,psk-qam,synthetic,psk-qam-50343-0-1,test,BPSK,Vivid
datasets/waterfall/psk-qam/46c5392f0d5050474afd540ef7fe09035977b782db242b5a7b0e6580592e6fdc.png,psk-qam,synthetic,psk-qam-44111-0-1,test,32QAM,Plasma
datasets/waterfall/psk-qam/a078763075f4b1251f709fad030bfa900158bea45d6915f8e38c2f5246b636b3.png,psk-qam,synthetic,psk-qam-700-3-2,test,QPSK,Classic
datasets/waterfall/psk-qam/b65bbc2a62fe2c0dc7d1f0b17c0f806a57ee73c727785710bf0c187c7594665c.png,psk-qam,synthetic,16QAM-62774-0-2,test,16QAM,Classic
datasets/waterfall/psk-qam/5cae0502d9dcd9df4e013cd0823f6b64bd19f5e0638772aaf9d94c3ad245f4c7.png,psk-qam,synthetic,8PSK-73312-0-0,test,8PSK,Classic
datasets/waterfall/psk-qam/6de0a157015026cd58e3987a3ab178c8c1615ddaf9d23b44e1aee50e855afea6.png,psk-qam,synthetic,psk-qam-44109-0-2,test,QPSK,Inferno
datasets/waterfall/psk-qam/037d87df16274a448b997467b83a3216b43cb88adaa63dc5ee5ec616ea5002b5.png,psk-qam,synthetic,32QAM-63752-0-1,test,32QAM,Classic
datasets/waterfall/psk-qam/bb2cb073bfb81714e26aa6f42556935d372e74d6564c2c5d2f57e53f844b761d.png,psk-qam,synthetic,8PSK-66418-0-1,test,8PSK,Classic
datasets/waterfall/psk-qam/8680e84f0fa61851da76a81dd095d7491fafc918242dab91531e1ecf5268f17a.png,psk-qam,synthetic,32QAM-61881-0-2,test,32QAM,Classic
datasets/waterfall/psk-qam/326a607b13d256e4f5074dec1ee13570f6419b7fac75d5af4e43cb3539d11760.png,psk-qam,synthetic,psk-qam-700-0-0,test,BPSK,Classic
datasets/waterfall/psk-qam/f14f25e46f8cab15e9fe7ff538b41c1aa6d6ce16ec05ec1de8b122c06cc709b6.png,psk-qam,synthetic,8PSK-65771-0-0,test,8PSK,Classic
datasets/waterfall/psk-qam/c3593ae9219eecaacd19727f42b2b7932a3317e0dc6f0dfc90568d95c918942a.png,psk-qam,synthetic,psk-qam-44111-0-0,test,32QAM,Plasma
datasets/waterfall/psk-qam/5b421416271cef445f536979304efc3428434bfb1d29c1a9d0c05f6fe8ed31aa.png,psk-qam,synthetic,8PSK-63752-0-1,test,8PSK,Classic
datasets/waterfall/psk-qam/fe4ce5ed59965c89068320fdb6b03926c78416e94fe8adf8410231797eb02038.png,psk-qam,synthetic,8PSK-73312-0-1,test,8PSK,Classic
datasets/waterfall/psk-qam/b455993852af77283c32e595df49c72fd9d383bbecfe110fbac150802da02d28.png,psk-qam,synthetic,32QAM-73312-0-1,test,32QAM,Classic
datasets/waterfall/psk-qam/6e9af6e0f8117efecd14434feb0efb8395808ffc19529fe5edaf66d477aee4bd.png,psk-qam,synthetic,8PSK-66416-0-2,test,8PSK,Classic
datasets/waterfall/psk-qam/1973d504293ded5867aa45500d9096fc16b7baa1bcecf700094fe6c3e147864b.png,psk-qam,synthetic,32QAM-73310-0-1,test,32QAM,Classic
datasets/waterfall/psk-qam/76b82691824962314966e9f5da578c2224959245207de969a093265ff91711f6.png,psk-qam,synthetic,16QAM-66418-0-2,val,16QAM,Classic
datasets/waterfall/psk-qam/0ce03dbc247cd496bf1fc40f130bad23eb2ed70acbc1fab01e347ac29908e242.png,psk-qam,synthetic,psk-qam-700-3-0,val,BPSK,Classic
datasets/waterfall/psk-qam/20bf90623d96efbdbbca10c359aa62eaf5e95876cac28b58039a5208ae16ad39.png,psk-qam,synthetic,psk-qam-44110-0-2,val,BPSK,Magma
datasets/waterfall/psk-qam/110d9c55a30672f4cd45d876578b96ff73209557e4805212a3ac87ad5f0bcc8a.png,psk-qam,synthetic,psk-qam-700-1-1,val,BPSK,Classic
datasets/waterfall/psk-qam/65e266c817ef2d240fc65d3739ddc1b9b614cfddf11b4fc12eba83799429b886.png,psk-qam,synthetic,psk-qam-700-1-0,val,QPSK,Classic
datasets/waterfall/psk-qam/e24bd531f530c3e4a57aebc7d96188407fa25b5d3c846ff2793205fe525abf30.png,psk-qam,synthetic,32QAM-66417-0-0,val,32QAM,Classic
datasets/waterfall/psk-qam/398a8fb4988fca4ea009c6f0c64fe3e855fbb8db78051c3595f6d7fa62143547.png,psk-qam,synthetic,32QAM-66417-0-1,val,32QAM,Classic
datasets/waterfall/psk-qam/1aee27783a78a7c1f70483cf8b8dc7cad69b0b5d1470cc3e2ebab58769c67e2d.png,psk-qam,synthetic,psk-qam-44108-0-0,val,32QAM,Grey Scale
datasets/waterfall/psk-qam/107e6a81c22e5165e266cd960b6b1de219bc559e0a71007bdaba3d88eda6d933.png,psk-qam,synthetic,8PSK-73310-0-0,val,8PSK,Classic
datasets/waterfall/psk-qam/8063acadf3c3f1a7728b01ff9165cb58710f744421644cfefe5769fd8221e54e.png,psk-qam,synthetic,psk-qam-700-0-1,val,QPSK,Classic
datasets/waterfall/psk-qam/934b0ef086145fe268ac8caffe0cd37b03cdeba1f9a5fcb50240834c87d51100.png,psk-qam,synthetic,16QAM-62774-0-0,val,16QAM,Classic
datasets/waterfall/psk-qam/0273e8b971459d929444b44c31201ea84fe2b7265379bb8755d2dc1f096ccdf0.png,psk-qam,synthetic,psk-qam-44107-0-2,val,8PSK,GQRX
datasets/waterfall/psk-qam/e30e30708982e0589a25aa9c8860aecd2d56502e6934709fd66b27d9321f74c0.png,psk-qam,synthetic,psk-qam-700-1-0,val,BPSK,Classic
datasets/waterfall/psk-qam/feb7efd6d1065b2304ddc3e0fd9045a26c71f9de1281b14474e51448e9cf752b.png,psk-qam,synthetic,psk-qam-700-2-2,val,QPSK,Classic
datasets/waterfall/psk-qam/2198052d12a5b801ec5d7cd02fa3f5f3dc8327bf119c972af61b3adeae806347.png,psk-qam,synthetic,32QAM-65771-0-0,val,32QAM,Classic
datasets/waterfall/psk-qam/22b5a23eab17d07ffedd3eabe6194311b00fbbd0f5cee20e27c1a604f9fc4e49.png,psk-qam,synthetic,psk-qam-700-3-1,val,QPSK,Classic
datasets/waterfall/psk-qam/56124d05f9edb9ee30d60b790e1c890db4e855a5e29edcfe95ecd000b311ee22.png,psk-qam,synthetic,8PSK-66417-0-1,val,8PSK,Classic
datasets/waterfall/psk-qam/9d3753e743ceb7126eb01e48caf7344990e00f3ae4c052b9ac90e5930d542004.png,psk-qam,synthetic,8PSK-65771-0-2,val,8PSK,Classic
datasets/waterfall/psk-qam/e58fcc6a875e3fc481f3d24af738a39d33bce4144134d96537aa422dad34e59c.png,psk-qam,synthetic,8PSK-73311-0-2,val,8PSK,Classic
datasets/waterfall/psk-qam/ad76c689c82803db9f16aff989f9fed547d10495e64dd5f0835be2ab8dc078ce.png,psk-qam,synthetic,16QAM-80172-0-0,val,16QAM,Classic
datasets/waterfall/psk-qam/66a0f3f84dbaf81a68853f04eb020c3701a6cadfbed2493d624af6b8b0aabc8b.png,psk-qam,synthetic,psk-qam-700-1-1,val,BPSK,Classic
datasets/waterfall/psk-qam/b3fc1abeaea277c65593361e04360ab860fe2f80587da175330fb8d8637e131a.png,psk-qam,synthetic,psk-qam-700-0-1,val,BPSK,Classic
datasets/waterfall/psk-qam/b444d4767af641d497bbadd40907c3f670bbb379de40aae86aef1713ceed010a.png,psk-qam,synthetic,32QAM-73312-0-2,val,32QAM,Classic
datasets/waterfall/psk-qam/e77e2590a401c1fd7c407db5a6a247574b1052005cb7cd5463f55e44621778a3.png,psk-qam,synthetic,16QAM-73311-0-2,val,16QAM,Classic
datasets/waterfall/psk-qam/295bcb4ebd19b887b2e3083454a4085ac3eaa404f7f2870fd68639478b9fde2d.png,psk-qam,synthetic,psk-qam-700-1-2,val,BPSK,Classic
datasets/waterfall/psk-qam/578c0dde00754fe0d291bca0ef6654ab4bb9e0f782ecdec6a3e9d7de78b416e5.png,psk-qam,synthetic,16QAM-61881-0-2,val,16QAM,Classic
datasets/waterfall/psk-qam/aa89ed0f94efda30352602ba6d62ddcf8b44d08f56a23442e6a6b320d8448975.png,psk-qam,synthetic,16QAM-66416-0-1,train,16QAM,Classic
datasets/waterfall/psk-qam/b2ac9fd60fa3575b51096184ec754aef980ff8c3bef554af389c3832ce4a386e.png,psk-qam,synthetic,psk-qam-700-3-2,train,BPSK,Classic
datasets/waterfall/psk-qam/3dfd8e1fa37e9ad99b292712b37dbaef7c2b197115d6abec88a60f96f49144b0.png,psk-qam,synthetic,32QAM-80172-0-1,train,32QAM,Classic
datasets/waterfall/psk-qam/c591ed254cbf69cf0d1dba5b4f628f6e3725219ba53899087e15b879e62c5647.png,psk-qam,synthetic,psk-qam-700-0-0,train,BPSK,Classic
datasets/waterfall/psk-qam/b7b634cc22e1eed2decf259ed7321bd2f10a346cf736139263190d777431c3a1.png,psk-qam,synthetic,8PSK-62774-0-0,train,8PSK,Classic
datasets/waterfall/psk-qam/ee4b0aa145458d2199205773beb29a46c84a5fefcdc220e47c3701d64796625b.png,psk-qam,synthetic,psk-qam-50344-0-0,train,16QAM,WebSDR
datasets/waterfall/psk-qam/3d0ef2ae63b93d09f93ac490c8d03f8396aa0f191c90e6ca7000cebe478601c6.png,psk-qam,synthetic,16QAM-73310-0-1,train,16QAM,Classic
datasets/waterfall/psk-qam/39fd4d8ed52ed93f6861e868bb27c1e0247d00e5685b96c32788a004a254d079.png,psk-qam,synthetic,psk-qam-44107-0-0,train,8PSK,GQRX
datasets/waterfall/psk-qam/0de3427773957a56cba2bf9b0443a2144c1dcf92c319a79c49f5803c16c99c03.png,psk-qam,synthetic,psk-qam-700-0-2,train,QPSK,Classic
datasets/waterfall/psk-qam/45bde7fb28777942463274bef201f2e841d8e8764d7c0c8ac9661a6abc8f374e.png,psk-qam,synthetic,32QAM-66416-0-1,train,32QAM,Classic
datasets/waterfall/psk-qam/8dc9001efc11af7bb3e6973b6c88ccc4fd6c711f8c330ddad5f23927d9e662a7.png,psk-qam,synthetic,16QAM-66418-0-0,train,16QAM,Classic
datasets/waterfall/psk-qam/2b219792f362d6f835875f52ad6c801496e245ce387b41a13df8428a66f1921c.png,psk-qam,synthetic,32QAM-73310-0-2,train,32QAM,Classic
datasets/waterfall/psk-qam/1961120938f92e4ffe16adeeaa5fecdb15f758d1f3a0eca3d2033445809c4eff.png,psk-qam,synthetic,16QAM-66416-0-0,train,16QAM,Classic
datasets/waterfall/psk-qam/dd8475e80b453fdebeee237c909de2c01952bf5075e8ec4fd404e2c0b30ed984.png,psk-qam,synthetic,psk-qam-700-2-1,train,BPSK,Classic
datasets/waterfall/psk-qam/9620be124b8e4e5950a4fddca66e29d5622ee337d341a64dc77ed2fe9f75f0ff.png,psk-qam,synthetic,psk-qam-44109-0-0,train,QPSK,Inferno
datasets/waterfall/psk-qam/fde8bf3c902a02f087f87ff2c246e6482228c5119e966595e076830c7e977e35.png,psk-qam,synthetic,psk-qam-700-0-1,train,BPSK,Classic
datasets/waterfall/psk-qam/e4e0b0d1d13927b3eebf32b8841a28e9240cbfe8c819c3436a11252433d9c77a.png,psk-qam,synthetic,8PSK-80172-0-2,train,8PSK,Classic
datasets/waterfall/psk-qam/6f60ad455830fa081e00fbf44287df46a318c2350eca1891b5415a28fd4e6f85.png,psk-qam,synthetic,psk-qam-700-2-1,train,QPSK,Classic
datasets/waterfall/psk-qam/661b54965cdd954da56490b3505d2495b6dbfbf5d4e868cb45ed64613aceb245.png,psk-qam,synthetic,16QAM-66418-0-1,train,16QAM,Classic
datasets/waterfall/psk-qam/916c9fa5ea7c225a50a73912fa45db701463fb88b9a9b4aa918317ea18514e82.png,psk-qam,synthetic,16QAM-62774-0-1,train,16QAM,Classic
datasets/waterfall/psk-qam/f483ddaa7dcd53370cf10a7202e1d76448ab81178b0bb137860812638a348f11.png,psk-qam,synthetic,8PSK-66418-0-0,train,8PSK,Classic
datasets/waterfall/psk-qam/5b64ff89ae02aae25388664ce75ba4ed47f2c6e21710cf0da608fc8121edfdb6.png,psk-qam,synthetic,psk-qam-50343-0-2,train,BPSK,Vivid
datasets/waterfall/psk-qam/3592c7f15562ed881cf34923217efe5a6588fe589eb70bf14bd7726a27a87257.png,psk-qam,synthetic,psk-qam-700-1-0,train,QPSK,Classic
datasets/waterfall/psk-qam/1d5fd7a7e84ebd2f5c8d77742a465ebc1d020839391b31656e42e98ccc8f6262.png,psk-qam,synthetic,psk-qam-700-0-1,train,QPSK,Classic
datasets/waterfall/psk-qam/da163fe60b3ad69a3ad124dc34e60a240a7718dc41aabf0b6b972fdafdce1b83.png,psk-qam,synthetic,32QAM-66416-0-0,train,32QAM,Classic
datasets/waterfall/psk-qam/e26fcd53e872208f1af28cbd50eddfbe3b99b834a7ddf977ee146ad42b905542.png,psk-qam,synthetic,psk-qam-700-2-1,train,QPSK,Classic
datasets/waterfall/psk-qam/8d78d6c852bbd3e3f857e84bdd12ded0de5e8b4361d311fc68a3d1219af87d7d.png,psk-qam,synthetic,psk-qam-700-0-0,train,BPSK,Classic
datasets/waterfall/psk-qam/d7fd70c8ca63c6ce886e0ed6842da3e9446e01ece7f03bf78c3e54ec23f191a9.png,psk-qam,synthetic,16QAM-63752-0-0,train,16QAM,Classic
datasets/waterfall/psk-qam/e7adcbb70217378645f5c663008fb944f6b626a8004417afb536f35b2eda5faf.png,psk-qam,synthetic,psk-qam-700-3-1,train,BPSK,Classic
datasets/waterfall/psk-qam/9c544b03664140d520afa22ea70161f3e5bfe16b8aededad3a58e9e2a0fd749a.png,psk-qam,synthetic,psk-qam-700-1-1,train,QPSK,Classic
datasets/waterfall/psk-qam/37ecf08529f1611dfdc7a05f5b7a502853cb3bf9da330daa26c6e94140aed8d7.png,psk-qam,synthetic,psk-qam-700-2-0,train,QPSK,Classic
datasets/waterfall/psk-qam/16398b413e7ee4eeb47fa305bdc8c9ce3bb89be32d5f67f07998a4ca12087ea1.png,psk-qam,synthetic,8PSK-62774-0-1,train,8PSK,Classic
datasets/waterfall/psk-qam/19fa90efb4b7b3f8a1610e9968d79ac140212e7ef34f2a68b0e64f57670cfaa2.png,psk-qam,synthetic,32QAM-62774-0-0,train,32QAM,Classic
datasets/waterfall/psk-qam/6bfb96e154afc5ad254e634fcd1e62b69dffec55eecb6c95ba6a3cc069091afa.png,psk-qam,synthetic,8PSK-66417-0-0,train,8PSK,Classic
datasets/waterfall/psk-qam/29d1a2293c9f01415bdfac37e675b39ec7ef540353542054762ee2678e929e7b.png,psk-qam,synthetic,psk-qam-700-1-1,train,QPSK,Classic
datasets/waterfall/psk-qam/14b520283e99f9e2658b2403b21eb838482d23619c2769545056657c4e0d3db0.png,psk-qam,synthetic,psk-qam-44110-0-0,train,BPSK,Magma
datasets/waterfall/psk-qam/9e603079cc1702ff314d66b37ee80760768c684c9c0a5cd6c0e9851ed104efae.png,psk-qam,synthetic,psk-qam-700-0-2,train,BPSK,Classic
datasets/waterfall/psk-qam/6ce89fb657de16173437052ebee8499b5e37d09d06635cd7d4108e97a2fa0a27.png,psk-qam,synthetic,8PSK-65771-0-1,train,8PSK,Classic
datasets/waterfall/psk-qam/f93fc1d15dc399988a65e19a5509a60583ae88cc6aee5cf4178a20d9eaac1346.png,psk-qam,synthetic,16QAM-73312-0-0,train,16QAM,Classic
datasets/waterfall/psk-qam/f6983f47921e2aeb9dddfe36569236e96219e4f6c09b7106e0bd87338111556e.png,psk-qam,synthetic,8PSK-66416-0-0,train,8PSK,Classic
datasets/waterfall/psk-qam/a3207ac1fc38342145579663de7e1681d888d58acf201c7c08b1843c84d3b760.png,psk-qam,synthetic,psk-qam-700-0-1,train,BPSK,Classic
datasets/waterfall/psk-qam/b5d85f12690d4ae55e7db0a08dd0b24c193b130a3c4c9926bc377e7611b33ebd.png,psk-qam,synthetic,16QAM-61881-0-0,train,16QAM,Classic
datasets/waterfall/psk-qam/fc4b01e30a6fe88d22d14aba04133583ac2cb67d2cbd13389773dfaceef163b8.png,psk-qam,synthetic,psk-qam-700-3-0,train,QPSK,Classic
datasets/waterfall/psk-qam/315a49f0f70644ac4a8cb737a1a88c01e6d855de423b585bb359b9b629118222.png,psk-qam,synthetic,8PSK-73312-0-2,train,8PSK,Classic
datasets/waterfall/psk-qam/d8cc9c8d19d4dee4384c2ffdf06508caa1ecdbfc923bc74955766a639e8dfdda.png,psk-qam,synthetic,16QAM-80172-0-2,train,16QAM,Classic
datasets/waterfall/psk-qam/4eb05754a043027a42ca9edf0d7030c2f1354836f3eeb3fa23bdf29126619e8a.png,psk-qam,synthetic,8PSK-73310-0-1,train,8PSK,Classic
datasets/waterfall/psk-qam/893f65fde6118eccd3df51297ad9723f29ab7dff31fafe019b78995f4217aa23.png,psk-qam,synthetic,16QAM-80172-0-1,train,16QAM,Classic
datasets/waterfall/psk-qam/63d841e58133e4d8facaa683423ef8d5b5f49a3cdf0e321773c56ea1e1f8aac2.png,psk-qam,synthetic,32QAM-66417-0-2,train,32QAM,Classic
datasets/waterfall/psk-qam/74d5c132733a86bf24cdf6d51f5907d050d4834f218b67bad295210716544d43.png,psk-qam,synthetic,psk-qam-700-2-2,train,BPSK,Classic
datasets/waterfall/psk-qam/6680363d930d3c3b2aae66944cd955d32733699b2d67e2c67bd00e809f1e6e6e.png,psk-qam,synthetic,psk-qam-700-3-1,train,QPSK,Classic
datasets/waterfall/psk-qam/0ab2d99fc290a52368e19e47655bfed7fd2a0097a41638826dc8ac39b872b0d9.png,psk-qam,synthetic,16QAM-73311-0-1,train,16QAM,Classic
datasets/waterfall/psk-qam/d8a624d0c91407c7e2215ba8347ad364df15d2ae0ba4c82b8147abd97084ec61.png,psk-qam,synthetic,psk-qam-700-1-2,train,BPSK,Classic
datasets/waterfall/psk-qam/cd0720cb4a89bd420a788271c6806d9b14ba000e5d7a6e00a9195a73602e2500.png,psk-qam,synthetic,psk-qam-50344-0-1,train,16QAM,WebSDR
datasets/waterfall/psk-qam/00a6203f9ab41de284d8802622a5b0954805b04a2eefed021a690f51adc5c26a.png,psk-qam,synthetic,psk-qam-700-0-2,train,QPSK,Classic
datasets/waterfall/psk-qam/bca28dbbcc7db4f68b20c4321520f927a7bf601f725fbde18f7fa86d8ebe0450.png,psk-qam,synthetic,psk-qam-700-1-1,train,BPSK,Classic
datasets/waterfall/psk-qam/0e3aa4f5c4945b511f0e7884f57a5a8a5cebfb9cc115f49fcfa84b5f0d25234a.png,psk-qam,synthetic,32QAM-63752-0-2,train,32QAM,Classic
datasets/waterfall/psk-qam/880ad1ff7de10568976e07b931863b2c1732c3ac63e128757b5ea2177fc32a40.png,psk-qam,synthetic,32QAM-62774-0-2,train,32QAM,Classic
datasets/waterfall/psk-qam/949c98c3549c801c631f6aa53aee1ab4b1ef85295e47269cfd673a7e953935bb.png,psk-qam,synthetic,16QAM-66417-0-0,train,16QAM,Classic
datasets/waterfall/psk-qam/4189336da8b9b48f73a54e565de8502f74ada7423a33dc10a1142f02948235df.png,psk-qam,synthetic,psk-qam-44110-0-1,train,BPSK,Magma
datasets/waterfall/psk-qam/0efed3823738dbee395105091eaf0c70228b7960be900c78100fe5abad253370.png,psk-qam,synthetic,8PSK-66416-0-1,train,8PSK,Classic
datasets/waterfall/psk-qam/d5017a342adb3af5399c8aaddc824b005912ad1e58e42810e2845235e7cd0c3a.png,psk-qam,synthetic,psk-qam-700-2-0,train,BPSK,Classic
datasets/waterfall/psk-qam/876819e54c7915c7b5ffe730ec97f4e9edb70db3c2b94a94b21aae76ca54b8c7.png,psk-qam,synthetic,psk-qam-700-3-2,train,QPSK,Classic
datasets/waterfall/psk-qam/efa145fed84a8ee5ed3fc53784f649434b149708030f8151c66dac312f132548.png,psk-qam,synthetic,16QAM-66417-0-2,train,16QAM,Classic
datasets/waterfall/psk-qam/a94b9496e655aae463119694212f0641da872bcaec419bd47c644ecaba51e238.png,psk-qam,synthetic,8PSK-66417-0-2,train,8PSK,Classic
datasets/waterfall/psk-qam/925a0b360e73a098b94f7c9b26309faf44088ae80d6eabb6e0a3357c5aeb0350.png,psk-qam,synthetic,psk-qam-700-1-2,train,QPSK,Classic
datasets/waterfall/psk-qam/03ef73b41a4ca6653e393b85986597ffa2f9626fa3b66d29082694f3599f9824.png,psk-qam,synthetic,psk-qam-700-1-2,train,QPSK,Classic
datasets/waterfall/psk-qam/c1fd9597d2664235dcc20997e89450f923d2e23cd7bb7ff61765840e499b46ce.png,psk-qam,synthetic,32QAM-63752-0-0,train,32QAM,Classic
datasets/waterfall/psk-qam/35ba16fdd92c3190bb042b09468b1cd8c880322f08efc98aff0e97939928f8f4.png,psk-qam,synthetic,psk-qam-700-0-0,train,QPSK,Classic
datasets/waterfall/psk-qam/c304c05b0930514dc5a5db8c2dc7c18c8951814efcd357011f63c9775877101d.png,psk-qam,synthetic,8PSK-80172-0-0,train,8PSK,Classic
datasets/waterfall/psk-qam/5f210b81ab4e4d2de017cdf8459fd38de8e34d562ec220d6563e1b8a331d7a58.png,psk-qam,synthetic,psk-qam-50344-0-2,train,16QAM,WebSDR
datasets/waterfall/psk-qam/d4fc49a879b9cfb0a6ce805dbffbb997ff64b6d3311ca62ed506a9fa6639e7fd.png,psk-qam,synthetic,psk-qam-44109-0-1,train,QPSK,Inferno
datasets/waterfall/psk-qam/19a849e4aa8d0d59a4a8d16560a4b7248b5b0837755a5c2e71bc29b994986d39.png,psk-qam,synthetic,psk-qam-44108-0-2,train,32QAM,Grey Scale
datasets/waterfall/psk-qam/b87ac3de5671cdc68b082841e5c7876ff5a455d8a71c38b4d814e67c59679b61.png,psk-qam,synthetic,32QAM-65771-0-1,train,32QAM,Classic
datasets/waterfall/psk-qam/43fff0e05be10cd9f29565f0d73a14dab1a5d86295a3d6aa5ecb314c98a778a0.png,psk-qam,synthetic,32QAM-80172-0-2,train,32QAM,Classic
datasets/waterfall/psk-qam/f56cb0632e48689617a761324ed2970307cc598684978b9268a4392731dca481.png,psk-qam,synthetic,8PSK-62774-0-2,train,8PSK,Classic
datasets/waterfall/psk-qam/107fd2b09b48a7cf6fdb39f0f50b04517da6cb0ec00e4247cd4557645b729622.png,psk-qam,synthetic,psk-qam-700-3-0,train,QPSK,Classic
datasets/waterfall/psk-qam/5b8d9afb3555910fb37f8d4a16c8363370631761a72451a8059179b3d8201f0b.png,psk-qam,synthetic,32QAM-66418-0-1,train,32QAM,Classic
datasets/waterfall/psk-qam/1fdad8756dbc2796e6a7c5ecc25b7631f6fdcb6e2998a3cade8cdf9ce838ff59.png,psk-qam,synthetic,psk-qam-44111-0-2,train,32QAM,Plasma
datasets/waterfall/psk-qam/db5c35f994848650c08eb3a4102d2026bb934047dd6fb7524bece3098e3cd881.png,psk-qam,synthetic,psk-qam-700-2-0,train,BPSK,Classic
datasets/waterfall/psk-qam/cce0a1c11e6510eae52d2dbe5d494958a676bc1a35ef4f62f86fa50f244d1e8e.png,psk-qam,synthetic,8PSK-63752-0-2,train,8PSK,Classic
datasets/waterfall/psk-qam/e46061a44d3d7e28b8c225152ab91df2ef80440f92ca5bb1ccb3b9b5f0b500b4.png,psk-qam,synthetic,16QAM-61881-0-1,train,16QAM,Classic
datasets/waterfall/psk-qam/7c6032fd2b83dbe8157b46239cc56c98ce42d7c5146fffdc18568cf7929bfb1f.png,psk-qam,synthetic,8PSK-73311-0-1,train,8PSK,Classic
datasets/waterfall/psk-qam/c6233068ad0a4302ed57985ddfb11da22935a359a7454f020fac574a26c598b9.png,psk-qam,synthetic,16QAM-73311-0-0,train,16QAM,Classic
datasets/waterfall/psk-qam/1488fff0f52209fe4c07d91a0665ebcdaea8eac20b81933d7382e3547fc397a3.png,psk-qam,synthetic,8PSK-61881-0-2,train,8PSK,Classic
datasets/waterfall/psk-qam/72ececf71efea1029b9aee882f4cb8f3788f3c392db76a673b8783061d6fc9ba.png,psk-qam,synthetic,8PSK-73310-0-2,train,8PSK,Classic
datasets/waterfall/psk-qam/bcdd2611168b54b33bc87af3950c402bf0e0085a98eb10751c874a34c8e4702c.png,psk-qam,synthetic,psk-qam-700-2-2,train,BPSK,Classic
datasets/waterfall/psk-qam/41370c3d48f24b10316809886099fca6045d9e14e7215036fc6a82e3c77d68ff.png,psk-qam,synthetic,psk-qam-700-2-1,train,BPSK,Classic
datasets/waterfall/psk-qam/93c4de2c27f82bbadaee30d96d4adbcfb93d82db93941a428448dcfdbfebaf66.png,psk-qam,synthetic,32QAM-62774-0-1,train,32QAM,Classic
datasets/waterfall/psk-qam/dc21928cd6dc0de50412e91643b1097fa2d3926837931b96fd987d3309ed72a7.png,psk-qam,synthetic,8PSK-63752-0-0,train,8PSK,Classic
datasets/waterfall/psk-qam/40e6fe07dc14f2ae8c5c585537ed739f67a35b19e886b86e9c4c509f2563ad10.png,psk-qam,synthetic,psk-qam-700-3-2,train,BPSK,Classic
datasets/waterfall/psk-qam/987ca7f83eebafaccac82ad64ea7fae95669e72c780fe7e2e25b24da1fb7d9e4.png,psk-qam,synthetic,psk-qam-700-2-0,train,QPSK,Classic
datasets/waterfall/psk-qam/7203cc58076cbd5b91f8c976770859adb87f212a4d13db335ae639f51036207a.png,psk-qam,synthetic,32QAM-73311-0-0,train,32QAM,Classic
datasets/waterfall/psk-qam/2eea08ff9d49608a65afcd24d723a6b5282593c20c90728161fba5bd6c825975.png,psk-qam,synthetic,32QAM-73310-0-0,train,32QAM,Classic
datasets/waterfall/psk-qam/262232948d5d8f9f51125ae3978a2bf9fcc8503e2fdb78002dcff61e78e1e33c.png,psk-qam,synthetic,8PSK-66418-0-2,train,8PSK,Classic
datasets/waterfall/psk-qam/9348da68f7d148272ffbf9362c7661e7c9d3d144e2e3279a0de22e653d45eb6b.png,psk-qam,synthetic,psk-qam-700-2-2,train,QPSK,Classic
datasets/waterfall/psk-qam/0a7f2533396e34803af2112aa985951af7874f2a24acd223f36017a054d39ad6.png,psk-qam,synthetic,16QAM-63752-0-1,train,16QAM,Classic
datasets/waterfall/psk-qam/14646887abed410027c4e5bd4a2cf9ace9dc74fee3219ff39786313565b2cdad.png,psk-qam,synthetic,32QAM-80172-0-0,train,32QAM,Classic
datasets/waterfall/psk-qam/d63c1ecd8916ce7a950eec696e0848c319360f7bd5a23ac6e42786f8299ae453.png,psk-qam,synthetic,psk-qam-700-0-0,train,QPSK,Classic
datasets/waterfall/psk-qam/31f873ed71ffc0716ad883bb46c2df96453cea782c60e64dc4e35626c99b1db6.png,psk-qam,synthetic,psk-qam-700-3-1,train,BPSK,Classic
datasets/waterfall/psk-qam/87ba7b3cc939ed6152285c1a0ab10dca6530da6f447fb1b528a8c15e6209678f.png,psk-qam,synthetic,psk-qam-44107-0-1,train,8PSK,GQRX
datasets/waterfall/psk-qam/5a874f4d883360211e5e09872a83dde827add8c8cf04d2928786c5f46a9c5874.png,psk-qam,synthetic,16QAM-73310-0-0,train,16QAM,Classic
datasets/waterfall/psk-qam/a4658a58ce966bc03d44360162313933b666b670798d30e64331942ac4bae51c.png,psk-qam,synthetic,32QAM-73311-0-2,train,32QAM,Classic
datasets/waterfall/psk-qam/dd3887dd0762dde1eb8f8069b587dddf0fdf7c82c3486a75f0630dfbef0efe57.png,psk-qam,synthetic,32QAM-73312-0-0,train,32QAM,Classic
datasets/waterfall/psk-qam/656ae8f1ff52c685ba37bd5b19f341af13d41960c211da118cdb68f25644f941.png,psk-qam,synthetic,16QAM-63752-0-2,train,16QAM,Classic
datasets/waterfall/psk-qam/450426cb7a8756150b3384e56b6f8b6e605b7fc7638bbe7b8fb21ac4864fb4e0.png,psk-qam,synthetic,psk-qam-700-0-2,train,BPSK,Classic
datasets/waterfall/psk-qam/aae1ab9b513a49b4e9c5b3b70f65074536d31a73008cf9a5a84901364b66b8fd.png,psk-qam,synthetic,psk-qam-700-0-2,train,BPSK,Classic
datasets/waterfall/psk-qam/95ce365a2a4303ab99a4996a23e67697a2e4e3bca23afa48e65c78f6551cde56.png,psk-qam,synthetic,psk-qam-700-1-0,train,BPSK,Classic
datasets/waterfall/psk-qam/91984fdd7bdb477f13a54f0259ec272d479a146c1f3961f7720d92b87942869e.png,psk-qam,synthetic,16QAM-301-0-0,train,16QAM,Classic
datasets/waterfall/psk-qam/b9ae8980af3e1d4932177f472d349cd6d1d472e6a16294026648622beb44a825.png,psk-qam,synthetic,8PSK-80172-0-1,train,8PSK,Classic
datasets/waterfall/psk-qam/c1f1a4dc1d5a0ae312e0e01301f34a62de7aad3207991215b07313e30b5c6c1c.png,psk-qam,synthetic,8PSK-73311-0-0,train,8PSK,Classic
datasets/waterfall/psk-qam/76d046fb36c6b21f4ae361769cceb7e37af1043f5f93afe885888ee7ac6c479e.png,psk-qam,synthetic,8PSK-61881-0-1,train,8PSK,Classic
datasets/waterfall/psk-qam/2bfeb2ef85bba049f8ba984c3568d6fb562445fd0aa456100bb9b0172ee2cb9b.png,psk-qam,synthetic,psk-qam-700-1-0,train,BPSK,Classic
datasets/waterfall/psk-qam/0c89c555c16203f53601e198290763518b76c9fb15eca01b185f36c2f8b9a24a.png,psk-qam,synthetic,16QAM-73310-0-2,train,16QAM,Classic
datasets/waterfall/psk-qam/d78bd87cc66bef588480688bb57bbd92761ff56a204ee34d75956dbb3d5026b3.png,psk-qam,synthetic,32QAM-66418-0-2,train,32QAM,Classic
datasets/waterfall/psk-qam/f996b56a9ff4ddde9d2a3d6f64c8b656c88b9145a54c2e9a1a33f9fd5bdcd815.png,psk-qam,synthetic,psk-qam-700-1-2,train,BPSK,Classic
datasets/waterfall/psk-qam/5b5dd464735e0fb227d6f80494427cf6a090fb61ff4f8e29be24a84c181f5b9e.png,psk-qam,synthetic,32QAM-73311-0-1,train,32QAM,Classic
datasets/waterfall/psk-qam/6ba413d474688bf215854c2d239ba094b51e3c3601b0e802396601e93a98810a.png,psk-qam,synthetic,32QAM-66418-0-0,train,32QAM,Classic
datasets/waterfall/psk-qam/ba2611dcf0b270cb925253c1b1cb7d06586085af4f35c6d47778cda9b5555621.png,psk-qam,synthetic,32QAM-66416-0-2,train,32QAM,Classic
datasets/waterfall/psk-qam/34e97301db818ba11704662fd92e794920b03400bd69ea9cf5f1e74293d74cb8.png,psk-qam,synthetic,psk-qam-700-1-1,train,BPSK,Classic
datasets/waterfall/sstv/9e805f90f66dd2842fcdc1b616eba9761d516d2780a595c4534b911ef3586974.png,sstv,synthetic,sstv-66418-0-0,test,sstv,Classic
datasets/waterfall/sstv/6cbc663e8e214fe47ec242563c559b34ab230f023a277d41671c5cc0a8f9533f.png,sstv,synthetic,sstv-50344-0-1,test,sstv,Temper Colors
datasets/waterfall/sstv/40478b38b05833a996ec74999c5686d286b41059fb40e87a8f58f3d98e55f5a4.png,sstv,synthetic,sstv-87304-0-0,test,sstv,Classic
datasets/waterfall/sstv/effa0e9851188628fd3d16031445bf69df7ca39b3d502e76d919df145dfc8baa.png,sstv,synthetic,sstv-44108-0-0,test,sstv,WebSDR
datasets/waterfall/sstv/e1c8d6c5106badd064e6033243a59681bf4e5ed541620b11b060e4a89bffe259.png,sstv,synthetic,sstv-1669-0-1,test,sstv,Classic
datasets/waterfall/sstv/227db758c075edfc35f273122607df742741a4c37bcf041599bffa4ecc23a9ca.png,sstv,synthetic,sstv-1670-0-1,test,sstv,Classic
datasets/waterfall/sstv/0586482b5c7a7ad2ce092bf15e632783ddd6615dd111465b94c7f05830450999.png,sstv,synthetic,sstv-44107-0-2,test,sstv,Vivid
datasets/waterfall/sstv/64f15718c255dc97b6ad0b171f50199ca6f60ec043307a53a3225dc259feca04.png,sstv,synthetic,sstv-94729-0-1,test,sstv,Classic
datasets/waterfall/sstv/bc82154f4d50f27037a6091ea734e42b63566bc163e84d325dfbaacaffd8b8b9.png,sstv,synthetic,sstv-94730-0-0,test,sstv,Classic
datasets/waterfall/sstv/969c28b83c8bf4a21c4d5fc2c4d13586cf49a921299ec9e00873016c9f66e7c5.png,sstv,synthetic,sstv-87304-0-2,test,sstv,Classic
datasets/waterfall/sstv/f150fd559e14ad154fb88b4660da2e320e4c74b2788a49d5120fcc4547928fa0.png,sstv,synthetic,sstv-66416-0-1,test,sstv,Classic
datasets/waterfall/sstv/0ef222e0806fb9eaa5174b5fb2337cba7853956296e7fd8f44eb05420c05ed42.png,sstv,synthetic,sstv-94731-0-2,test,sstv,Classic
datasets/waterfall/sstv/0bce0a940217a789854df60640ec121b78e843afddcc144587aef97a570d982e.png,sstv,synthetic,sstv-73310-0-1,test,sstv,Classic
datasets/waterfall/sstv/cc11baa0c5a8f34981a1df98921964fbc3ace076e57f3f70befd26e70ff191f2.png,sstv,synthetic,sstv-94729-0-1,test,sstv,Classic
datasets/waterfall/sstv/25b2f38ff1c9c328bfb1b0a2c3e0fce96148ebda4f5ada4f8a78daafa9d7386f.png,sstv,real-old,legacy-sstv-7x12,test,,
datasets/waterfall/sstv/653044dad9c90a31cdad8f100e9b8beaae8c307b32e5bb0f5b27d17a31dc4ba9.png,sstv,real-old,legacy-sstv-11x14,test,,
datasets/waterfall/sstv/f73be5a57fc342653b53fe86865b75675a6bda3f5b5e43596e94adc69df23612.png,sstv,synthetic,sstv-94728-0-1,test,sstv,Classic
datasets/waterfall/sstv/6f52cc94ac5f8a69106d73b7ab84188db62294d50e1336aa2ab395893e48ec08.png,sstv,synthetic,sstv-87305-0-1,test,sstv,Classic
datasets/waterfall/sstv/1c973ef0f35e4b646819f4ad5cda26d2fb29d9b4ab2a37c53d5fe3a4ac279b6e.png,sstv,synthetic,sstv-66418-0-2,test,sstv,Classic
datasets/waterfall/sstv/c79270035a1aa0c6397e5e21a4d5e22908a9d33249e04dced3b2517ca3d83e28.png,sstv,synthetic,sstv-73310-0-0,test,sstv,Classic
datasets/waterfall/sstv/31dae17b808cfdc66620a325075976c6409ae06c44e59ebf9e4a8fbcb13b4254.png,sstv,real-old,legacy-sstv-11x14,test,,
datasets/waterfall/sstv/ca82de07e09077f6746592b0e947b50cd7f6aed6f32dd42c54bb3b1476cc4ea8.png,sstv,synthetic,sstv-301-0-0,test,sstv,Classic
datasets/waterfall/sstv/164c396ec9654d97f89c5531d7eabe61f33f9c5b74a1120397a2211e7064fd6e.png,sstv,real-old,legacy-sstv-11x14,test,,
datasets/waterfall/sstv/0191bde388e34269e69e5656e035ecf94ef94ce151e50f32c63891b71dadde14.png,sstv,synthetic,sstv-73310-0-2,test,sstv,Classic
datasets/waterfall/sstv/0c1b834bc381c263d994d0df95d708c2cae10e77fe3b71f54d60a25b196ae793.png,sstv,synthetic,sstv-73312-0-2,test,sstv,Classic
datasets/waterfall/sstv/c6751269bc6381b534322e1cc0388e9ada50d2b50d58510c025ac109bbb5109f.png,sstv,synthetic,sstv-1670-0-2,test,sstv,Classic
datasets/waterfall/sstv/9412b14614f8cc3ffb4e1dc66a563c11fb891d724eede1f39524a22ed3eef606.png,sstv,synthetic,sstv-80172-0-0,val,sstv,Classic
datasets/waterfall/sstv/5b7e6afb152ea43ed351355ab776ffd675503e87008ed87f678aea8f6f7022f9.png,sstv,synthetic,sstv-50343-0-1,val,sstv,Smoke
datasets/waterfall/sstv/18f2368dc1a22ffe165185a8cad497494fbb365037469819262392636cef11f4.png,sstv,synthetic,sstv-83463-0-2,val,sstv,Classic
datasets/waterfall/sstv/bdcef17abc5adbeb1bf458bd2eb40799235e4e205ef5d70c41b32c34954bed9d.png,sstv,synthetic,sstv-83464-0-2,val,sstv,Classic
datasets/waterfall/sstv/16c60ca29b237204a73273413c179410cf8b50b12e6a430fa2790afc007b3e16.png,sstv,synthetic,sstv-73311-0-1,val,sstv,Classic
datasets/waterfall/sstv/2a61465179c3bf8ce692819e5f24ba7a11944d41997c1dcff2517c587946e7ea.png,sstv,synthetic,sstv-1668-0-0,val,sstv,Classic
datasets/waterfall/sstv/d05e1bfd959bdbc70e8335c84adfe630b547af2a1c8c882fbe134fdc4737ca01.png,sstv,real-old,legacy-sstv-11x14,val,,
datasets/waterfall/sstv/35b0414779028594d433226ea0d6499ca45b36779f82e16f75e792e027fc2667.png,sstv,synthetic,sstv-73312-0-0,val,sstv,Classic
datasets/waterfall/sstv/57195dcae9e668e72e596f187a4c0d2f445be78a2fec08073549bc9a566b7fd2.png,sstv,real-old,legacy-sstv-11x14,val,,
datasets/waterfall/sstv/bfc5e71261e3f6f6c96f73073f1a0e631c6fd03a97b158bf27081be1ce327658.png,sstv,synthetic,sstv-1667-0-1,val,sstv,Classic
datasets/waterfall/sstv/76e65b0661acc4c85ffc6c00a0f58aec013b235318eb00ee8a40cb0531fcb44b.png,sstv,synthetic,sstv-66417-0-2,val,sstv,Classic
datasets/waterfall/sstv/a6fecb3ded34aad6141f5182a879687a1895f6bcf4328fca0eedb557e19b85a9.png,sstv,synthetic,sstv-66416-0-0,val,sstv,Classic
datasets/waterfall/sstv/c22f1355df93f700364ff6dc54bcc2e1eae0824c8e5e963f7174951e692ad8b1.png,sstv,synthetic,sstv-44110-0-1,val,sstv,Electric
datasets/waterfall/sstv/da8958d2cdf936ff64bfe57ae781a61ef80215f95dc1eeac1ea52e5451708511.png,sstv,synthetic,sstv-44107-0-1,val,sstv,Vivid
datasets/waterfall/sstv/6684185415825e60c21bde6a83f41b9a17ca0502d77666f5b8416013a6ed1484.png,sstv,synthetic,sstv-44108-0-1,val,sstv,WebSDR
datasets/waterfall/sstv/7b9b732aeccc555bf2a76b52ca211d453d801a976ef33e807acdbacbc0c96b2c.png,sstv,synthetic,sstv-66416-0-0,val,sstv,Classic
datasets/waterfall/sstv/ec545bd3783b677bb5f2dd8bbb77d6d7946e1d9569fcf8d38b0ba7375f3556ec.png,sstv,synthetic,sstv-66417-0-0,val,sstv,Classic
datasets/waterfall/sstv/597b17d1c33acd3e92c02f67f10a3cf4d0e02cb8de39ce1ff0beb922f17b4b30.png,sstv,synthetic,sstv-87305-0-0,val,sstv,Classic
datasets/waterfall/sstv/529db7d3b30dd086cd922b5145dce0c214bc2b9e874d748d16e4a0e2cf6b2dcc.png,sstv,synthetic,sstv-94730-0-2,val,sstv,Classic
datasets/waterfall/sstv/c486ab1ffcf54cff5d8e220f96491c5087666c583134ad7508609b060cec312f.png,sstv,synthetic,sstv-87305-0-1,val,sstv,Classic
datasets/waterfall/sstv/7d6dfb48c233e5aef8ccdd1a179139c63d593b97ce500a7f4f619e185604f693.png,sstv,synthetic,sstv-87304-0-1,val,sstv,Classic
datasets/waterfall/sstv/264d0fef9ac69fc4a930aa26d176d05cf3d2b52269c828d7c9d12ef5a235301f.png,sstv,synthetic,sstv-1670-0-0,val,sstv,Classic
datasets/waterfall/sstv/19f015cb902ff1c407889b4b9fc7ef2254f745268e42e7fd00bae3193f8e398f.png,sstv,synthetic,sstv-73310-0-0,val,sstv,Classic
datasets/waterfall/sstv/655cb86ef70be892fafd5a6ebb81f8a1ef9743834dd06f9ffae854c7e766a65e.png,sstv,real-old,legacy-sstv-8x14,val,,
datasets/waterfall/sstv/9ff7d7c5a28bce9473e7dcf9495dd8e31ec870302668c21eda7477357f3aebe0.png,sstv,real-old,legacy-sstv-11x14,val,,
datasets/waterfall/sstv/25a38a4d3f46ec4e52f8d47d7c52e8d29f26fad5c6faf6b339321de310ef082f.png,sstv,synthetic,sstv-44110-0-0,val,sstv,Electric
datasets/waterfall/sstv/ca7ce37c48496bfbe33288c9df017e25c1991cf160db6b3b65acaa6a8b580e5b.png,sstv,synthetic,sstv-1669-0-2,train,sstv,Classic
datasets/waterfall/sstv/32cd87c0d792466b305ae0a42b233e248ed0b093b4e7314843135e56adf8e5ff.png,sstv,real-old,legacy-sstv-11x14,train,,
datasets/waterfall/sstv/d6aff1ff5ae0271cd5f5b1888d1768a1ce6773b7ee86da97499d79fabca5116f.png,sstv,synthetic,sstv-50343-0-2,train,sstv,Smoke
datasets/waterfall/sstv/82a311ba5c6e6f40775f9c1ca7258da7ab50bf2c07b38c651b53e6d30846d69b.png,sstv,real-old,legacy-sstv-11x14,train,,
datasets/waterfall/sstv/4d5a39e270eab2e71a6e69b82e3b5577862a510e1c8a010be66b632f183cace6.png,sstv,synthetic,sstv-1670-0-2,train,sstv,Classic
datasets/waterfall/sstv/943c6227e3ad0fab84343b1ec7088ae2834d25a7f467c7c3d92f7d75c89b12e1.png,sstv,real-old,legacy-sstv-6x9,train,,
datasets/waterfall/sstv/bff4021ea646601b15fb411f206e513586d67946169e26d7622a006acdb7f78e.png,sstv,synthetic,sstv-50344-0-2,train,sstv,Temper Colors
datasets/waterfall/sstv/2006897eb1b4d4205a380532367093d8e3b7d52c2c4d0d33cf56f0403d7e218e.png,sstv,synthetic,sstv-73312-0-1,train,sstv,Classic
datasets/waterfall/sstv/3434cda8668369b97257d753184329416cf28d1555019ffb7e3986d6f6ef7543.png,sstv,real-old,legacy-sstv-11x14,train,,
datasets/waterfall/sstv/d3bd53d22dc2b50c1987f06482f5f7c3920c70b517887ee34cef936a655260b6.png,sstv,real-old,legacy-sstv-11x14,train,,
datasets/waterfall/sstv/e78208cd93a98c7e6bd3a71dd71694706b1e0fe627355ef1e8530c2680fd5aa1.png,sstv,synthetic,sstv-1668-0-0,train,sstv,Classic
datasets/waterfall/sstv/ed79efc51d1fd0fa4ec088fbf9594dc57519774631e5920cf88492f44ac1cc2e.png,sstv,real-old,legacy-sstv-11x14,train,,
datasets/waterfall/sstv/ac10cabcc37461c0f1da86359d8b36ac531b7697bce28acb62886a33a554a2e4.png,sstv,real-old,legacy-sstv-11x14,train,,
datasets/waterfall/sstv/1ce8c0bcf7d745d25eca3e29ce588fd406d21e563ef9af21816f5afa921ffab6.png,sstv,synthetic,sstv-87304-0-0,train,sstv,Classic
datasets/waterfall/sstv/56711d5881372733c6af53bced4d4f77e1be3314cd35e003ffdce108b8aee2ac.png,sstv,synthetic,sstv-66418-0-1,train,sstv,Classic
datasets/waterfall/sstv/c85f96fc8b959e5e228ab03d24a0078c5ab2c8e8b76b1149085c0e570df958fb.png,sstv,synthetic,sstv-66418-0-1,train,sstv,Classic
datasets/waterfall/sstv/d4a40d9d87219a2e799b817c9f02ef34a7798cd5555a76281ee078027654bf17.png,sstv,real-old,legacy-sstv-7x12,train,,
datasets/waterfall/sstv/fc2357159480a721348c85f83e1180afce3f98a1533e3e8fd07e9feed4a05027.png,sstv,synthetic,sstv-66417-0-1,train,sstv,Classic
datasets/waterfall/sstv/cccab9ea4a2e0ec97821127aee5c77f76ba920f10caa5fec153f5ecca51a703a.png,sstv,synthetic,sstv-87305-0-0,train,sstv,Classic
datasets/waterfall/sstv/f25539f0394e5459598a802f32d8cb7652a011bf7482c359988cf0e9bf74f56c.png,sstv,real-old,legacy-sstv-11x14,train,,
datasets/waterfall/sstv/aa2a1085a9b8af601888eb27ec555a4f13184c9c57a604d8152aea4e24796a20.png,sstv,real-old,legacy-sstv-8x14,train,,
datasets/waterfall/sstv/6117a1e21feaa72be04a47a799b6372cc4b5b8100eeb60216df57e03d83ee751.png,sstv,synthetic,sstv-44109-0-1,train,sstv,Classic Green
datasets/waterfall/sstv/2e4a82135ffbb2806e83df9303d1e14dc6e571e9bc84213e7ced3fa564f7d9c0.png,sstv,real-old,legacy-sstv-8x15,train,,
datasets/waterfall/sstv/701648b9de5dd573fc13143e79d2b57b144e6381be8549a7fa9ea920de75a68d.png,sstv,synthetic,sstv-73311-0-0,train,sstv,Classic
datasets/waterfall/sstv/47e659e594099277d4c9280ef92dacc9cf90ca33a51854b108e7d19a4e121d76.png,sstv,synthetic,sstv-94729-0-2,train,sstv,Classic
datasets/waterfall/sstv/1e4e2e6e96687be26f241721a861363e1b438f07a1b337bd983785b33988182f.png,sstv,synthetic,sstv-94730-0-1,train,sstv,Classic
datasets/waterfall/sstv/c01b543a780419000a59ffecb908e038876cee50f70656e5692fbf48899ad077.png,sstv,synthetic,sstv-83464-0-2,train,sstv,Classic
datasets/waterfall/sstv/27c6a18091806d1a426926886f31b413f43f8c9ad312390157ac459252ebcd6f.png,sstv,synthetic,sstv-50344-0-0,train,sstv,Temper Colors
datasets/waterfall/sstv/f93df379bf9d31a372af767c653f5dd0705fe51f5ce9f638120c6bafcdd9bcf9.png,sstv,synthetic,sstv-1667-0-0,train,sstv,Classic
datasets/waterfall/sstv/fc61fcf4fe3a3092bcb1657b55f9a5badcea6f204394228a88c2c9c28a50cdf3.png,sstv,synthetic,sstv-94730-0-1,train,sstv,Classic
datasets/waterfall/sstv/d46c9d4c67aca63c31bf8fa4a1accf7b7fc737d95c16381bce85afec0dd3cd56.png,sstv,synthetic,sstv-44107-0-0,train,sstv,Vivid
datasets/waterfall/sstv/08f3e948cb9ffa944719950d6b707325511a5350ebdb18b74a26a641bb5ac0ef.png,sstv,synthetic,sstv-73311-0-2,train,sstv,Classic
datasets/waterfall/sstv/265346c3c1c960322be136e91e2e498723e2a3d158c1f9b2c13fa3b4c1b1a424.png,sstv,synthetic,sstv-73311-0-2,train,sstv,Classic
datasets/waterfall/sstv/f4a1e59532d898da1442168bf48a8cee3e63b6efa14b658e3b903a704a8ff795.png,sstv,real-old,legacy-sstv-11x14,train,,
datasets/waterfall/sstv/7274da169034c079dee4a8a80db21fda55e032a9b2fd010a3b56373c0d4840c1.png,sstv,synthetic,sstv-44108-0-2,train,sstv,WebSDR
datasets/waterfall/sstv/2ef5cbb7f4a8b2eb5b8be3993a8578d1db40e350b4cbb706062550e3517b50f9.png,sstv,synthetic,sstv-66417-0-1,train,sstv,Classic
datasets/waterfall/sstv/8377f5b17e2a976ce77e0cb8ed33a485ca3c912a60912e43967eb92496554848.png,sstv,synthetic,sstv-83463-0-1,train,sstv,Classic
datasets/waterfall/sstv/6d5f07936b53225a35a3f5a9da04efeb9c53ce36a0a34d9823df92468d7356dd.png,sstv,synthetic,sstv-1669-0-0,train,sstv,Classic
datasets/waterfall/sstv/2050f33b6dc0c656be6b58849e834b1e6d185c683a5d95ec86c7bc9a8fe58d0e.png,sstv,synthetic,sstv-87304-0-1,train,sstv,Classic
datasets/waterfall/sstv/bd35c686b8d3f1793d0cd2f7a45ef4bb5e87bb2d550e2afaef9ec5b8d5ecb26b.png,sstv,real-old,legacy-sstv-11x14,train,,
datasets/waterfall/sstv/e842cff8131253968cce783cdfd263c8e138e1f90cb11dbe85e198637dd14496.png,sstv,synthetic,sstv-94731-0-2,train,sstv,Classic
datasets/waterfall/sstv/d8200be49f1f78fd0a9939675e5fef0d79874c4978d70fc181ec74a5b3890b54.png,sstv,synthetic,sstv-1670-0-0,train,sstv,Classic
datasets/waterfall/sstv/9f29e223a4c37e5a88cb958e6ae76c429ea019cddf9d50f0b388bad8365836e3.png,sstv,synthetic,sstv-94728-0-2,train,sstv,Classic
datasets/waterfall/sstv/ff8ee8bb95faec41c3b2e1bbcf5b563ab2fd52f11410c6aa8fabc422c200b132.png,sstv,synthetic,sstv-1669-0-2,train,sstv,Classic
datasets/waterfall/sstv/3606fdffd3cdb1694b98250a0962048c4cecac47245cf6e2f76578a79d15e5cb.png,sstv,synthetic,sstv-1669-0-0,train,sstv,Classic
datasets/waterfall/sstv/5a182400d90628a6433fe0387eabba41a5c25713aafa660a6e2441f1fd4d476f.png,sstv,synthetic,sstv-73312-0-2,train,sstv,Classic
datasets/waterfall/sstv/d8cd4fa73cbd24a47f1f7a670b1a69d4d6f73b8c906318d958518ffc67c85712.png,sstv,real-old,legacy-sstv-11x14,train,,
datasets/waterfall/sstv/3fcaec2aad447674a0aad7337ec8139f843ea2897f4f70d1d824f67eb80cb3bd.png,sstv,synthetic,sstv-73312-0-0,train,sstv,Classic
datasets/waterfall/sstv/97c1861afed1a99883e72fe48355563f0b56d23ae3e4e9b82f6ebf9ed42ce886.png,sstv,synthetic,sstv-87304-0-2,train,sstv,Classic
datasets/waterfall/sstv/84af0e451b7edda4462ba4d0f8d5528ffef8fd680bde03cf6c7405b0010562c9.png,sstv,synthetic,sstv-83463-0-2,train,sstv,Classic
datasets/waterfall/sstv/7150721523ab44f441273663052a7bf92036d34121c0dcddb8e0a5aa3c8f385c.png,sstv,synthetic,sstv-87305-0-2,train,sstv,Classic
datasets/waterfall/sstv/47d27f1ad7b76339e05354ba64f4eed1cb5330c4040b3a6880eb4c55635f93ea.png,sstv,real-old,legacy-sstv-25x14,train,,
datasets/waterfall/sstv/0947ce06a2db5489aee939d3654e5ae1de766b158f6d204e8649a0af98fec410.png,sstv,synthetic,sstv-83463-0-1,train,sstv,Classic
datasets/waterfall/sstv/38e1bf7cb0c4783ac8fa19769014924be7830b1809c5eaf487fc7579ba523a9f.png,sstv,real-old,legacy-sstv-9x14,train,,
datasets/waterfall/sstv/23a74db5f2a05a7c313d809e077fd43fb3d01fbeff4c348ee8eb02185c6635de.png,sstv,synthetic,sstv-83463-0-0,train,sstv,Classic
datasets/waterfall/sstv/b4b16e5e3831b79660a1ac94ae2da3160aa1add67e226ad8143b06cbee5dce7d.png,sstv,synthetic,sstv-94728-0-1,train,sstv,Classic
datasets/waterfall/sstv/41976b1651a82ecd431be2765066237eccd148f81b0dec5499dea1311ee1ac4d.png,sstv,real-old,legacy-sstv-11x14,train,,
datasets/waterfall/sstv/762695633d54e8414ed3d18c23497af40497667af3eb8075bcb8a0878133d83b.png,sstv,synthetic,sstv-83464-0-1,train,sstv,Classic
datasets/waterfall/sstv/8dc09712e22e0769d63dc8af5ff3763d12635c0ada4dfef802074d1a9021e117.png,sstv,real-old,legacy-sstv-11x14,train,,
datasets/waterfall/sstv/4f5a50bc6407b8d53315d12335fafa6817ee0f5d866e73699357eefbb13a9e00.png,sstv,synthetic,sstv-80172-0-0,train,sstv,Classic
datasets/waterfall/sstv/7433f86074d79ac334a05eb298461945eb42f31ec1f37dc9eb3be1bd6ad758d4.png,sstv,synthetic,sstv-94729-0-0,train,sstv,Classic
datasets/waterfall/sstv/85b497fa6414a384140aaf65461db33e8409486eb65e535b876a6ba019ac1db0.png,sstv,synthetic,sstv-73311-0-1,train,sstv,Classic
datasets/waterfall/sstv/87be0b9ae221b77758fe890ba055aa4491b64d0267d63de2aaa3621ce12f3c9f.png,sstv,synthetic,sstv-94731-0-0,train,sstv,Classic
datasets/waterfall/sstv/a1b4b9912fb11e1c182b08c26aaa111073a52617ff60a3e1f726a9e8d02cd1b4.png,sstv,synthetic,sstv-50343-0-0,train,sstv,Smoke
datasets/waterfall/sstv/367cfc77cdd5d47522b6f2c3021ab8aa1dfc2a45babb552087b01ce851046c65.png,sstv,real-old,legacy-sstv-11x14,train,,
datasets/waterfall/sstv/0da688b926dbb110c526d4f857ea2ee1400f11c0fc9f60b3dc9d5bff6fdc1e01.png,sstv,synthetic,sstv-94729-0-2,train,sstv,Classic
datasets/waterfall/sstv/67d6855c413e8b360c94ea8bae04073cbb1e0d055e51dddc8efb3727beaaff3c.png,sstv,synthetic,sstv-73310-0-1,train,sstv,Classic
datasets/waterfall/sstv/766fd236e6fe1b15dd21e642c139fc5cc458ced8ce7940350d86be3a4e89f0e6.png,sstv,synthetic,sstv-83464-0-1,train,sstv,Classic
datasets/waterfall/sstv/ab659c7f2762dfecae7ffc7b03fa733c4d4374daa1d5d432d6a133fd92f6043e.png,sstv,synthetic,sstv-1667-0-2,train,sstv,Classic
datasets/waterfall/sstv/5897973bdbd0725b1f2f2b4be07c94b823a417985549c352c7d96edfdeebbd02.png,sstv,synthetic,sstv-44110-0-2,train,sstv,Electric
datasets/waterfall/sstv/546fae7d05f5629c00cad5526a63827804256bdfb5a38e633c8e1412b00c0fda.png,sstv,synthetic,sstv-1667-0-2,train,sstv,Classic
datasets/waterfall/sstv/3007ee2771e6eaddf6efb629977fe13d799c8a7edbe66450777382ed00c0bc8d.png,sstv,synthetic,sstv-73310-0-2,train,sstv,Classic
datasets/waterfall/sstv/3ae292fb993d57d22fa90dda085ec48963d1aa08c4a811c83d07c4d0f7dc0777.png,sstv,synthetic,sstv-1668-0-2,train,sstv,Classic
datasets/waterfall/sstv/ab211245fe756520b561dd6c1bccb6704ba185692aaa6df658ae26b3605a3eb3.png,sstv,synthetic,sstv-66417-0-0,train,sstv,Classic
datasets/waterfall/sstv/ed6d36aa1bda6bdb51d8c961457d000e59932052ab6a9a57c78c4fca5bc9443e.png,sstv,synthetic,sstv-44109-0-0,train,sstv,Classic Green
datasets/waterfall/sstv/8582ccabdfba5a2139652a47a95f3de37d9f0de410e698d502bccdc452df9a00.png,sstv,synthetic,sstv-80172-0-2,train,sstv,Classic
datasets/waterfall/sstv/2ca81270ab3fab8496a331b4089ba94da8db9f3ae3894bbc2188b9b7caf26c51.png,sstv,real-old,legacy-sstv-11x14,train,,
datasets/waterfall/sstv/4f67f5fd949b572a3dbea34d3312f78a100a9b2a87034e4ac198a687796269d8.png,sstv,synthetic,sstv-44109-0-2,train,sstv,Classic Green
datasets/waterfall/sstv/9e29d9ecfe30e8935040479857684efe4823e6020a76b4cf0bb2a63933dad3b7.png,sstv,synthetic,sstv-73312-0-1,train,sstv,Classic
datasets/waterfall/sstv/fa8d27e322736a8499522ef29bbb78b200cc96f71b3ae5fe14a95345837096aa.png,sstv,synthetic,sstv-83463-0-0,train,sstv,Classic
datasets/waterfall/sstv/cd489d73c9374ae83ebf2e1b206b12f7fbfd474d2ae6bdf9cd9da40c57261e08.png,sstv,synthetic,sstv-87305-0-2,train,sstv,Classic
datasets/waterfall/sstv/1640f525214c1a7e8979f860e3a96ad3bafd5893724aed5f3780b1edd5669f76.png,sstv,synthetic,sstv-83464-0-0,train,sstv,Classic
datasets/waterfall/sstv/84399066b713b534884b8a60791abe16bf5f83d98798b67d98f0d0cb6424de0f.png,sstv,synthetic,sstv-1669-0-1,train,sstv,Classic
datasets/waterfall/sstv/5c95e04dbc8af4bc9c90aa2c728bc4e3231639d7063b9ccdf05530bcdaa2ff3c.png,sstv,synthetic,sstv-66416-0-1,train,sstv,Classic
datasets/waterfall/sstv/6ae0994d6e86704eeaf86c58d6d07301505d34e00cb5b9309238537492ab4bf0.png,sstv,synthetic,sstv-94731-0-1,train,sstv,Classic
datasets/waterfall/sstv/cfc9f38a3a38e3137066bd01cd84557018102594ee868f2dcb0d0e613b2b317b.png,sstv,synthetic,sstv-66418-0-2,train,sstv,Classic
datasets/waterfall/sstv/858c8de9170ea71950bf1121ad9f2a85086be051bde7f42742a2e10588c58f2c.png,sstv,synthetic,sstv-66418-0-0,train,sstv,Classic
datasets/waterfall/sstv/9b62accc90709fc166481e48bf9549f1f06847d8f91099f90d806711a8a4b1d7.png,sstv,synthetic,sstv-1667-0-1,train,sstv,Classic
datasets/waterfall/sstv/48a3041f4f28fd8aebb129e73dd203a5ea7ba85fcde6fe66feb4848c0a9df581.png,sstv,synthetic,sstv-1668-0-2,train,sstv,Classic
datasets/waterfall/sstv/e192776aab1dda3d7e6d145c755e5bb603c774039dcdf5869d45c7972e720936.png,sstv,synthetic,sstv-94731-0-0,train,sstv,Classic
datasets/waterfall/sstv/49d9e2340f505926912a79611aae709ed150d1e474e7a8c7e5abf29562777b0a.png,sstv,synthetic,sstv-1668-0-1,train,sstv,Classic
datasets/waterfall/sstv/ad9ff6fec6fc0c3ac3e46b547bcfcf14bd3d936252d321212c1b454fc1a01821.png,sstv,real-old,legacy-sstv-9x14,train,,
datasets/waterfall/sstv/95219ff9218066ad5813475bf8c5d11df9f61881a0a3b89d95c1d24ffd7e2a1e.png,sstv,synthetic,sstv-94730-0-0,train,sstv,Classic
datasets/waterfall/sstv/503ff668bb76f0dbbeb05b885dfd6089b0ab988ecd1303d7c31a6291a675aac5.png,sstv,synthetic,sstv-80172-0-2,train,sstv,Classic
datasets/waterfall/sstv/e6d4dbbb54729f9ef44c0059590eded9f35afc6cd1a2ae566bae7af59d7176af.png,sstv,synthetic,sstv-83464-0-0,train,sstv,Classic
datasets/waterfall/sstv/0519c40afa3c019b379c91a3730cf851ed035a282ba06dcd3c2ac34304d6edaf.png,sstv,synthetic,sstv-1667-0-0,train,sstv,Classic
datasets/waterfall/sstv/6601eb85c91e3b0774ebb749c56f478d5db32237d186f4106ffe542c303c8966.png,sstv,synthetic,sstv-50345-0-0,train,sstv,Turbo
datasets/waterfall/sstv/04c8fff870c122a1c953f6141755689f0fcc9c091eccc2def97f7637030e7a97.png,sstv,synthetic,sstv-94728-0-2,train,sstv,Classic
datasets/waterfall/sstv/ba2417404d22585dda1ea4aa9d1001405aee9509d7f229b7b83ac80e25f344a6.png,sstv,real-old,legacy-sstv-25x14,train,,
datasets/waterfall/sstv/14b8e93b86e2d47da379299025a81e5dd3cc23d0510faa536f59e0774ad554f2.png,sstv,synthetic,sstv-1670-0-1,train,sstv,Classic
datasets/waterfall/sstv/0f195b81721eefb48d9a9feafdb6411d4e88ebfca07d38ee08762c612cc4f59c.png,sstv,synthetic,sstv-50345-0-2,train,sstv,Turbo
datasets/waterfall/sstv/6f1b982eaf0ae88156d43249308aa7a8441154966963ecc05f63f34275327ff6.png,sstv,synthetic,sstv-66417-0-2,train,sstv,Classic
datasets/waterfall/sstv/9876252076cba3efd012b0e2a3672402f7fee825d5088c5ffd6b839491d4aaa6.png,sstv,synthetic,sstv-80172-0-1,train,sstv,Classic
datasets/waterfall/sstv/ddb71281141a10c2229963dd58249fd974bf18ef8b89147fdaf09b2e96a41b32.png,sstv,synthetic,sstv-94728-0-0,train,sstv,Classic
datasets/waterfall/sstv/bd8d0ca1586d4add223bd61d56f64ba35bdaa7ed23a99d8fe6832a229d84ec90.png,sstv,real-old,legacy-sstv-11x14,train,,
datasets/waterfall/sstv/aefcad8817217c745e2f282a9bfc8fb7f32f567340d4be3f2310bbdc3304ef55.png,sstv,synthetic,sstv-66416-0-2,train,sstv,Classic
datasets/waterfall/sstv/a42821192c02fe8280c64b53389d4f33f61f53f9079a02c66b772ab689ac17e8.png,sstv,synthetic,sstv-73311-0-0,train,sstv,Classic
datasets/waterfall/sstv/f4f6aaf8245866556a1990455ed2f86eaf49ec77cc7a396a4a64c57cbe830bdd.png,sstv,synthetic,sstv-94729-0-0,train,sstv,Classic
datasets/waterfall/sstv/937dea1d5cb7c10852543da03abd5e45b6e51d1415e92fd7efe98af45269b169.png,sstv,synthetic,sstv-94730-0-2,train,sstv,Classic
datasets/waterfall/sstv/cf9d7edb2ef05ff488946f13da8bbc49e57e8c360c27c18b45414760f7bfd00c.png,sstv,real-old,legacy-sstv-25x14,train,,
datasets/waterfall/sstv/5f16f915925aeece95bdb41f2eb8e2a5a1ccd0ce0cc04a0157452013f87f7f2b.png,sstv,real-old,legacy-sstv-11x14,train,,
datasets/waterfall/sstv/6347c6aef3d0a5c0a66283f5c10ed231c6cdd17cf7e12ab3f410b61f51fc343b.png,sstv,real-old,legacy-sstv-11x14,train,,
datasets/waterfall/sstv/bee8fd461e6c0c64d5a444184255ecc3d7980cd75f89349db90f1b11d7da5da2.png,sstv,synthetic,sstv-94728-0-0,train,sstv,Classic
datasets/waterfall/sstv/45b7f18d64c26bd06c09e8d4b58639beb30e533c88f7cfe249be97fa633d72fc.png,sstv,synthetic,sstv-94731-0-1,train,sstv,Classic
datasets/waterfall/sstv/535c56f0a748b78cb58b7c265ef88da352c842a6865b2f1d23d2b8b9b45657d8.png,sstv,synthetic,sstv-66416-0-2,train,sstv,Classic
datasets/waterfall/sstv/581ed9abaf96db70689898f7292a513144b5187667b884ac22b42a01c472c246.png,sstv,synthetic,sstv-80172-0-1,train,sstv,Classic
datasets/waterfall/sstv/1cf7967e61d7939e4705d176ba4993c10eea3f00d36cf3cdf75e2b1fc8d0a759.png,sstv,real-old,legacy-sstv-11x14,train,,
datasets/waterfall/sstv/461e93bac678397aab4c1e550e2f5c57c78610efe6478abf006c7cc81e2aadc5.png,sstv,synthetic,sstv-1668-0-1,train,sstv,Classic
datasets/waterfall/sstv/b99f6829edf195e29a22d164449078a9826cd8ca4386a90b6f11f11a93c00a20.png,sstv,synthetic,sstv-50345-0-1,train,sstv,Turbo
datasets/waterfall/vor/bbb914a7fc01dd404b6189fe2b354325d192b5fd7686707adfcfddf77d2257e3.png,vor,synthetic,vor-73310-0-0,test,vor,Classic
datasets/waterfall/vor/6ce8245e7de350795c7f7649063519267f4f5dde339fcc1e4296a3c13ec6daa9.png,vor,synthetic,vor-83463-0-0,test,vor,Classic
datasets/waterfall/vor/c375a21c4eb21271d87f0195d374d7b0a9f208f23425a522c0a811e5fdd2b567.png,vor,synthetic,vor-80172-0-0,test,vor,Classic
datasets/waterfall/vor/f5533f5c21838fc9fa071ca7814828d940e4b04cdd069ea22e5cb3f89cde65bc.png,vor,synthetic,vor-66416-0-2,test,vor,Classic
datasets/waterfall/vor/808e848e9b73f32f925960a007ee5ca19e6b888dd3f8f916eda4029612ab453c.png,vor,synthetic,vor-66416-0-1,test,vor,Classic
datasets/waterfall/vor/4918fa1291310621a84b25f28d4309c1af86d8ff0e63f5dbddfd273c6fa15310.png,vor,synthetic,vor-87304-0-2,test,vor,Classic
datasets/waterfall/vor/117ee24c906ecc93a3126f07b16b4b594a7c445bf6a5aea851073790df15aedd.png,vor,real-old,legacy-vor-30x14,test,,
datasets/waterfall/vor/2f0308f34a2c5118c1bb775e40eafb185afc7515292f4f37d4aa352394f613e9.png,vor,synthetic,vor-44110-0-0,test,vor,Smoke
datasets/waterfall/vor/cb7b6476f02cd39244166019d07e37887a4c6d11f7fb73810a3999330f4f84f9.png,vor,synthetic,vor-66416-0-0,test,vor,Classic
datasets/waterfall/vor/169c62bb94b71a2e2a447a464e8867f96b6d7f2270853e97303dbe6ab8053f9d.png,vor,real-old,legacy-vor-30x14,test,,
datasets/waterfall/vor/8e9e6c795b84f647f00f85b8023d058d600e874c6366549dcbe352d8d66971a8.png,vor,real-old,legacy-vor-30x14,test,,
datasets/waterfall/vor/1525a6777d3ec9217ff0b0eeef7ce63f4f163188d2f06a315e5250fc80bb9d20.png,vor,synthetic,vor-87304-0-1,test,vor,Classic
datasets/waterfall/vor/11cd30529bdb8ef5a962b4471c2ee91576ca7dab02a7e304de98270c476ed355.png,vor,synthetic,vor-66418-0-2,test,vor,Classic
datasets/waterfall/vor/6c42b77ec0921a7941703310edd61e69ab9c32bd6042ac8c3c6cabbcfb2b6f93.png,vor,real-old,legacy-vor-30x14,test,,
datasets/waterfall/vor/c8c9843b1a659843eb0c3a2ff16c6f6497a160bbe0ce0669ea9f54a165b53e80.png,vor,synthetic,vor-66418-0-1,test,vor,Classic
datasets/waterfall/vor/1f61a17ed09f6e1687d1a9ec8f6bca7122d8892da917ee2c9c1dc631543b1fad.png,vor,real-old,legacy-vor-30x14,test,,
datasets/waterfall/vor/d04b9aeb80e0a7fe0af03eeefe456d478df14cddc1c58511b6be960bf2b479f0.png,vor,synthetic,vor-1669-0-1,test,vor,Classic
datasets/waterfall/vor/4305b61ab79aeccc942d8a71dbfa46af3b81e5c2267c9f448c165af7ced65d89.png,vor,synthetic,vor-50344-0-2,test,vor,Electric
datasets/waterfall/vor/5c8a846097d0c415d09474ca495a1f1c7483c306c682b62d11730d7c036f9844.png,vor,real-old,legacy-vor-30x14,test,,
datasets/waterfall/vor/458d665e441fab32d4ae2befc779a3dd8132d5a557d37dcd5c0413949bf42200.png,vor,real-old,legacy-vor-29x14,test,,
datasets/waterfall/vor/fc4c37defbfa9cc8841f25686a8a1ef56767f899900f013364874fbe7f76c690.png,vor,synthetic,vor-1668-0-1,test,vor,Classic
datasets/waterfall/vor/e144a7ae02235eab58975cf0139532e7754fa29b9c603be5b63d385fdaf3deba.png,vor,synthetic,vor-1668-0-0,test,vor,Classic
datasets/waterfall/vor/271cc6aac6ccf74c753e956d447732c401dfaf034d78447129491900fbc46841.png,vor,synthetic,vor-1669-0-0,test,vor,Classic
datasets/waterfall/vor/be99ae956a0049fb70b85369121a19c06a212615eeca78055d9bb855682d4c61.png,vor,real-old,legacy-vor-30x14,test,,
datasets/waterfall/vor/4efed5a591f1f9ea85872e282bd526bb79036ba5a46b57c044e7019735fbd187.png,vor,real-old,legacy-vor-29x14,test,,
datasets/waterfall/vor/4a6bb0bcdeea598d221f5cc52fb608b42f7faa3a2f138597ac03bf3b3199d9b7.png,vor,real-old,legacy-vor-29x14,test,,
datasets/waterfall/vor/920951374657999c8e06e000d27fa1bed5342e63cb7dfbb0960bdf03105d5207.png,vor,synthetic,vor-80172-0-0,val,vor,Classic
datasets/waterfall/vor/7b7e7a8aa0934de0cbab2ca68fbf311f9fe5e91304ef3dddfbc18b35d5694e2a.png,vor,synthetic,vor-94730-0-0,val,vor,Classic
datasets/waterfall/vor/95d48f0b50a94da4a13958b54e056dadd6996b582b4051a6a05f713a93756252.png,vor,synthetic,vor-94729-0-1,val,vor,Classic
datasets/waterfall/vor/35c212a47e8b3ee6165c664d383df7b69c4afd8280f53ce2e3822eb285759691.png,vor,synthetic,vor-50346-0-0,val,vor,Grey Scale
datasets/waterfall/vor/169f59b474a483d08830339b05bf0b3f846e1432d5be98be1dce9ca9963ca7ef.png,vor,real-old,legacy-vor-30x14,val,,
datasets/waterfall/vor/d3b2485e092cc8926b1a0f33af05286ac2bed709490d99935049e9cffac19303.png,vor,synthetic,vor-1668-0-0,val,vor,Classic
datasets/waterfall/vor/d44246cc44a1f325382d9c335cf72a0fa09612fdb8daf26226b3d9dd4a22353c.png,vor,synthetic,vor-83463-0-1,val,vor,Classic
datasets/waterfall/vor/e9a6904a83067cb80154326d53878b9fed4f974a8b44331430a163817898d23a.png,vor,real-old,legacy-vor-30x14,val,,
datasets/waterfall/vor/d0ff1c83040f09375875c13911fb7e4b4f1d6fb76fe02642e2ac33857ce0e6a8.png,vor,synthetic,vor-94729-0-1,val,vor,Classic
datasets/waterfall/vor/faa1eaa22fc81f6735e6ecbfe0209437d3f32b80c3b98ba2946409cbf11ecf10.png,vor,synthetic,vor-94730-0-1,val,vor,Classic
datasets/waterfall/vor/0f67a01a78a0f7fe63000eadbf65c2093d8ade15a66dad5d22dedd7ac77a39f9.png,vor,synthetic,vor-80172-0-1,val,vor,Classic
datasets/waterfall/vor/dc72388ecc9ea9b7a27f33761dfbf06ead2127cdfd0d88b04777d98c57448dcf.png,vor,real-old,legacy-vor-29x14,val,,
datasets/waterfall/vor/d03076893e8e2af84b522f7a12741f15a07efa2a768b41568c308eb014839e75.png,vor,synthetic,vor-94730-0-0,val,vor,Classic
datasets/waterfall/vor/c58fea58cfccb374e37da7714d8ee5696cf2ca665f1f4f0d129b075472310a1c.png,vor,real-old,legacy-vor-30x14,val,,
datasets/waterfall/vor/e0033786b57d3e5344e85938154ab0e081f5b43e173646b7ce48eed774364165.png,vor,synthetic,vor-87303-0-2,val,vor,Classic
datasets/waterfall/vor/24264a56db7d974560a647bc450b46c44a1c17e261e1fb675c44c446fca18711.png,vor,synthetic,vor-50345-0-0,val,vor,GQRX
datasets/waterfall/vor/0152c7561f5b596edd094715e7d199fd9889d8c262263d280e8b9d3f8b14adf4.png,vor,synthetic,vor-73312-0-2,val,vor,Classic
datasets/waterfall/vor/5afa03e21ddd507fcc1b7a3ea7df823e4c3eeb6fed55d241cf800f013ca37bb2.png,vor,synthetic,vor-66417-0-2,val,vor,Classic
datasets/waterfall/vor/b5f1b28de120fc12e2f21e5c7165eb83328bb09d919ed6061dcb44194555e503.png,vor,real-old,legacy-vor-7x14,val,,
datasets/waterfall/vor/5ac9ba85233d5f40af9d01b5bf6c4daf6f19bd95ae98a7c1f4955e58b1039abe.png,vor,real-old,legacy-vor-30x14,val,,
datasets/waterfall/vor/83b59e55503070dcee71cdce941e8bb23144fcb2d77a78c565bb339318e1c6f4.png,vor,synthetic,vor-44110-0-2,val,vor,Smoke
datasets/waterfall/vor/a7ca78780e464a5007e566fa3ff55a14a1aa103454f740723499c397266e8cad.png,vor,real-old,legacy-vor-30x14,val,,
datasets/waterfall/vor/b1d6f94838b3723364ee42cd7052b62cd06d2db7b17f23149e566a2a34138a49.png,vor,synthetic,vor-50343-0-0,val,vor,Classic Green
datasets/waterfall/vor/ebc9d3d0f3c42eb68ccb5a55efbdd4f09a530350aa1cf133abf7961677dc953a.png,vor,real-old,legacy-vor-30x14,val,,
datasets/waterfall/vor/37a5ff3077dad008dcdcfe437f96f8a0786ebc6674bec09226af1e0be890fb32.png,vor,synthetic,vor-94728-0-0,val,vor,Classic
datasets/waterfall/vor/b4f10474d3a910db58a7c44800840df0401ddc10145af6509f74b210a70ce8ec.png,vor,synthetic,vor-66417-0-1,val,vor,Classic
datasets/waterfall/vor/135d2de99be4d50a5dc2920b00353ea29932ab2fb6e34b21192c5ed60f0a9389.png,vor,synthetic,vor-73312-0-0,train,vor,Classic
datasets/waterfall/vor/05d097f87836a147aeb84e627043a8792adaa3462d34eb1e2bf87a397223db32.png,vor,real-old,legacy-vor-29x14,train,,
datasets/waterfall/vor/a59fe31d1327bea7d03d8047c936354a8727960eba1d6b206424f58e68ad843b.png,vor,synthetic,vor-73310-0-1,train,vor,Classic
datasets/waterfall/vor/ebdf896fdcefd28d3af1020f71295d755db2273707fc50ef05dffd1cb617f60c.png,vor,synthetic,vor-94728-0-1,train,vor,Classic
datasets/waterfall/vor/c2ada548b76a0da92614d31f4aa2f7a5c8d4e81fe617a05222c0a19594210850.png,vor,synthetic,vor-50344-0-0,train,vor,Electric
datasets/waterfall/vor/20013aa78edc635fede9f7564b420b71ab54968c0d59da00699c6b4fd277e253.png,vor,synthetic,vor-44108-0-0,train,vor,Magma
datasets/waterfall/vor/eb1f3f93a0b68f27cfe22ff5ea5a63333d04717c563b5893df24a9268d2cb87a.png,vor,synthetic,vor-83464-0-0,train,vor,Classic
datasets/waterfall/vor/f08cfaa0e9777877611cd493d445ecc2e2e729ae7baf2bff3aecf3a9621133a6.png,vor,real-old,legacy-vor-29x14,train,,
datasets/waterfall/vor/f4fdfe895b4da745f1641910bb5c4d1e8824a732006923477a80472897df0bf7.png,vor,synthetic,vor-94729-0-2,train,vor,Classic
datasets/waterfall/vor/7ca6f1caedecfbf443e2a67f3cd0fb7b3290a18cedfebfcc54c286ae8ea114d5.png,vor,real-old,legacy-vor-30x14,train,,
datasets/waterfall/vor/7de6a0ec93a493bfd5c42a08cf64c4aa1d68a27d2b3ae9c04be17de545a14643.png,vor,synthetic,vor-73312-0-1,train,vor,Classic
datasets/waterfall/vor/b50c5909bfe7217bb42313bf6a9d054af70d244bf80b9011f47161bb02ad4188.png,vor,real-old,legacy-vor-29x14,train,,
datasets/waterfall/vor/1c33caa6b6422278e17f209f91acd836f324ab9dc2e3f97656852bfe96abdd78.png,vor,synthetic,vor-87303-0-1,train,vor,Classic
datasets/waterfall/vor/856416858f83c88779684441ac93de11e639352afa8898b73a1513ab0cec8e67.png,vor,synthetic,vor-87304-0-1,train,vor,Classic
datasets/waterfall/vor/6856d46c3874e5d59ed93d852a6417e67f5b27aedae8e47fe5e87180a2628237.png,vor,synthetic,vor-87304-0-0,train,vor,Classic
datasets/waterfall/vor/9e6fdaa6bbb5d0108f6ff411473499af9f48d9e9b3c8cf65988e1f98545b3911.png,vor,synthetic,vor-1667-0-2,train,vor,Classic
datasets/waterfall/vor/1cf861fd2e4f78156f2e7bc9e3d37385b6c6bfad14af3d39b9aeabb35ba127b0.png,vor,synthetic,vor-94730-0-1,train,vor,Classic
datasets/waterfall/vor/c64f366762b93966dd485c3e4716be1c91f6556413eed97805c069cbc8d2b743.png,vor,synthetic,vor-94728-0-2,train,vor,Classic
datasets/waterfall/vor/46d29fae81864f8b03b0df0fc2744eb27660dc9cefc5875032675ba3c1391e64.png,vor,synthetic,vor-94730-0-2,train,vor,Classic
datasets/waterfall/vor/1f6eb9555046861be6dc85cd8384b9ce61e782b68f8a266e3897a59675e3fabf.png,vor,synthetic,vor-87304-0-0,train,vor,Classic
datasets/waterfall/vor/f2c5e2c1c8efa9bca4ffc651ec5ef09ebc935102cd186d4e87a78b9b1bd94743.png,vor,synthetic,vor-87303-0-1,train,vor,Classic
datasets/waterfall/vor/ddc8fe74925490dffd82f4584f4fb4f7ac49f75cc1c8ec03926b632ddee959a7.png,vor,synthetic,vor-1667-0-1,train,vor,Classic
datasets/waterfall/vor/9f3738538ba4258745d330dcaa7a0c65771800afd6cd577dc038d68a8d03bc67.png,vor,synthetic,vor-44109-0-0,train,vor,Plasma
datasets/waterfall/vor/c826eabd567a301c3964e8b2b20414aa202f586efd7379a51505dfece358d012.png,vor,synthetic,vor-66418-0-0,train,vor,Classic
datasets/waterfall/vor/e86c9e010f2870b3e14a149f16adf70e0f094c10d8895a919338d4c074a6d210.png,vor,synthetic,vor-87305-0-0,train,vor,Classic
datasets/waterfall/vor/204cd417c987316abaacd620608165e6a7437988a29d21469bbf6b3891122c8d.png,vor,synthetic,vor-83463-0-2,train,vor,Classic
datasets/waterfall/vor/ce0491a2b18f74f4163d74a6ea1ade916b49c5bf2ff8eef0982e7ecaf76381ad.png,vor,real-old,legacy-vor-29x14,train,,
datasets/waterfall/vor/b41c67638be605023fd1b58731a0d284412272c0418908a7929ecb624f028fed.png,vor,synthetic,vor-1669-0-0,train,vor,Classic
datasets/waterfall/vor/d11f377f4cb41439a45232129360791c176106824925f44d3bbf79f1165ac579.png,vor,synthetic,vor-50343-0-2,train,vor,Classic Green
datasets/waterfall/vor/8e5c6b566da94917a85b963658e85f4d127741572ef3f0d0066da2a01f7a9e85.png,vor,synthetic,vor-50346-0-1,train,vor,Grey Scale
datasets/waterfall/vor/8f331bec1add32e02d30cbbb3cb249e4c247a0342a43f335d97e9b6965eeca3d.png,vor,synthetic,vor-94729-0-0,train,vor,Classic
datasets/waterfall/vor/c83450d019805b3641b74b6f78659f7769eb59b15f050d31ac44c132ee412746.png,vor,synthetic,vor-94728-0-2,train,vor,Classic
datasets/waterfall/vor/4806aff1868933cfda5285d812be9c710fd79b8d0cd3178dee92fa266173db8e.png,vor,synthetic,vor-87303-0-0,train,vor,Classic
datasets/waterfall/vor/f70d6da8b9ad439cbb9f49571f499d58a6f58e266361cc29c6b53e50bad40c60.png,vor,synthetic,vor-44107-0-0,train,vor,Inferno
datasets/waterfall/vor/ca67a055f4931ec42054c784de68f4048f069ab3f82cdb9a65e9c9ee26258094.png,vor,real-old,legacy-vor-30x14,train,,
datasets/waterfall/vor/55e672e88279bdcba4124c58db2a5a6963f80114cfd2c2ac944a02c0382573b7.png,vor,synthetic,vor-73311-0-1,train,vor,Classic
datasets/waterfall/vor/b963d4c31872ce7a63f501fbc7ccdb09040fec313d7c789fee6a69d8be12f8f3.png,vor,real-old,legacy-vor-29x14,train,,
datasets/waterfall/vor/fe8457e66110bbf8d7633d70247660a3689dbd5d2154d2d612df1be721980500.png,vor,synthetic,vor-73311-0-0,train,vor,Classic
datasets/waterfall/vor/26d165f02ed259f252ca9659376f91bf06fb23c0096e0d3f7f6c03db971de56a.png,vor,real-old,legacy-vor-29x14,train,,
datasets/waterfall/vor/91364e67cc69c1fa0fc84a170a5b7fc78409f2f59590a57a1b0eefcca886a3fd.png,vor,real-old,legacy-vor-29x14,train,,
datasets/waterfall/vor/82d9ef45ee22d76d5c9acb075027defd948e42ef25c6b41f6ab18332a82b7a98.png,vor,synthetic,vor-66418-0-1,train,vor,Classic
datasets/waterfall/vor/47e1ccdb6213bbe8376247f8045b046fef28ca634add99b64150da794e8d8617.png,vor,real-old,legacy-vor-30x14,train,,
datasets/waterfall/vor/dbf54bdac9a625848ef1da5538ebd4a979d8e4e4a185bfa07b0867d740b59786.png,vor,synthetic,vor-83464-0-0,train,vor,Classic
datasets/waterfall/vor/c5384036fe97b8e0e62b887b46032651e15951cfb9935085ccb047eec8c202fc.png,vor,synthetic,vor-73311-0-2,train,vor,Classic
datasets/waterfall/vor/9572feacc2bc47117e52f4d8a671f7b36140f5e02acf5e086adf1c11bce2389f.png,vor,synthetic,vor-94728-0-0,train,vor,Classic
datasets/waterfall/vor/113103ad7f2fad3817403bd644841ea631d6ddd37c391bc39ed40d31b508f574.png,vor,synthetic,vor-66416-0-0,train,vor,Classic
datasets/waterfall/vor/7a826668ab14db554bf865e015d687b927995f91d9aa14f8ddcb15c66db613a2.png,vor,synthetic,vor-66417-0-0,train,vor,Classic
datasets/waterfall/vor/68ea03c16506df5c8de1a1ce3352e0eb4e4a46d833c590e5dcd752da7a0fc650.png,vor,real-old,legacy-vor-29x14,train,,
datasets/waterfall/vor/7cdbff1c586cfefead8a33a5a434d535873edf7c54b10c9c9d8e19c77396e20a.png,vor,synthetic,vor-50344-0-1,train,vor,Electric
datasets/waterfall/vor/a2d6d5f12469125a587218c936e81e085dcb5f4e44bc724ab5cf930c36b90bef.png,vor,synthetic,vor-73310-0-0,train,vor,Classic
datasets/waterfall/vor/d398c12bb475f8a5493078eeda46e9178045d6523551449214093e21fe7b5384.png,vor,real-old,legacy-vor-8x15,train,,
datasets/waterfall/vor/d5564b8448d3e7172071f8cefea4ad6f69d0768b039aef37669d6b78c028641c.png,vor,synthetic,vor-80172-0-2,train,vor,Classic
datasets/waterfall/vor/7d9eeae3529057c767df550967b1108f48441fe6581ce001dd045c59e557e381.png,vor,synthetic,vor-44107-0-2,train,vor,Inferno
datasets/waterfall/vor/403dec7e388b368dceb05395bfa2d14eabf3a0cb84e60ac9d299c36d6f5c5b99.png,vor,synthetic,vor-73312-0-2,train,vor,Classic
datasets/waterfall/vor/791e679c5d271fcb578b41995a5d84ae866ad290b4c9cf6c6ace08e44772abee.png,vor,real-old,legacy-vor-29x14,train,,
datasets/waterfall/vor/0566fe11672ebead85b17ab448f20fe90375698b8a449c988db4587455152579.png,vor,synthetic,vor-87305-0-1,train,vor,Classic
datasets/waterfall/vor/92ba53a4a08820837cc5fbdd31a37e80f96a635ab0e77452222592335f741bb3.png,vor,real-old,legacy-vor-29x14,train,,
datasets/waterfall/vor/089282b4044a1ad5a9d843d3d2b1497dc1607f59721b06422723fdb865645c6c.png,vor,real-old,legacy-vor-29x14,train,,
datasets/waterfall/vor/de4f9df4f7ad21116a0e060fca8250926fe7ac25290676959eab5fa230e5a131.png,vor,synthetic,vor-44107-0-1,train,vor,Inferno
datasets/waterfall/vor/c9150a641528322de43dc7c847bc734c839f574f3b3c6817ff31f76ddac4351b.png,vor,synthetic,vor-73312-0-1,train,vor,Classic
datasets/waterfall/vor/76de3c744a9e6cb3af37e3e37077c826f1a99af16f5fbb603fd59e13a5d07ae6.png,vor,synthetic,vor-73311-0-0,train,vor,Classic
datasets/waterfall/vor/7a5113d88fa9f1e705fc96e6b023035f6bf2344877c111bcaad032e2d5d64c3a.png,vor,synthetic,vor-66417-0-2,train,vor,Classic
datasets/waterfall/vor/a9a2d7e31bd7c83670622c971649176662843cb4d7faf40caa3f94cef8b9f1a1.png,vor,synthetic,vor-66418-0-0,train,vor,Classic
datasets/waterfall/vor/d390ac205407c27d0ffa9f894f7ca945adf042b4d1cd8d4d764ea5b15b5603d3.png,vor,synthetic,vor-1669-0-2,train,vor,Classic
datasets/waterfall/vor/289715d412f2d909edb90d85ad7c849294206df8e046a7d560ddb80b88780426.png,vor,synthetic,vor-73311-0-1,train,vor,Classic
datasets/waterfall/vor/cbd642b793e1b8ca5c94d1d9ff4cf739e2d15d9726f84cc13bb3fcef43bd3e79.png,vor,real-old,legacy-vor-30x14,train,,
datasets/waterfall/vor/072510956693ac6cd449bc5f4b8567474a85d0c2a30cf490a7f7e901cc484140.png,vor,synthetic,vor-44109-0-1,train,vor,Plasma
datasets/waterfall/vor/b2ac59bc23c290ff6c34a400d8cc6945aee3d8565ccc9855f98c600ca03095e5.png,vor,synthetic,vor-66416-0-1,train,vor,Classic
datasets/waterfall/vor/bd645bc2fe54dff655f0222da79dcbe8e9eef00637484b8991d8d7316859ec37.png,vor,synthetic,vor-1668-0-2,train,vor,Classic
datasets/waterfall/vor/7c78dbc54acedfc9316ed5794b2fe23c1778fcf355c5a87005171b2787973612.png,vor,synthetic,vor-44109-0-2,train,vor,Plasma
datasets/waterfall/vor/2bc4ae09973a89f64466e132ed95b299304fa65c28a65d4ea770d9e5c94e9b78.png,vor,synthetic,vor-87305-0-1,train,vor,Classic
datasets/waterfall/vor/bb6ffb0d74c10e877d24541131d59ccf664cc18b41e2de7705938dcc74e42c1a.png,vor,synthetic,vor-83463-0-2,train,vor,Classic
datasets/waterfall/vor/29c0dd27a169c5a7d58f2a661206d74660facc65b841ecfa28b35c2327151d4c.png,vor,synthetic,vor-1667-0-0,train,vor,Classic
datasets/waterfall/vor/588e0bf4264679cea998abe2052e3fb4c4032b7180a6b9902f941a3f53ae1ba8.png,vor,real-old,legacy-vor-8x14,train,,
datasets/waterfall/vor/535f8e1f711141e3356ce383d743611d8129096d70f310632ab2a28b5235af85.png,vor,real-old,legacy-vor-30x14,train,,
datasets/waterfall/vor/fb88b7644aa25b3b12c8b9adb2a9a3fb44ddfb17c5aec37b53b75d199db9c7f1.png,vor,synthetic,vor-94729-0-0,train,vor,Classic
datasets/waterfall/vor/eb35614a41fabbfc74019243303d25a4097c357b25ee352b8fbc428c9fec6c38.png,vor,synthetic,vor-73311-0-2,train,vor,Classic
datasets/waterfall/vor/3a57a71d5c71ef89fa99ec0408b35f012289655dc360c1911fef947ef14a212a.png,vor,synthetic,vor-73312-0-0,train,vor,Classic
datasets/waterfall/vor/5383bdb9ec3e679dc2f8feeb70d11c9170f70a5171cc9ec13368290bd54ce8b8.png,vor,synthetic,vor-66417-0-1,train,vor,Classic
datasets/waterfall/vor/bc545652f36f1a36364035b76b0e10a729192d202dbc4eed4ec32ab859f5fe81.png,vor,synthetic,vor-44110-0-1,train,vor,Smoke
datasets/waterfall/vor/7bf97d56e4466ccdd12f2d90bd9140318871e1a7b9a42ba4e2edeadfdb74627d.png,vor,synthetic,vor-1669-0-1,train,vor,Classic
datasets/waterfall/vor/98bbd27a99c03a9390929295a6f23349a0062e51f40a71a639d40ffc2abd37be.png,vor,synthetic,vor-94729-0-2,train,vor,Classic
datasets/waterfall/vor/54dd83838eb6e03918a30642bb8f90e495144715ff50a85c3d6bb4928af45d24.png,vor,synthetic,vor-87305-0-0,train,vor,Classic
datasets/waterfall/vor/8105100e434a6c9bd7c2192da795adffa275ff9c3f873b6b53bc2d8387d1644b.png,vor,synthetic,vor-83463-0-0,train,vor,Classic
datasets/waterfall/vor/f4e3b8e980ad6d5e4ceb0e7ab7639883c3c19e8537acfc7cd3468fb9a0f41172.png,vor,real-old,legacy-vor-30x14,train,,
datasets/waterfall/vor/54890fa21459c0e3e97262253107f149ba64fa3568b54b3f0aee7c83e41e1f92.png,vor,synthetic,vor-50343-0-1,train,vor,Classic Green
datasets/waterfall/vor/68f17ef5e1e33f780d554bcbf6f5a1677ff722796a1cf9de912c4e039ae5de4b.png,vor,real-old,legacy-vor-30x14,train,,
datasets/waterfall/vor/5a3039cf58bfa5450c0b3ff15c360bc6c1bb6457822fb700c4363adcf498dfda.png,vor,synthetic,vor-1668-0-1,train,vor,Classic
datasets/waterfall/vor/76e002d008de6cc6b936523ff2409b1470b2cdc1c0ad0096e5a544f50aba54f9.png,vor,synthetic,vor-94730-0-2,train,vor,Classic
datasets/waterfall/vor/6af95f79f4a4ee03d105e20d0ac7cfc4b08ffdebdb47e20fb891c8e8cd2d51e9.png,vor,synthetic,vor-80172-0-2,train,vor,Classic
datasets/waterfall/vor/147f1965727e86a57dd98641d7f58c19bdcca6548d92af59b793ab3dac4031c6.png,vor,synthetic,vor-44108-0-2,train,vor,Magma
datasets/waterfall/vor/0dc98026a990e0f362ae3b5284e524ae77e22d9010258b709a5e5f419d1581aa.png,vor,real-old,legacy-vor-29x14,train,,
datasets/waterfall/vor/73ce9ef54377a2588805a1eed022272d4bf8d06f03f16945b58ecfbb39b13414.png,vor,synthetic,vor-87304-0-2,train,vor,Classic
datasets/waterfall/vor/7ca26c0988cc94ad2b2700f19d67d33f79b860ee5ff884cde24e05cc192188be.png,vor,synthetic,vor-73310-0-2,train,vor,Classic
datasets/waterfall/vor/9ec365fd561a3f30dd0e362950639ab4e34826ceedd1eed62839d4d387f70ed5.png,vor,synthetic,vor-87303-0-0,train,vor,Classic
datasets/waterfall/vor/22295a75166e54b7811b8e8b8fa386ee7bb78a4273ebce2d53487728f03cf81c.png,vor,synthetic,vor-73310-0-2,train,vor,Classic
datasets/waterfall/vor/64e078e4ae67b4028fa1f62b273b3451bc84d2940cc267b0431bc6e79fae6f32.png,vor,synthetic,vor-73310-0-1,train,vor,Classic
datasets/waterfall/vor/788d0423eb24fcaee90df63fa7492df2097c8a7c10c8151f0ea307003b66004a.png,vor,real-old,legacy-vor-30x14,train,,
datasets/waterfall/vor/343734ebd1c9985daa9a895480aea4c91e97664f76d3d30c485f05df4f2e6a5c.png,vor,synthetic,vor-80172-0-1,train,vor,Classic
datasets/waterfall/vor/a4b569af0d194e0bae8a301a8e57b3a5403092bbfc6f2114fc7f0507ff1bed21.png,vor,real-old,legacy-vor-29x14,train,,
datasets/waterfall/vor/b97869bef9b20942c034be821373207364686ff21f39364a796a9c8f8df93847.png,vor,synthetic,vor-66417-0-0,train,vor,Classic
datasets/waterfall/vor/7b61bea75a520f9842fed746bbeed9dbf8be0ba67de1795e34c871d5e429eee3.png,vor,synthetic,vor-1667-0-2,train,vor,Classic
datasets/waterfall/vor/4b3af97fb5bcbd28a3f0060a3298557ecd63c48195ab2d75690ec36d9c445333.png,vor,real-old,legacy-vor-29x14,train,,
datasets/waterfall/vor/8eb4a5bcdae096a4a70ff5ccac1b33e6857492e8554af0dc17e12fdd53733154.png,vor,real-old,legacy-vor-30x14,train,,
datasets/waterfall/vor/b41118af9b04462b254ea210ddf788f8486ee1d7113a9838b17820047138d4e5.png,vor,synthetic,vor-44108-0-1,train,vor,Magma
datasets/waterfall/vor/0b52369b89629f585ff8df95fd34bb9574baf38a5061e83b026935774b450fdb.png,vor,real-old,legacy-vor-30x14,train,,
datasets/waterfall/vor/5b6909adcc33e54b8628581243fec6e941f61c73c590cbb69eb91709d74f0cd9.png,vor,synthetic,vor-87303-0-2,train,vor,Classic
datasets/waterfall/vor/0f7342675fbab32681348a2429620b1fa5e61b90131f8839cf151ef0472240ee.png,vor,synthetic,vor-83463-0-1,train,vor,Classic
datasets/waterfall/vor/ac02df48a4944544d60a024d9b8621ce62942cd4305d2d563022e4110e91f280.png,vor,synthetic,vor-1667-0-0,train,vor,Classic
datasets/waterfall/vor/d1c7af71fac3f8d3579af80e6962f5cfd59eedb5feff805cca2b4ab912509ece.png,vor,real-old,legacy-vor-29x14,train,,
datasets/waterfall/vor/6235ea7cc75e975ae59fd1abf6466c27756349fca22121ce2fe939b6d32a1bc7.png,vor,synthetic,vor-66418-0-2,train,vor,Classic
datasets/waterfall/vor/2474e2f41192f12ff3777bb49f3e528aadfc129929433d9fd9c4d99724671658.png,vor,synthetic,vor-1669-0-2,train,vor,Classic
datasets/waterfall/vor/652688b0d3576d74f20809149ba0e87643fdf34e263ae85a02b2f7fc7665ed5e.png,vor,synthetic,vor-87305-0-2,train,vor,Classic
datasets/waterfall/vor/0b0b2c15c39dd1e4a7a31cbb2b7162be8d7df18699029d8ee4c6d500790dc1a4.png,vor,synthetic,vor-1668-0-2,train,vor,Classic
datasets/waterfall/vor/93d146de0095ceff9a49e1b524cfeaa05becc8c4dd1eed72187b8815cd824120.png,vor,real-old,legacy-vor-30x14,train,,
datasets/waterfall/vor/90242291ded5fba7717290c12f84ef00e3e4f85fdff97ad5386d5e9e5d0f30d6.png,vor,synthetic,vor-50346-0-2,train,vor,Grey Scale
datasets/waterfall/vor/20311689768a8e15687628bb2a46c68126a249082bb501129a6ad7cd65501f74.png,vor,synthetic,vor-87305-0-2,train,vor,Classic
datasets/waterfall/vor/aa0525de230b67c328eaab0bc8d26a2b06b6a096e8407e31c09a5c62e1eaa14b.png,vor,synthetic,vor-1667-0-1,train,vor,Classic
datasets/waterfall/vor/d2044a8e1ac298045a01a60aa9681b8a5f44456724a1d5be20b86f1fa891f19d.png,vor,synthetic,vor-94728-0-1,train,vor,Classic
datasets/waterfall/vor/21ccef62c3024464e15cc89893321961037da1bc5dd203af8aef9bbaafcd3ea5.png,vor,synthetic,vor-66416-0-2,train,vor,Classic
datasets/waterfall/wifi/0c3279931bc6b1eb46d82213f4cd173192d02be272913ad715e66e9fc31fe12e.png,wifi,real-old,legacy-wifi-32x9,test,,
datasets/waterfall/wifi/fe3e34cdca239d3db2a6e1bc4459f636116652a9ffe2b88049da127d20c24e88.png,wifi,real-old,legacy-wifi-29x12,test,,
datasets/waterfall/wifi/5a35791ad8ad1559e3919ccea371224b77cb5d4433fd017b8b2d1a7df0dde42e.png,wifi,real-old,legacy-wifi-16x13,test,,
datasets/waterfall/wifi/e6f40781206c7232ee7211315eba98bc2e82fd5b22a6691175b5e50369db96e4.png,wifi,real-old,legacy-wifi-23x14,test,,
datasets/waterfall/wifi/cf273570a48c4a3fb446e39db310eee57283708801556eb758fd47d89eeda787.png,wifi,real-ota,wifi-esp32-2462000000,test,,Smoke
datasets/waterfall/wifi/a006d9a02c1c661ddea59394bdb1be2ef6e8f9a002ce1344f66987fc8ad41bab.png,wifi,real-old,legacy-wifi-16x14,test,,
datasets/waterfall/wifi/f2587c08dd0b4d97e3a967e3040a0a4006548c5a5487769c0f76b8f8d8b63719.png,wifi,real-old,legacy-wifi-34x14,test,,
datasets/waterfall/wifi/9d703aff093b33825a49d9d4adb8bd0d3de71ff9cd810a4bccb4a6be26a10841.png,wifi,real-old,legacy-wifi-16x14,test,,
datasets/waterfall/wifi/0938471070091bbb287c26c412cbf83012e058c560bb9c62221a3c2f4fde2815.png,wifi,real-old,legacy-wifi-31x9,test,,
datasets/waterfall/wifi/38a7775679e4a8f5cf641c6c7719a00629dd0385f4af758ddd1d15e620dd80e2.png,wifi,real-old,legacy-wifi-16x13,test,,
datasets/waterfall/wifi/f8c27afd0f5c01c7dc0e4fe93c0cd6d0bfe3860611e4b0a656dc141d45894957.png,wifi,real-old,legacy-wifi-16x14,test,,
datasets/waterfall/wifi/70f3086e28475062d182be05f5e482200b7b8b9bf55c2f5ede3b2e996453ad1e.png,wifi,real-ota,wifi-esp32-2437000000,test,,Classic
datasets/waterfall/wifi/b1bec4577d3f2fa335650ca4669b1ff5db29feed4133afb259777977fd55181f.png,wifi,real-ota,wifi-esp32-2437000000,test,,Classic
datasets/waterfall/wifi/b87184ca84d81f4ab015acbbeac00d7e33bed009b7b8da7733c53dd93518d5b6.png,wifi,real-ota,wifi-ambient-2437000000,test,,Classic
datasets/waterfall/wifi/8f2323a4fffc16cbc511058e85d1bab963f7750e1fa0a763f48fb57cba688d79.png,wifi,real-old,legacy-wifi-29x12,test,,
datasets/waterfall/wifi/c6ca59c30849f00638f3df74634c745000c985a028db3d3ada30ce27bc7cf53f.png,wifi,real-old,legacy-wifi-23x14,test,,
datasets/waterfall/wifi/28dc7e91e8243b8cc471de79d4b1c3b65fbf8bda7acb3ca53fd296908f6d3fb1.png,wifi,real-old,legacy-wifi-16x13,test,,
datasets/waterfall/wifi/d70bcfef1401d82fec54bb25bfa73fc39dd656f57c88b98c888cb2df05263d7a.png,wifi,real-old,legacy-wifi-32x9,test,,
datasets/waterfall/wifi/52b01b40f202e20e9c54594026f275f8c77ae915b2a74eda2dc8df8004706331.png,wifi,real-old,legacy-wifi-23x8,test,,
datasets/waterfall/wifi/a841104f612e39eadb349a7649433543fdf33186b0277ab1182441a4aa12ee12.png,wifi,real-old,legacy-wifi-32x9,test,,
datasets/waterfall/wifi/c63ac2e5846897ee145d269fa7932dc78568a47178fc41727346c1f65aa7fff0.png,wifi,real-old,legacy-wifi-34x14,test,,
datasets/waterfall/wifi/cfb0a7c12e4c0e47151f3c46074923c4a31425d2c31bcf0bef42af1c4a7d54f1.png,wifi,real-ota,wifi-esp32-2437000000,test,,Classic
datasets/waterfall/wifi/b21470ac5b1972af6e0f8e3121435cb2012f8ff8fe165095105c51f27ec3ea26.png,wifi,real-old,legacy-wifi-29x12,test,,
datasets/waterfall/wifi/05c4e1e580f4d37421a76cb059be56fd68ff0e60f7d56c567c15eefda8b6a270.png,wifi,real-old,legacy-wifi-32x9,test,,
datasets/waterfall/wifi/eadfeddb0fc5406594027bc366033517bd3dbe93f3533d0ed2e17e0ec48f7420.png,wifi,real-old,legacy-wifi-16x13,test,,
datasets/waterfall/wifi/f018ccd134a6f217377d5ead4993cfc09bbb77aba15574f675732e4668a30599.png,wifi,real-ota,wifi-esp32-2462000000,test,,Smoke
datasets/waterfall/wifi/314204bc674340156fac680786c9d7bfa60c92a26dc7dd82c3c8abd14d2924a0.png,wifi,real-old,legacy-wifi-34x8,val,,
datasets/waterfall/wifi/2ea81f2f6ba2c3205b38e2d883dd99aafd71871167708195b9e63d2febb160d6.png,wifi,real-old,legacy-wifi-34x14,val,,
datasets/waterfall/wifi/e6dd4e0292634fac34944111bc0a9f39c72680055c9e7109964e620b16296e81.png,wifi,real-old,legacy-wifi-9x16,val,,
datasets/waterfall/wifi/f3fc557210c88a9beb2772e427f1fdb8dd80c219fce0a1e98dd8e59306527d5b.png,wifi,real-old,legacy-wifi-32x9,val,,
datasets/waterfall/wifi/0545bf11cb9d62f571b3ce9f37e232764741a784bc50b2534fa0b418bf4a904a.png,wifi,real-old,legacy-wifi-31x9,val,,
datasets/waterfall/wifi/10c5855092f27a3cd39bb3307c546b655e167a037ac5596e3829b35ad9ebecd1.png,wifi,real-old,legacy-wifi-34x14,val,,
datasets/waterfall/wifi/17ed29b8131aeb0d2d3301264da238af6abe8009b47025853900ebb5526bf1b0.png,wifi,real-old,legacy-wifi-20x16,val,,
datasets/waterfall/wifi/8f10d949a634e4470967214364846efce8ec3483453df300e0c76e9ee2431d59.png,wifi,real-ota,wifi-esp32-2437000000,val,,Smoke
datasets/waterfall/wifi/201c0157752ccdd3a062d768f42ce09b92bca14dacb50db8b5ea377e9e0fb26b.png,wifi,real-old,legacy-wifi-23x14,val,,
datasets/waterfall/wifi/bb1c6df37f2dca2a45c1e3a50479f04843c23ce67cbbf122fb3cd1de73637f13.png,wifi,real-old,legacy-wifi-22x11,val,,
datasets/waterfall/wifi/8f46b840b90f2c5554a79c0c7e43933439d869f5dd3bf39a5715979a709c78a4.png,wifi,real-old,legacy-wifi-29x12,val,,
datasets/waterfall/wifi/0eb99a0252f6fa513e38f393b61a27f664515442560ee27cd72297d282705c19.png,wifi,real-ota,wifi-esp32-2462000000,val,,Classic
datasets/waterfall/wifi/7edc56af0ce8036fe431400880d44c2e00d09a96d475752905a2df1527a06e64.png,wifi,real-ota,wifi-ambient-2437000000,val,,Classic
datasets/waterfall/wifi/9c09a110f098ce3eb8b17b7feecc1d42bdba54b2685de408e34ee7a881a0fb06.png,wifi,real-ota,wifi-esp32-2437000000,val,,Smoke
datasets/waterfall/wifi/4ece09413c4f53ca5521f9fbb15b15f7f9f0d9715a9b2c7ca48afea3b337795d.png,wifi,real-old,legacy-wifi-29x12,val,,
datasets/waterfall/wifi/ba721fd611906e282f057c984928c5a9705bf30a41e0548bd90fb3214cf35ddc.png,wifi,real-old,legacy-wifi-24x12,val,,
datasets/waterfall/wifi/e58951512150c95d9299d30ba7c0965186147092711dcabc27cbd5309c37e807.png,wifi,real-old,legacy-wifi-24x12,val,,
datasets/waterfall/wifi/bf44736f37f3df93dbb42e3bdf971f6e918787de5a36917bf2fd404d47aaa3bf.png,wifi,real-ota,wifi-ambient-5180000000,val,,Classic
datasets/waterfall/wifi/def4c76d776c75d3ea46ddc347214a8fe95804b626badc63d68b6169a9059d9f.png,wifi,real-old,legacy-wifi-16x13,val,,
datasets/waterfall/wifi/4b2a2e5234b3a5a3af95bc18ce3d6815c45d32d73159904486d8351552d8cf7c.png,wifi,real-ota,wifi-esp32-2412000000,val,,GQRX
datasets/waterfall/wifi/3f0a6059b7b08038c8841cc9a49129f4081b138e3bbd8df15490d79aab3dc978.png,wifi,real-old,legacy-wifi-32x9,val,,
datasets/waterfall/wifi/3ddd4d29b4e49e0f0cfbc802a8e8c05675b38fe02b6a28ae2ec1fd926031e180.png,wifi,real-old,legacy-wifi-28x17,val,,
datasets/waterfall/wifi/b9a2b3befda51af1bb559ca9239e3c5cc5b79edbfe39c7a3c973b0ba78edcdc3.png,wifi,real-ota,wifi-esp32-2462000000,val,,Vivid
datasets/waterfall/wifi/79f5a266cf33aeb0afea59b390956828dca151ca810ef008fcebd35cd6fbf40c.png,wifi,real-old,legacy-wifi-34x14,val,,
datasets/waterfall/wifi/47d0e0cebbe01b211621651e11f0296b13ce141dcbc57ed7cbe066b0424eefe1.png,wifi,real-old,legacy-wifi-29x12,val,,
datasets/waterfall/wifi/a0016d54e929be8051558e25fad0e0f4cf486d100a3f43614fb3a17332fe8474.png,wifi,real-old,legacy-wifi-29x12,val,,
datasets/waterfall/wifi/de712cd0666ccc17bda928ff26a42997f0920d8402582a3eadaf4b999399211b.png,wifi,real-ota,wifi-ambient-5180000000,train,,Classic
datasets/waterfall/wifi/d485ac63f9a26b8d1ce34c51dee057df9faa02a81ae88beaafd5861a1b0571ad.png,wifi,real-old,legacy-wifi-17x14,train,,
datasets/waterfall/wifi/1e9090075d30a9df6d4123521ce252dcc739e2dd4065b532f4d3bc647ed7f662.png,wifi,real-ota,wifi-esp32-2412000000,train,,GQRX
datasets/waterfall/wifi/01e1823bd8be41d304d3d77683f14f2a419ab7a22389913cbc04ebfd419ea096.png,wifi,real-old,legacy-wifi-16x14,train,,
datasets/waterfall/wifi/878427aa1c2879483974c308a2759274589737b009a4b241361571842fe8bb4d.png,wifi,real-old,legacy-wifi-23x14,train,,
datasets/waterfall/wifi/3dc040aa2b11e5a080b0d7aa72b9e4f605d08e5a9bac5e08e638416372ab88c5.png,wifi,real-ota,wifi-esp32-2437000000,train,,Classic
datasets/waterfall/wifi/bf11dda2a314c65d88a89fd955e296697e8a63deae8a145431ef3995da6f890f.png,wifi,real-old,legacy-wifi-24x12,train,,
datasets/waterfall/wifi/926d98032ff32b29f46c399a7ddb066329a10ef9df3979478d12e503ca787e88.png,wifi,real-old,legacy-wifi-31x9,train,,
datasets/waterfall/wifi/08790c76bf75712ce8945e8223d1d0bdaaf8180321c0b01675909988fa8149d6.png,wifi,real-old,legacy-wifi-16x13,train,,
datasets/waterfall/wifi/6d15c6eebc2eb392750604b75b024face5df244726e2a7789ff4a892a576f31d.png,wifi,real-ota,wifi-esp32-2412000000,train,,Classic
datasets/waterfall/wifi/2cffd8194f5ce51f69d6f33fb65cf9ba13001ce6978f612f42610af197f28a26.png,wifi,real-ota,wifi-esp32-2462000000,train,,Classic
datasets/waterfall/wifi/2bced80290ee888b4a6454c4706641509a1930b0078bc71002ab5cd0ad6e6e6b.png,wifi,real-old,legacy-wifi-16x10,train,,
datasets/waterfall/wifi/5ba34f97eb5c6104c1a374c3d7c3e77e9397eca7ec976811cf17df46d2734872.png,wifi,real-old,legacy-wifi-34x14,train,,
datasets/waterfall/wifi/28844bbb062db1f031e8ad3800a04dca71e3f4a5c54ad35771d8214b1c82c797.png,wifi,real-old,legacy-wifi-32x9,train,,
datasets/waterfall/wifi/46bcac9473feb30eacde1c6d347fa95cb090d44263debd9181160504d4f1fa16.png,wifi,real-old,legacy-wifi-16x14,train,,
datasets/waterfall/wifi/1d793b12caf1f2a446eb8d01aa8556a1a3708d4210af43f8143aedd6a1f25b92.png,wifi,real-old,legacy-wifi-31x9,train,,
datasets/waterfall/wifi/4b050bb0a8133e8806bf77639562388e276ff3d29eb9e95186b56381d627e30e.png,wifi,real-ota,wifi-esp32-2437000000,train,,Temper Colors
datasets/waterfall/wifi/8b1294b86baac191fc9676c7f6a9b84880d3f268bf35eabe814c87571c279616.png,wifi,real-old,legacy-wifi-34x14,train,,
datasets/waterfall/wifi/7dfcfe5a735e80acd1189463cd4991fb2e510589e2c5225a4ea50e6ae3754b31.png,wifi,real-old,legacy-wifi-16x13,train,,
datasets/waterfall/wifi/949e281d0db3b9cdc7b008d04f269d43844558d10343e1b79afa1d6310a4aaf4.png,wifi,real-old,legacy-wifi-31x9,train,,
datasets/waterfall/wifi/7d64c84328471494f1d3df399d3c43da1057480197b582724b2c1fe6043ed91b.png,wifi,real-old,legacy-wifi-17x14,train,,
datasets/waterfall/wifi/d5f5c7171963e9250557e654a38c45b200ca10bdca642f45d12a799fe9bc0aa6.png,wifi,real-ota,wifi-esp32-2437000000,train,,Classic
datasets/waterfall/wifi/0ba2c3684e2ca7380cb57d89b4b344070e5175709e83c9ed24d66638b9bad6d8.png,wifi,real-old,legacy-wifi-22x8,train,,
datasets/waterfall/wifi/784291b370d871ee747cafb3d153cbb18623bcaf490a7a0f06f0dfa081ba1ab0.png,wifi,real-old,legacy-wifi-22x11,train,,
datasets/waterfall/wifi/91557c7240a6cb9a662e5416d4a932386a16ad5a675f3a50dea2ac30061e0070.png,wifi,real-ota,wifi-ambient-2412000000,train,,Classic
datasets/waterfall/wifi/ed3b173f0a57d5fb43c7859da87436a8f296af1423a5472679d596eebeb94f12.png,wifi,real-old,legacy-wifi-16x14,train,,
datasets/waterfall/wifi/f5cb61c5ea267574f1823c221e750e309e42049499dfaa5f3decd358a176deb5.png,wifi,real-old,legacy-wifi-16x13,train,,
datasets/waterfall/wifi/6d00b2134a83b6129eb6669a95d576efa73681dd348464a553c3b6ac078850fb.png,wifi,real-ota,wifi-esp32-2462000000,train,,Classic
datasets/waterfall/wifi/90040056f18a1b39a63543bcec2305bd8bda626e5bc40679e77b404a7359fdb9.png,wifi,real-old,legacy-wifi-32x9,train,,
datasets/waterfall/wifi/b5c4d77523b8ea856c6ff1d04ba49d2449545b803ffaaeb2fe32a931f475f88d.png,wifi,real-old,legacy-wifi-18x10,train,,
datasets/waterfall/wifi/3970dfac6404f3b56e4d25ea84c76ca66e46a094b8983191b435913a602690be.png,wifi,real-old,legacy-wifi-17x14,train,,
datasets/waterfall/wifi/9c84abac15e56e4b93066620eccac71cba822652951d9ed20d8cda5ac4d59939.png,wifi,real-old,legacy-wifi-34x14,train,,
datasets/waterfall/wifi/3421093598b83325e8a853179ae9e3ff103fbc21f7d9b31315ea50cde5f85689.png,wifi,real-old,legacy-wifi-16x14,train,,
datasets/waterfall/wifi/de94afbc01e4fcc78e00b80ceb4580e8cb0aef6a3a4b4115394d683c7f272992.png,wifi,real-old,legacy-wifi-29x12,train,,
datasets/waterfall/wifi/4cf59d7b3ea1432a9e84c01289a0a338b1f43db058cd099527acbd5af178a35b.png,wifi,real-old,legacy-wifi-16x13,train,,
datasets/waterfall/wifi/245cc2ed4571b9a00db9adde3fb59abccc5fa17547d54483f64bcacd9496a606.png,wifi,real-ota,wifi-esp32-2437000000,train,,Classic
datasets/waterfall/wifi/547f5e5bb89477c58241b74c64ec49aa07ae93196a5ee1a849d20e29d268e871.png,wifi,real-ota,wifi-esp32-2437000000,train,,Temper Colors
datasets/waterfall/wifi/0b27e3d8b240f9917ea6a4a896ba2c5a1a95e2ee1cec181e651d0d5ad7a59c77.png,wifi,real-ota,wifi-ambient-2412000000,train,,Classic
datasets/waterfall/wifi/ce9da32567f032ee0c3fe6c3728a95a738dab4696a016b8fab8916800acfb93b.png,wifi,real-old,legacy-wifi-24x17,train,,
datasets/waterfall/wifi/365f02044d8948a2b8038065e35e90c4e9aa7d998fce28f4d23eca075f4b6ec3.png,wifi,real-ota,wifi-esp32-2437000000,train,,Classic Green
datasets/waterfall/wifi/0d9d3bcb80fc7e30ff6fc407e3710ffd5f3440b873941d536aca715d73ea9649.png,wifi,real-old,legacy-wifi-34x14,train,,
datasets/waterfall/wifi/23552dec6923f2ecc20e6b8903909ea641924cdd83fc1d58c5e7a7860d3e5b94.png,wifi,real-old,legacy-wifi-32x9,train,,
datasets/waterfall/wifi/1ef6e93f2b00901e2e7e21c661ebb0e0c3ddbf5959e4ce335ba632450b65c933.png,wifi,real-ota,wifi-esp32-2412000000,train,,Vivid
datasets/waterfall/wifi/ee0c0204c32e9229b79eedae78e4ce8b1a4465c7ff36d9c5bec29d2760d08dc3.png,wifi,real-old,legacy-wifi-16x14,train,,
datasets/waterfall/wifi/d6f7ffabecfa2b92c6830c844af3ed1c75f29a12af889b8d4da14ff02125b89f.png,wifi,real-old,legacy-wifi-16x14,train,,
datasets/waterfall/wifi/97a84a4186c2be17478df34986fd62e6b18997a3aa2c48930e054e983f154950.png,wifi,real-ota,wifi-esp32-2412000000,train,,Classic
datasets/waterfall/wifi/1c9190e07fb2cb25201026cee86c828a3e39d86ecff2b0bfd146fac92cc78e61.png,wifi,real-old,legacy-wifi-34x14,train,,
datasets/waterfall/wifi/09d6e79512418dd1a5eb683ca4b2f02fa9eb712f357e9957f5b44754d7435d4a.png,wifi,real-old,legacy-wifi-29x12,train,,
datasets/waterfall/wifi/164d70836c9df1a0193595767c7d41c760f44378a32fd66aa48b9c119f5b4c82.png,wifi,real-old,legacy-wifi-14x14,train,,
datasets/waterfall/wifi/6f902e19f7fad6b2b6c3b39a2894e3ac7146ad713dc1af5138545014aec9bb74.png,wifi,real-ota,wifi-ambient-2437000000,train,,Classic
datasets/waterfall/wifi/5c3e920463fa51d898727b1b588a96302096ccba816d07f6948f73d3b6330d14.png,wifi,real-ota,wifi-ambient-2437000000,train,,Classic
datasets/waterfall/wifi/f7b795978d9dea64217e1b0592501007e3491eb0e6f5bf25f08e67df7187b186.png,wifi,real-old,legacy-wifi-32x17,train,,
datasets/waterfall/wifi/9c6571e9588caee863a704578ce718ae189ba4a6dd9d24cf32624bb8bb0641cc.png,wifi,real-ota,wifi-esp32-2462000000,train,,Classic
datasets/waterfall/wifi/6d6649de70961b3fcba389c9d541170606e3a0979b4b27c78fe925adab16cd66.png,wifi,real-old,legacy-wifi-16x14,train,,
datasets/waterfall/wifi/89680ab4e645c4379742b70cfa493604cc7fdf0015a989eca97d01bca3e7b674.png,wifi,real-old,legacy-wifi-32x9,train,,
datasets/waterfall/wifi/1fc74b970c7190e79f0e8f13810ebe70da122896be5b2fb100c0c5aa162a652c.png,wifi,real-ota,wifi-ambient-2412000000,train,,Classic
datasets/waterfall/wifi/2c100723c660dbe0a63c428a65fc5f7e6e48fa028eade3a597ea222ca83ccc85.png,wifi,real-old,legacy-wifi-29x9,train,,
datasets/waterfall/wifi/ebdf8c9e3b136099ec1fc1b5d051e28baf65b3fbcfe259d900273107b49df71b.png,wifi,real-ota,wifi-ambient-5180000000,train,,Classic
datasets/waterfall/wifi/5b49e36814ddbeef513581b2c9f68b4aa0227748e239cd3f65bddc202d9a0762.png,wifi,real-old,legacy-wifi-16x14,train,,
datasets/waterfall/wifi/cfad9af39591aee9e9e575473d6dc88fe64c73bba785f0eb677ee6113c7c8981.png,wifi,real-old,legacy-wifi-21x14,train,,
datasets/waterfall/wifi/6bd81e5ae63076fd6f20452b5dbfc0bb78515ecf2e82933184b94e2850e4f13d.png,wifi,real-ota,wifi-esp32-2437000000,train,,Smoke
datasets/waterfall/wifi/e135fc0cf6713d324590ecc4e66d24294b6727af5236113a796b67f415c3600d.png,wifi,real-old,legacy-wifi-34x9,train,,
datasets/waterfall/wifi/d900af6cbc2db675aea76f55afc8d2923746424578a90756bf3b999d1fa9696c.png,wifi,real-ota,wifi-esp32-2437000000,train,,Classic
datasets/waterfall/wifi/f3201dcc6dfe007b552cb5fd27f92c42108d31d64a9a3fce160d90ed724bc4b3.png,wifi,real-ota,wifi-ambient-2437000000,train,,Classic
datasets/waterfall/wifi/9e2ef51e2e4450e7d08cae17ee5d6538002f3b4abc1c3b950b40de09fbeb2b3b.png,wifi,real-old,legacy-wifi-34x14,train,,
datasets/waterfall/wifi/855e0e1fd1d7cbeaa6d65cdb13a7521218c4419a543b24726098b75c7e023015.png,wifi,real-old,legacy-wifi-16x14,train,,
datasets/waterfall/wifi/e578fe57550cfd224b608c16c97903890b097f9a0d2e84e88f184471d480f895.png,wifi,real-old,legacy-wifi-16x13,train,,
datasets/waterfall/wifi/f72004ce9d64dc25027e1a037bddbc9e5d2e0705507128c3dfd1bab55cd526b8.png,wifi,real-old,legacy-wifi-17x14,train,,
datasets/waterfall/wifi/d83afdd95fd8a099dd6b88c89b85ba763ac52f253d8d93d774271bc317b6060e.png,wifi,real-ota,wifi-esp32-2462000000,train,,Smoke
datasets/waterfall/wifi/a605b384bf91192b6c2fadcbf68f03cff6181c399c995a1a49bb36ad3f29ef16.png,wifi,real-ota,wifi-esp32-2437000000,train,,Classic
datasets/waterfall/wifi/9f1dd4193a75d44cddb2b8b1d4b91f06f720bf7a2068de4f28362cb1dc4462a5.png,wifi,real-old,legacy-wifi-16x13,train,,
datasets/waterfall/wifi/3f968677496d59a361e9214486cc75429977bd515b3d242e463145a1c71af833.png,wifi,real-old,legacy-wifi-31x9,train,,
datasets/waterfall/wifi/deab9f0c9af6a8813bd21762f71156baf9b229c8e1b18d0ce1130c0e077cee70.png,wifi,real-ota,wifi-esp32-2412000000,train,,Classic
datasets/waterfall/wifi/893d46042a7af83b609a3cc64ff7e731b2c1f48a42333d0fb7f8f5cff5af7766.png,wifi,real-old,legacy-wifi-34x14,train,,
datasets/waterfall/wifi/1588b81c83118d99c8a88b4446f36529bda455edb83cf41c19bdeb7aab442318.png,wifi,real-old,legacy-wifi-24x11,train,,
datasets/waterfall/wifi/068846a336503f33dfb3bb4242405b28086472958d8c6611e4baba1055491e68.png,wifi,real-old,legacy-wifi-23x14,train,,
datasets/waterfall/wifi/10e80c15b7d27aced98e4f54c79235cef91093cc1b3c1e08a5b6c3d8e7c3b2c1.png,wifi,real-old,legacy-wifi-34x5,train,,
datasets/waterfall/wifi/4634e65f3870e5ef5d1658d6d65c2324b6a98e6f7be1e6f7bb2df67993bb7473.png,wifi,real-ota,wifi-esp32-2462000000,train,,Vivid
datasets/waterfall/wifi/171a6d554a4a9b9b8ce17b21fafc4ce4e7c82d0842f469c9e1d8a39cbde58a6a.png,wifi,real-ota,wifi-esp32-2437000000,train,,Classic
datasets/waterfall/wifi/ff2ec53d043ebef577b05253c9db6da6a1827d68e1841ab79ffb4eb6cc0a2c5b.png,wifi,real-old,legacy-wifi-29x12,train,,
datasets/waterfall/wifi/1defc91edaa58c5ce82c1ab66b55b88a219ce9b5d57973b658aa6f8ad88b9d32.png,wifi,real-old,legacy-wifi-17x14,train,,
datasets/waterfall/wifi/60112336e49683e7031e1ecf2e7298705d096c9a25c0e9e7a58687f5e64599f0.png,wifi,real-ota,wifi-esp32-2462000000,train,,Classic
datasets/waterfall/wifi/4bdf57b034fe4684d6d992dbf84cb4bfa06a5ec9f027bbe1baca317006def3be.png,wifi,real-old,legacy-wifi-16x13,train,,
datasets/waterfall/wifi/49c1bc14b6fcc9cb6921743b31f78f44b08ff5c568b80f77e2e976e340ba0eee.png,wifi,real-ota,wifi-ambient-5180000000,train,,Classic
datasets/waterfall/wifi/2fbe391607fa62594e7f8fa2822ca9e6f662ecc40aae68e56d86f23cd426e0d9.png,wifi,real-ota,wifi-esp32-2412000000,train,,Vivid
datasets/waterfall/wifi/90d61493357d1716acdf6434eb76feea68f104ddfcf4587a037e7a2300ba231e.png,wifi,real-ota,wifi-esp32-2412000000,train,,Classic
datasets/waterfall/wifi/eb44ad9009808fedda34578a038479180716996b6720a73b02c7f4a66509477a.png,wifi,real-old,legacy-wifi-5x9,train,,
datasets/waterfall/wifi/7ca6e85879ff2029f538a5b5a50fd61018ba6d98a5b2f5e4ad979efaa0c9faa8.png,wifi,real-old,legacy-wifi-31x9,train,,
datasets/waterfall/wifi/702e1a56f074f3b9d147794168711064ded144400c614107eab9eecdce86d153.png,wifi,real-ota,wifi-esp32-2437000000,train,,Classic
datasets/waterfall/wifi/21adbb9f4f21d359d19e012453e48916db234d6854f409b20fb8cb4cf46dc7bc.png,wifi,real-old,legacy-wifi-32x9,train,,
datasets/waterfall/wifi/cb916af039c94bbfe5c2139026a5cc267042f42665f93d54f64b618664036585.png,wifi,real-old,legacy-wifi-32x9,train,,
datasets/waterfall/wifi/cf5a51b42ca592096a37b337018c0275c071652851d033f0c2c4b3d29e8037b6.png,wifi,real-ota,wifi-esp32-2437000000,train,,Classic Green
datasets/waterfall/wifi/a6996a5d9eb60a870dcba35ca31d2159139bab25950af97f7a310c2ae4ef07c2.png,wifi,real-old,legacy-wifi-16x13,train,,
datasets/waterfall/wifi/9debe1abcbaa1a4b2e9c018968bff3cac20076a2bceabd3e7d39b443f777b82c.png,wifi,real-ota,wifi-esp32-2412000000,train,,Classic
datasets/waterfall/wifi/0da421015a08cc09940b8ec008d8260f02483cc452bc4efa77747f0addaa58d8.png,wifi,real-ota,wifi-ambient-5180000000,train,,Classic
datasets/waterfall/wifi/876c708f5243199e2e9ddc8f4292bbeda00b18dda1cdbebb75c47eede2125388.png,wifi,real-ota,wifi-ambient-5180000000,train,,Classic
datasets/waterfall/wifi/5ca96b2bf8a90deb0814b1e49cd36663d67e5d3c2394e2a71521e843814840d4.png,wifi,real-old,legacy-wifi-34x14,train,,
datasets/waterfall/wifi/4258e9117687451c97ec992a6dcb92f8c68f1acb23587328681fee249d0bb463.png,wifi,real-old,legacy-wifi-29x12,train,,
datasets/waterfall/wifi/58a06d23a5d4bcfbc2933828754494a24fa712c7ff0ec25c988b1069200c9ff0.png,wifi,real-ota,wifi-esp32-2412000000,train,,Vivid
datasets/waterfall/wifi/c0ba5ff60b384971fc59d4b3f09e270f1df2dfc83eed9376d496ed38e57f8a0e.png,wifi,real-old,legacy-wifi-16x14,train,,
datasets/waterfall/wifi/9bb936746553d96ac3ae460329dfec9bd646ce3583f8edc2006f38326b60feed.png,wifi,real-ota,wifi-esp32-2437000000,train,,Temper Colors
datasets/waterfall/wifi/6ee24c5123213c46a9bf40b97654638dbc0084055fcbba82bc09ecffe7d183e0.png,wifi,real-old,legacy-wifi-34x14,train,,
datasets/waterfall/wifi/57d1c195b0f4764a8fdecfb0c00c191767012ac551b6a522d053a1ebbae5fdfe.png,wifi,real-old,legacy-wifi-23x14,train,,
datasets/waterfall/wifi/7e2cbdc27c99e4af2617f346d34d36675dfec7a3ff9277ae10ce821bdd82f617.png,wifi,real-ota,wifi-ambient-2437000000,train,,Classic
datasets/waterfall/wifi/837f548e272e79283859e1f79fed74f669c6cefb4e6b93e57b8ccec0192f716f.png,wifi,real-ota,wifi-esp32-2412000000,train,,Classic
datasets/waterfall/wifi/973487eeefde32b6d9f9d30f139900f890ff92fe80e0de68ddb5865d051bfc7d.png,wifi,real-ota,wifi-esp32-2462000000,train,,Classic
datasets/waterfall/wifi/85993a664f29fc264539249e3419afbab32519367a32bf3a7488f1c748880589.png,wifi,real-ota,wifi-esp32-2462000000,train,,Vivid
datasets/waterfall/wifi/3fe8c5a4b9f3f5dfca89f81a6a089ca9264766e108d907a12427a590e37236b7.png,wifi,real-old,legacy-wifi-34x5,train,,
datasets/waterfall/wifi/8bfc51a9c4f41c8186b06e906be0f0499ce098bff6b13bb9aa686eeada45a9e7.png,wifi,real-old,legacy-wifi-23x14,train,,
datasets/waterfall/wifi/bebbb91421f1651024070c8493dd15546ca1ff4a9363c1721aaed2dc19cc4cdb.png,wifi,real-ota,wifi-esp32-2437000000,train,,Classic Green
datasets/waterfall/wifi/99545cd5fed850baa7f5690bf122a353789aa032682816929deebe073c7ab3dc.png,wifi,real-ota,wifi-esp32-2437000000,train,,Classic
datasets/waterfall/wifi/186ea943e604f547c95fd67b2fc2e146d1aa5a9d6460faf7e797e0effe9744d7.png,wifi,real-old,legacy-wifi-23x14,train,,
datasets/waterfall/wifi/77d12c8e2a0b345b32d29f21ba1cd4cb7b9afd32af1552e2ae7f82637fb53353.png,wifi,real-ota,wifi-esp32-2437000000,train,,Classic
datasets/waterfall/wifi/6ed4b2b0c7378d4efdd0c4ed121712b4f5b185d610147159504e19f187b42622.png,wifi,real-old,legacy-wifi-32x9,train,,
datasets/waterfall/wifi/195051152b43ff49e4056fada87035258354c804f457f68858006d4ff25ff29b.png,wifi,real-old,legacy-wifi-16x13,train,,
datasets/waterfall/wifi/6274139ad161cbd120629a78bdc384b27650552c8b4a1dbe16cf9c41072a10f5.png,wifi,real-old,legacy-wifi-16x14,train,,
datasets/waterfall/wifi/d6aaf9c51c7843802bdb1246d0cee71fd6112ec12527e5924a54d67440faca49.png,wifi,real-old,legacy-wifi-32x9,train,,
datasets/waterfall/wifi/fe80d51557288c41899ddd5243b469b4a26009918e211ae2727e35357b804314.png,wifi,real-old,legacy-wifi-16x14,train,,
datasets/waterfall/z-wave/7b8d8ba6998e2a54e64b879a5d5445de50ab61619c4b6a7aca5bba27374fec0a.png,z-wave,synthetic,z-wave-83464-0-0,test,z-wave,Classic
datasets/waterfall/z-wave/d487f3b1092c319d6c678511a1c167b177abc58afdab83512781dd07fe3117b5.png,z-wave,synthetic,z-wave-87304-0-2,test,z-wave,Classic
datasets/waterfall/z-wave/49e83bf1d70155daf5af4b432ddba59bb607a3e5c37c564518f3aa3579a8a053.png,z-wave,real-old,legacy-z-wave-12x16,test,,
datasets/waterfall/z-wave/b1c45ed4eb1eaa845c7ef901562b0d61006ac6968040949d586fb5c60ca3aba2.png,z-wave,real-old,legacy-z-wave-13x15,test,,
datasets/waterfall/z-wave/cfe9b1986a41f7c82b4ca9eb7f38d494cc84bb230be5e6bee80914c3fbffcdb7.png,z-wave,synthetic,z-wave-1667-0-0,test,z-wave,Classic
datasets/waterfall/z-wave/0984cfe086a11c9dfaa0182cd9eb9f3b4ff6a8e80229dfa37028819858689e92.png,z-wave,real-old,legacy-z-wave-22x23,test,,
datasets/waterfall/z-wave/7ae5d8f2519ced34a5a202c9fe55ef86ba3537118ef48b954049378eb6fcbd52.png,z-wave,real-old,legacy-z-wave-17x18,test,,
datasets/waterfall/z-wave/fdce242f99145b9becab51d331ad40ed99c7c304bb9dcfda433e597b735d43a2.png,z-wave,synthetic,z-wave-66416-0-2,test,z-wave,Classic
datasets/waterfall/z-wave/3f9887d692cc6d615778059079ed949e19df8f6df0e0c62ea2def97093ed935b.png,z-wave,synthetic,z-wave-44110-0-1,test,z-wave,Magma
datasets/waterfall/z-wave/dc8decf7875677479b50852734b0ab8d78b4d87ccc943aa499764f073f4ceb81.png,z-wave,synthetic,z-wave-87303-0-1,test,z-wave,Classic
datasets/waterfall/z-wave/7ea3d75f4d6d65e188154412c31280a0c9c05b35577523d9dd678893c7818b39.png,z-wave,synthetic,z-wave-44108-0-2,test,z-wave,Grey Scale
datasets/waterfall/z-wave/10414d6337a4d73b0d6ab6c8906c36ec2aa5bead692935470d96146ec0e34168.png,z-wave,real-old,legacy-z-wave-20x20,test,,
datasets/waterfall/z-wave/98088eb6e765d2f31b8b1e735a5777a662358e5bda027d0a897381c8bf45bf44.png,z-wave,synthetic,z-wave-94729-0-2,test,z-wave,Classic
datasets/waterfall/z-wave/df7ba743a050419607d01f99a6b3048044d1aace885106c7cecd0da40f9240d7.png,z-wave,synthetic,z-wave-83464-0-2,test,z-wave,Classic
datasets/waterfall/z-wave/de27dd6634de01b6643924b8c9e355a671ed82c6aafca64664252e9d7d057014.png,z-wave,synthetic,z-wave-94728-0-1,test,z-wave,Classic
datasets/waterfall/z-wave/feca674b56c646f26f4522787204b0ae8ce6f5e9879397a04d0dc4004658ae6d.png,z-wave,real-old,legacy-z-wave-20x20,test,,
datasets/waterfall/z-wave/60d9f98757e14aecb073e63e0ccbe2f435c69e37987b52e67d96bf11587094c4.png,z-wave,real-old,legacy-z-wave-8x16,test,,
datasets/waterfall/z-wave/9ffee281d3648e281c3bd42ce06f577de4c87bcb108d5a8f9cb6d73f62e6eeef.png,z-wave,synthetic,z-wave-44107-0-1,test,z-wave,GQRX
datasets/waterfall/z-wave/38ea74c17697d99d3d1ddcd0fc86c5fbb84782f99fbd7d0d5ac026916945e980.png,z-wave,real-old,legacy-z-wave-30x21,test,,
datasets/waterfall/z-wave/146db06ce4ea213e79fcb71099d89664129af11f6525db0673600a18a30bdb61.png,z-wave,real-old,legacy-z-wave-34x21,test,,
datasets/waterfall/z-wave/559294e50e4c1ed046e448c8920492144a2f615f30b4eb50a0b6d0784657080c.png,z-wave,synthetic,z-wave-1668-0-2,test,z-wave,Classic
datasets/waterfall/z-wave/a6060ff5295072e5263f87aeb1fe65ec48bf6eba29498f0bf681b7e8136a2a21.png,z-wave,synthetic,z-wave-1669-0-0,test,z-wave,Classic
datasets/waterfall/z-wave/7cdbea85838eb0c058106e13dde632924af90c6fc748c2a8bd8053190adb5367.png,z-wave,synthetic,z-wave-50343-0-0,test,z-wave,Vivid
datasets/waterfall/z-wave/20e98c5bc90d0c121ec80da5bb964f625c930114cc1c5d6762317d1537d88b42.png,z-wave,synthetic,z-wave-87303-0-2,test,z-wave,Classic
datasets/waterfall/z-wave/543e45b03b9196b9155352ff7c4eed3d970d4d9f0ff1c3283ccf964c4933d962.png,z-wave,synthetic,z-wave-73312-0-1,test,z-wave,Classic
datasets/waterfall/z-wave/5e4bac5e396dae6e78a151e8906dde11f693a7fb9dd48b6831a380e10180ad15.png,z-wave,synthetic,z-wave-87303-0-0,val,z-wave,Classic
datasets/waterfall/z-wave/e83833db4c471c4aada792cae8239511f5a1801d26a5e2c8a356e869203ee642.png,z-wave,synthetic,z-wave-83463-0-0,val,z-wave,Classic
datasets/waterfall/z-wave/b3b9d9afd9d188acdf533ad020bb16abd7eef519c1dc2ef7709c8fdf0b221bf3.png,z-wave,synthetic,z-wave-83463-0-2,val,z-wave,Classic
datasets/waterfall/z-wave/a5f0599ce636016dbbdb1a28adb65fae55096be5a3da3c343eb481ccd10f7bd0.png,z-wave,synthetic,z-wave-83463-0-1,val,z-wave,Classic
datasets/waterfall/z-wave/a7d6648af4f1746a5d583cd82d72a8e7cffa5aa98c281f622a07302f6f930d6b.png,z-wave,synthetic,z-wave-1668-0-1,val,z-wave,Classic
datasets/waterfall/z-wave/688fae09b485e586347c3ae311d5ce51ba485ccd7c59c33112cd0955082af4d5.png,z-wave,synthetic,z-wave-80172-0-2,val,z-wave,Classic
datasets/waterfall/z-wave/234ec6bc10a18e1ceb767a706835afd938f83167dbe33a9288f54c6df85a781b.png,z-wave,synthetic,z-wave-73310-0-2,val,z-wave,Classic
datasets/waterfall/z-wave/a4d9535d8f25c1ad4e4b541cfc5f5bc5fec5a8db8bb1984a36888bc8d625e961.png,z-wave,synthetic,z-wave-94729-0-1,val,z-wave,Classic
datasets/waterfall/z-wave/7d5f52973fe4fa180cdb54fb32a6a49384d875c8e2ae1f3bbab966fd003453d8.png,z-wave,real-old,legacy-z-wave-36x10,val,,
datasets/waterfall/z-wave/8f495fc4c9f525f5d1c1fa3982211943e6a32f438097ed105e267e639a5dcf5b.png,z-wave,synthetic,z-wave-1667-0-2,val,z-wave,Classic
datasets/waterfall/z-wave/44ddaaf2d7e5a2da06289141577c3d18324fe3c5fd57419b8b73e5ff01a98386.png,z-wave,synthetic,z-wave-1668-0-1,val,z-wave,Classic
datasets/waterfall/z-wave/b160a02bd46244a8f41060e2023bb5ff3655ee059f13c8984e2e365af2ad8f33.png,z-wave,real-old,legacy-z-wave-34x22,val,,
datasets/waterfall/z-wave/01e61a6d8124c679640e58bbacae2524bf39904398f0f348069e1e43e21ccc2d.png,z-wave,synthetic,z-wave-44108-0-1,val,z-wave,Grey Scale
datasets/waterfall/z-wave/be7580789300197b4870573efe8a032dd07e46e80a144701f2a21cba5e9db70c.png,z-wave,synthetic,z-wave-1670-0-0,val,z-wave,Classic
datasets/waterfall/z-wave/3ba069d683b9b84bd283c2b1a8e460ebfddc563ac96647ef003f8ea5e2fbd31f.png,z-wave,synthetic,z-wave-1669-0-1,val,z-wave,Classic
datasets/waterfall/z-wave/362f08ac4c8d896e00e9df4822eae837678dc0a535382fc44737888b32be47de.png,z-wave,synthetic,z-wave-73310-0-1,val,z-wave,Classic
datasets/waterfall/z-wave/ea9778a311806b00701afc20c099fdb7e5d9eab2ffffbfcad6ff6815bda023fe.png,z-wave,real-old,legacy-z-wave-13x16,val,,
datasets/waterfall/z-wave/70f61e01a4ac0d8e975b749354d85acab0da8a24377ef9004e4e183c31fcc1a2.png,z-wave,synthetic,z-wave-94729-0-0,val,z-wave,Classic
datasets/waterfall/z-wave/cb870ff9469920d0d92063fe9828df7407be64a50ad5c1324ba55a76b5ee7a77.png,z-wave,synthetic,z-wave-80172-0-0,val,z-wave,Classic
datasets/waterfall/z-wave/4838e18fec294e9a30a74b066e1dbb34a03305baa4128c011b2f5e3d846335ea.png,z-wave,synthetic,z-wave-50343-0-1,val,z-wave,Vivid
datasets/waterfall/z-wave/94d970b389a576503eec029f096441f935e3313947ef64326d4f532aec6d628c.png,z-wave,real-old,legacy-z-wave-31x15,val,,
datasets/waterfall/z-wave/8b99c4f268fac081cebee4652f8bdce9d11bedcdb734f595b601469fd55a97ef.png,z-wave,synthetic,z-wave-73310-0-2,val,z-wave,Classic
datasets/waterfall/z-wave/6c23c87ff7470e9ae07c3b023bc558545125d0130231e7bb03e5f77219f21f41.png,z-wave,synthetic,z-wave-1669-0-1,val,z-wave,Classic
datasets/waterfall/z-wave/853f807b431a34501736a1614e2867f3a4906151057b1bb0d9ecc6009c01ac6d.png,z-wave,real-old,legacy-z-wave-31x15,val,,
datasets/waterfall/z-wave/bc0c3c52bbd46df52e55d9f3b640016b25a912fee9f0a65c885a9d186ebbf665.png,z-wave,synthetic,z-wave-301-0-0,val,z-wave,Classic
datasets/waterfall/z-wave/b26a6a3a6225fd443c58f1b8905e3d68c1fa356743a83276d3cf7dc084f1fe1a.png,z-wave,real-old,legacy-z-wave-31x15,train,,
datasets/waterfall/z-wave/7b73025af1add4d661947d0386e36aa11d4a13288dc3e477df790125cd900045.png,z-wave,real-old,legacy-z-wave-28x22,train,,
datasets/waterfall/z-wave/66564bb47b64404831608b0eef5106c3973fd7695852ff3f74ba7e3159c3e311.png,z-wave,synthetic,z-wave-44108-0-0,train,z-wave,Grey Scale
datasets/waterfall/z-wave/bf5921ae8ba2228c6c3b957815dfc623c46f31c38eb1a7356c3de5e515e5b948.png,z-wave,synthetic,z-wave-94729-0-2,train,z-wave,Classic
datasets/waterfall/z-wave/22600dda156f2457b7410e681dd7f44fc6e04e691c55549cbbb068837b069402.png,z-wave,synthetic,z-wave-94730-0-0,train,z-wave,Classic
datasets/waterfall/z-wave/2c16ec96e90f6853d9fe33cbd5c8ea59f58b88d5d7293c2b8e5ff5aea0120ff5.png,z-wave,synthetic,z-wave-66417-0-0,train,z-wave,Classic
datasets/waterfall/z-wave/46a134a68af5cca012a3b6171f51ef7d91d951a0578727647300c33e51e7d1d2.png,z-wave,real-old,legacy-z-wave-34x22,train,,
datasets/waterfall/z-wave/8a152702601aeac55c57d1e1e72d351ed25c8017d1be339384805dd1dfc146d3.png,z-wave,synthetic,z-wave-1668-0-2,train,z-wave,Classic
datasets/waterfall/z-wave/5108d0aca8253a5781e66819acc8e438e43107b30089b106a7dc8fe3d04570b3.png,z-wave,synthetic,z-wave-1669-0-0,train,z-wave,Classic
datasets/waterfall/z-wave/e631bb4a74e1ddf5ab2bfee66176ddc5ffd0f4cdf8c18840372f6645df4b7b37.png,z-wave,real-old,legacy-z-wave-31x15,train,,
datasets/waterfall/z-wave/c74936047002b155eb382d4636e15c028c496cf4bb03cc48509152e57bf2436f.png,z-wave,synthetic,z-wave-87305-0-0,train,z-wave,Classic
datasets/waterfall/z-wave/f8f80643c4e7fa57aad4779e78f7356e60df5166ccfe5a2162aeb7e3d49e833d.png,z-wave,synthetic,z-wave-94728-0-2,train,z-wave,Classic
datasets/waterfall/z-wave/ec51c539fc7900348eb71c24ae568bc0ced69027bd67bd0d9a08258eadf39b96.png,z-wave,synthetic,z-wave-83464-0-1,train,z-wave,Classic
datasets/waterfall/z-wave/9310ccf6d7a443dbed923f48fb031f6d87f8475bce6dd61f776871f0c65b1978.png,z-wave,synthetic,z-wave-80172-0-1,train,z-wave,Classic
datasets/waterfall/z-wave/f6a83156793ce02b19fb67c4f26393f432713e3aa2a25e4445cbb8549b5fd5d8.png,z-wave,synthetic,z-wave-1670-0-1,train,z-wave,Classic
datasets/waterfall/z-wave/6e14bad808da228b217856a9a1ac81cb98c6382fec9dc3d31507e980f9c59e7c.png,z-wave,synthetic,z-wave-1670-0-2,train,z-wave,Classic
datasets/waterfall/z-wave/fffd129839a39f6b147a1245d870b8aff25dd558f55401b5133613bac3418ba2.png,z-wave,synthetic,z-wave-44111-0-2,train,z-wave,Plasma
datasets/waterfall/z-wave/00b07fef493a4df723b004beb417f69c79fe06995ae6b2dfcd7da3766fe89c75.png,z-wave,synthetic,z-wave-1667-0-2,train,z-wave,Classic
datasets/waterfall/z-wave/afe7d6626260b592cd8938aabbcf5f5a15fa2c2a96e0c19302859cc5d179a14b.png,z-wave,synthetic,z-wave-44110-0-2,train,z-wave,Magma
datasets/waterfall/z-wave/9d7a5b1cd4e5cae7945623a0b94305f455c7ec9485554e7dce3703771c18bca7.png,z-wave,real-old,legacy-z-wave-31x15,train,,
datasets/waterfall/z-wave/0fe1519c4193af06d2edc36a3bf73599e429963b6d6f15fd91219d18da45b3a5.png,z-wave,synthetic,z-wave-94728-0-1,train,z-wave,Classic
datasets/waterfall/z-wave/e086995f82610a485f5c7ee92770a86aa9726723fa593adf86ed8a827ee6c0dd.png,z-wave,synthetic,z-wave-83463-0-1,train,z-wave,Classic
datasets/waterfall/z-wave/b81f3e0ab22fcaf8b6379d800c8a6968b9efce108f134c197d7f3dfcc6420290.png,z-wave,synthetic,z-wave-94728-0-0,train,z-wave,Classic
datasets/waterfall/z-wave/b0a29254a0b73210f90abc4b5d2574a83c21db8ca05800db8302fb7f8978b83c.png,z-wave,synthetic,z-wave-1667-0-1,train,z-wave,Classic
datasets/waterfall/z-wave/7aa40dba7a9b40828d73db59b96d757d1b6d6c57cbcbbbf4322edcd14177ef27.png,z-wave,synthetic,z-wave-73310-0-0,train,z-wave,Classic
datasets/waterfall/z-wave/c4eef11edd6c76f1b3ef5f34f27a132f904fb7e9c7d0ef7ef313add3f3406352.png,z-wave,synthetic,z-wave-80172-0-1,train,z-wave,Classic
datasets/waterfall/z-wave/f2a097fc2e86eebe4425a36467503322cb86477d4f0c357a3216a2a2ecec682f.png,z-wave,synthetic,z-wave-87303-0-2,train,z-wave,Classic
datasets/waterfall/z-wave/b961105d5e1811e9dcaa93a6bcdeba00744decd480175783315bb5824eb7eba3.png,z-wave,synthetic,z-wave-1670-0-2,train,z-wave,Classic
datasets/waterfall/z-wave/19a0c1db20ce1e0c770c979802e956a032162a9d80f025ca0304dc3dfa381f25.png,z-wave,real-old,legacy-z-wave-34x20,train,,
datasets/waterfall/z-wave/de7cbaf74fbb9ea07c7c3a7e79c4f1948d29a15ff1553943676bf62050dd4421.png,z-wave,synthetic,z-wave-94729-0-0,train,z-wave,Classic
datasets/waterfall/z-wave/c78b017f3b11f62d69c83a5998b948e748a7d3e89296e8e64ad634307542cb2f.png,z-wave,synthetic,z-wave-44111-0-0,train,z-wave,Plasma
datasets/waterfall/z-wave/19e94c0a886d2934147bfe79724874b0e7915faf6b2faf100a743f1a789f5968.png,z-wave,real-old,legacy-z-wave-22x23,train,,
datasets/waterfall/z-wave/a1861e0b5b5b6edb7b3148f256f7a3f487b148e620dafedcb2230f7a40a946b7.png,z-wave,synthetic,z-wave-94730-0-1,train,z-wave,Classic
datasets/waterfall/z-wave/7c287b2942fe6e663fa5f6c4bd82408d9525103fb1c83171df4dcec0c7749348.png,z-wave,synthetic,z-wave-44109-0-1,train,z-wave,Inferno
datasets/waterfall/z-wave/4ddb05e6e362cee16e662131aaa74669885a7d483cdff789a7bf8c46797e0809.png,z-wave,real-old,legacy-z-wave-31x15,train,,
datasets/waterfall/z-wave/866a18a6d8e6c5367d2c635b7b4f646e4bebebeebc52af960ef02da132826629.png,z-wave,synthetic,z-wave-50345-0-0,train,z-wave,Classic Green
datasets/waterfall/z-wave/aa592352d120d82a3aa8e46d86e05832fdfe00163331cc61bee96f99baf209e2.png,z-wave,synthetic,z-wave-1669-0-2,train,z-wave,Classic
datasets/waterfall/z-wave/8ef0a09296c2feeb9bb2b60c759814d6cbf7692dc6aa619f5f7ddcf1b20dce37.png,z-wave,real-old,legacy-z-wave-31x22,train,,
datasets/waterfall/z-wave/9480d47a9da8f6d4cd8814f2cd29578e0530f9d507a2b104adc1df4fde7ab763.png,z-wave,real-old,legacy-z-wave-29x20,train,,
datasets/waterfall/z-wave/a1a14ac3bba1e99385efdcb9a0dbaa89a2ef9d9c1fdf4d52d4a2592f52fffbf0.png,z-wave,synthetic,z-wave-1670-0-0,train,z-wave,Classic
datasets/waterfall/z-wave/2f7f541b254b1736040285cf18d33f970ed7ae92a209d7bbf7463cc67ee30676.png,z-wave,synthetic,z-wave-1668-0-0,train,z-wave,Classic
datasets/waterfall/z-wave/387d941f3c529ef4f99e96a06f629f48fe3ee264c883720fe92a7e01a63b7e36.png,z-wave,synthetic,z-wave-1669-0-2,train,z-wave,Classic
datasets/waterfall/z-wave/20d52bb9ffc2a2a3434b5822607b80dd3b883ea05da7901d8368763cb1ce0e06.png,z-wave,synthetic,z-wave-80172-0-2,train,z-wave,Classic
datasets/waterfall/z-wave/d2567bf2d862d13ea044b9e70fce93acd68d2253b617b56333558e0efbfb565e.png,z-wave,real-old,legacy-z-wave-31x15,train,,
datasets/waterfall/z-wave/6e08c2240fd46ca693aeeca4f5163727298551f39651b4a0015cfdae3418ceae.png,z-wave,synthetic,z-wave-66416-0-1,train,z-wave,Classic
datasets/waterfall/z-wave/2d6a1a82142cd3e1665848800c1bd596075ca6047faf19cff469d3e461c320ea.png,z-wave,real-old,legacy-z-wave-32x22,train,,
datasets/waterfall/z-wave/7e1fdf8f0264941d43e4211f790a59947af342eaca8820263584484d8ac0cf94.png,z-wave,real-old,legacy-z-wave-17x15,train,,
datasets/waterfall/z-wave/39996be048e939f80a4e149cab6e863bb596d523799f00526ee8ca0a778ce656.png,z-wave,real-old,legacy-z-wave-41x23,train,,
datasets/waterfall/z-wave/1ba4a97c3d816e7fe44e5b1ada9c65f1fe63614ee6f8f3e04f5a8c03619f852b.png,z-wave,real-old,legacy-z-wave-31x15,train,,
datasets/waterfall/z-wave/a307fb0640a99595f2b27a6100ffc875b59c144e514703be3058ac2175a1966d.png,z-wave,synthetic,z-wave-94729-0-1,train,z-wave,Classic
datasets/waterfall/z-wave/2815585321920b3e985df0a6aadb188b35a0b7caf114471a971ccc9c28fc491e.png,z-wave,synthetic,z-wave-50344-0-0,train,z-wave,WebSDR
datasets/waterfall/z-wave/f4e94f37167238442ee428ce02b140cf5c20c931d315d59f4559d950c7bc33a3.png,z-wave,synthetic,z-wave-1667-0-1,train,z-wave,Classic
datasets/waterfall/z-wave/af9e5b304b3b38e0f2715de571c07911ae4688259790eab3b0901720a7f1af7d.png,z-wave,real-old,legacy-z-wave-7x15,train,,
datasets/waterfall/z-wave/3661ee5559788f3d566d5b188036bd9ae8e21c5f946b2c8211fc4ccf8009b36f.png,z-wave,real-old,legacy-z-wave-9x16,train,,
datasets/waterfall/z-wave/a1c4b8dcc34140600559552561a28d30ae98977ee881f0783d75fb77f6c4d881.png,z-wave,synthetic,z-wave-83464-0-0,train,z-wave,Classic
datasets/waterfall/z-wave/95d29c4ee86e7070e7de967195ab223a274b23a934b31b2f8fbde08556c73f31.png,z-wave,synthetic,z-wave-94730-0-2,train,z-wave,Classic
datasets/waterfall/z-wave/b9baa49fb22b09deecc371c22ab7b336ad450c1799472ad4d6f733b836326f1f.png,z-wave,synthetic,z-wave-44107-0-2,train,z-wave,GQRX
datasets/waterfall/z-wave/a7449e69e180b703757176d7aeea0c904d04a28d12f0debb78da5500d3265057.png,z-wave,synthetic,z-wave-50344-0-2,train,z-wave,WebSDR
datasets/waterfall/z-wave/dd5726738078ff1f810e5d3c8480664b3fc9b1a7e7ce87dc09a32e288efc83ce.png,z-wave,synthetic,z-wave-87304-0-1,train,z-wave,Classic
datasets/waterfall/z-wave/6a165655f8902065dd626db6df41f8569222842f25c7a3fdcf715fd5c77ac2a8.png,z-wave,synthetic,z-wave-44110-0-0,train,z-wave,Magma
datasets/waterfall/z-wave/f87d4ae9d3ce58a9d197564eb7e947b50d671205e75b14e4cc0b06b413159d13.png,z-wave,synthetic,z-wave-83464-0-2,train,z-wave,Classic
datasets/waterfall/z-wave/a0ed8f267b859fc17f9cae7ddd314855199eb45fbf0a77e2ecc8425007695090.png,z-wave,synthetic,z-wave-1667-0-0,train,z-wave,Classic
datasets/waterfall/z-wave/9c417b5bd62ff41aa48de64682a20245a5d4b80915167d4b69f118de48afff6e.png,z-wave,real-old,legacy-z-wave-31x15,train,,
datasets/waterfall/z-wave/ad9d1571194858a65205974300a24306d195db53d6e08b78d28d5cdbfe461002.png,z-wave,real-old,legacy-z-wave-14x15,train,,
datasets/waterfall/z-wave/b156c1ff22f5f8f54b04fc8943c7ae6e3f83244cdd6aa0671cca9b02c653c6f1.png,z-wave,real-old,legacy-z-wave-28x22,train,,
datasets/waterfall/z-wave/07396a2c2baa7274e126671223b645f207af23cd05399a211c0c540d09f8e3c7.png,z-wave,synthetic,z-wave-73312-0-2,train,z-wave,Classic
datasets/waterfall/z-wave/d9a8a07695591adbf12f6057eceef24231d4689c345f1c142b698bffad452b2a.png,z-wave,synthetic,z-wave-87303-0-1,train,z-wave,Classic
datasets/waterfall/z-wave/7e5b1e74b05856d88b23be39be1f5605b1d4e2e069a90df40032be4da47cb8b5.png,z-wave,real-old,legacy-z-wave-26x22,train,,
datasets/waterfall/z-wave/22083e70dd63de09865f8c24526974034f211b47cd5759727bb79c02358dc162.png,z-wave,real-old,legacy-z-wave-18x22,train,,
datasets/waterfall/z-wave/cde7dbf198809892dd8f2a6cf3816601b3ef56acf8a6f76c42cab57ee387cd13.png,z-wave,synthetic,z-wave-87304-0-1,train,z-wave,Classic
datasets/waterfall/z-wave/a8954dea5d4b5833396de565c688d68c3c1ac467eacf35855b346adabbd5af2e.png,z-wave,synthetic,z-wave-94730-0-0,train,z-wave,Classic
datasets/waterfall/z-wave/27e63f6d7eee5b68944c19d074c3b62048877622f4394a27c64814feedc2d0b6.png,z-wave,synthetic,z-wave-87305-0-0,train,z-wave,Classic
datasets/waterfall/z-wave/178454f82c8f968831f769a58333809843a3fb2be24d3137061d5fedd97e254e.png,z-wave,synthetic,z-wave-66417-0-2,train,z-wave,Classic
datasets/waterfall/z-wave/0a231cc67decbf35c56c408be536aea468865dcea33dc36f968041ff33b48518.png,z-wave,real-old,legacy-z-wave-32x22,train,,
datasets/waterfall/z-wave/92c0102a6aa571a97b8420e0fadae0938f3496db3789f0d39289ce3d9336463c.png,z-wave,synthetic,z-wave-66417-0-2,train,z-wave,Classic
datasets/waterfall/z-wave/b23568fb7d01df1a2fa1f36658a3fab90c17613008697399bd7ae7102783f188.png,z-wave,synthetic,z-wave-87305-0-1,train,z-wave,Classic
datasets/waterfall/z-wave/1b08c848cf6aab3eca08b9f69bb905930b861f7f92a19a132d2e703ad46a9add.png,z-wave,real-old,legacy-z-wave-32x22,train,,
datasets/waterfall/z-wave/03a2e7304418c21b2a6574dc37e1075f146f222ff5c7baf33a6539ede32f9d3b.png,z-wave,synthetic,z-wave-83463-0-0,train,z-wave,Classic
datasets/waterfall/z-wave/830029a4b892783e4ccddc08496fdca3fccce4e7faab314203eec20c3bd7f534.png,z-wave,synthetic,z-wave-87304-0-0,train,z-wave,Classic
datasets/waterfall/z-wave/4b3046d98c80cec8975a5f70693dc23e6cef5cf760fb675d81e99ed75e03648a.png,z-wave,synthetic,z-wave-73312-0-1,train,z-wave,Classic
datasets/waterfall/z-wave/5214281ca8e9231773297e66e1e92e03623e90bda23d2e89557b4522af102088.png,z-wave,real-old,legacy-z-wave-31x15,train,,
datasets/waterfall/z-wave/8bda3d585bff62010f97d83fab50db52fa6359916e3757e7d11fa17f186d26cf.png,z-wave,real-old,legacy-z-wave-32x22,train,,
datasets/waterfall/z-wave/23edeeab44045deadabf7405121fcffb7c5c710545636ade463fe5df5ae1de79.png,z-wave,real-old,legacy-z-wave-6x16,train,,
datasets/waterfall/z-wave/1173f044fbc814bb5754f9f06b2d57353aa5f2f619bd56a0f6df4516cf1e0f24.png,z-wave,real-old,legacy-z-wave-24x23,train,,
datasets/waterfall/z-wave/585746c8dfae7edbf66dfdee0bb56ba6110777b819da487432ad6d07f81e03c5.png,z-wave,synthetic,z-wave-44109-0-2,train,z-wave,Inferno
datasets/waterfall/z-wave/a46bee713384401eddfcdfa3c9c1cce25f1ee7468d8e41145210f6a9ea0b21eb.png,z-wave,real-old,legacy-z-wave-22x13,train,,
datasets/waterfall/z-wave/c531c1f58c3ac6646c75be2d7dc343972192818911c59923ec4fbd4d4f5c6d1c.png,z-wave,real-old,legacy-z-wave-29x14,train,,
datasets/waterfall/z-wave/fc3d29fcddcf2c39e036f37dd9edb2cab1cdcbe25ecfb46e89d0102059e591ed.png,z-wave,real-old,legacy-z-wave-10x20,train,,
datasets/waterfall/z-wave/791816a1642b74a22c96ecbb4277ef4f7b1131da9f17d6a0bc574d45c452dbb6.png,z-wave,real-old,legacy-z-wave-9x15,train,,
datasets/waterfall/z-wave/d71adbde24d6fc72c037e458dc7613f9a5aad4eb11829472629dd5fd42134e6f.png,z-wave,synthetic,z-wave-73310-0-0,train,z-wave,Classic
datasets/waterfall/z-wave/01506b75bb609f5522d34ca479833b228f2c32e1f17e23da354e6691fc140731.png,z-wave,real-old,legacy-z-wave-26x22,train,,
datasets/waterfall/z-wave/446399b05e7db12cfef798e980cc1ea94e0b87dde092af3debee05a5d1c5075b.png,z-wave,synthetic,z-wave-1670-0-1,train,z-wave,Classic
datasets/waterfall/z-wave/3f4ce165b65b45ca3ad707ac1ff0523ea2b5099bc610750416c3a42d2a878987.png,z-wave,real-old,legacy-z-wave-13x16,train,,
datasets/waterfall/z-wave/314983775ee3fe6aa3a1df5184c982c55180e10b18fe9ef4f85d3492ff12665a.png,z-wave,real-old,legacy-z-wave-25x22,train,,
datasets/waterfall/z-wave/fe1c08d7787a117db3f1636d4a9a115783baab63174b646d362a8fdfb768d26d.png,z-wave,synthetic,z-wave-66416-0-0,train,z-wave,Classic
datasets/waterfall/z-wave/2517089d6798563df7c78d3a539a033cdfc07b558b1198bef19e2da77ed258e7.png,z-wave,synthetic,z-wave-73312-0-0,train,z-wave,Classic
datasets/waterfall/z-wave/6e39ee7122beb1df6f172da3fde6c6b80cb2ae017332907fd9cc5b02aaf1efb4.png,z-wave,synthetic,z-wave-73312-0-0,train,z-wave,Classic
datasets/waterfall/z-wave/e859ba122d86e9b77dd60d1a6b60cae265034bf53a392cf55ef75baaacdfb257.png,z-wave,synthetic,z-wave-87305-0-1,train,z-wave,Classic
datasets/waterfall/z-wave/1c057dce330b099ef3d5874722767e1643ed136c9224ff68d064162c2d97c8f0.png,z-wave,synthetic,z-wave-94730-0-2,train,z-wave,Classic
datasets/waterfall/z-wave/f65b000cfeb899a2f0760e33b4218a861befd1731414e8fabcfe652813258949.png,z-wave,synthetic,z-wave-1668-0-0,train,z-wave,Classic
datasets/waterfall/z-wave/e2d75724d1b1471babfdb2936dd2b060913fd490dbaec44c3670dc2863a8809c.png,z-wave,real-old,legacy-z-wave-28x22,train,,
datasets/waterfall/z-wave/9798f734d8a45f17ee3c579d13d2e3dd7d29830af28862716c30528ad029b541.png,z-wave,real-old,legacy-z-wave-23x22,train,,
datasets/waterfall/z-wave/0018d0e9f36f421991ce80ae632d7e2df0fdc32f782a7f0e8b452d1917b87f80.png,z-wave,real-old,legacy-z-wave-19x15,train,,
datasets/waterfall/z-wave/be7916581af2c5cae6a4a6f5f96de7d3a4028a6e671d8a81c6d825bed4882a96.png,z-wave,synthetic,z-wave-94730-0-1,train,z-wave,Classic
datasets/waterfall/z-wave/58831b87ccfec9bb7b3826f6958b055c5e44d61995484618f561441109c8e32d.png,z-wave,real-old,legacy-z-wave-36x12,train,,
datasets/waterfall/z-wave/155d3fddd976ad1f17c267511d5121f6370abecd77c993797887c912bccdcb01.png,z-wave,synthetic,z-wave-44109-0-0,train,z-wave,Inferno
datasets/waterfall/z-wave/d631929eb838de5c6a155b79e88643f26c81c19de6417d8e3c212dd4e1d4691d.png,z-wave,real-old,legacy-z-wave-16x15,train,,
datasets/waterfall/z-wave/9c9f3a343be372f544220702f918a4aa45d69eeb63f02d55a3e4ee94ef83c787.png,z-wave,real-old,legacy-z-wave-24x22,train,,
datasets/waterfall/z-wave/9eb517aae87a4d7ee724145d29703c8091e195bd0f963eb15e7abebc192ed736.png,z-wave,synthetic,z-wave-44111-0-1,train,z-wave,Plasma
datasets/waterfall/z-wave/709e88cf478f0b6d2d7c3420d930864d3df2f5b6c01e9dbfc408966529e7b8cf.png,z-wave,real-old,legacy-z-wave-15x10,train,,
datasets/waterfall/z-wave/cb3bd0b2c622b6393482868be0a5262cd53b8893143fcad693e7e021df236030.png,z-wave,synthetic,z-wave-87303-0-0,train,z-wave,Classic
datasets/waterfall/z-wave/d21faf81db1c14b7e809ac4b88b18688f80e1a881439252bb72d30fe384aa634.png,z-wave,real-old,legacy-z-wave-11x7,train,,
datasets/waterfall/z-wave/c523594521bff3d6442ef12aaa9d9539a6f24e18c1626d361871ce30668593aa.png,z-wave,real-old,legacy-z-wave-10x16,train,,
datasets/waterfall/z-wave/67eb63221af55f8cd63976cb8a8b1d63ef2884f8e40872f46ae2f1ae174e8a97.png,z-wave,synthetic,z-wave-87304-0-2,train,z-wave,Classic
datasets/waterfall/z-wave/38c8e7426117c82f511a2ba708d303e56ca6d0d49dff26f24c2b2695bf74301c.png,z-wave,synthetic,z-wave-73310-0-1,train,z-wave,Classic
datasets/waterfall/z-wave/0e254d247324739da49f577e539aa0ee79ad1ae6f2ffd3004906a6d4b8dc840a.png,z-wave,synthetic,z-wave-83464-0-1,train,z-wave,Classic
datasets/waterfall/z-wave/152cd43df79c0e748edf016e475b9a3dcfc090848b231093f1b363649f01a33a.png,z-wave,real-old,legacy-z-wave-28x15,train,,
datasets/waterfall/z-wave/d49ea70d0283a85a0f3e04d121c4c2a32613eedcf21f0209327d07d536dbe108.png,z-wave,synthetic,z-wave-73312-0-2,train,z-wave,Classic
datasets/waterfall/z-wave/d32532099689da57ad4e0c79262f560b6bdce269be2f9502113d5bfbd345b1bc.png,z-wave,real-old,legacy-z-wave-13x16,train,,
